-- phpMyAdmin SQL Dump
-- version 4.9.0.1
-- https://www.phpmyadmin.net/
--
-- Host: sql203.byetcluster.com
-- Generation Time: Jun 24, 2023 at 07:32 PM
-- Server version: 10.4.17-MariaDB
-- PHP Version: 7.2.22

SET SQL_MODE = "NO_AUTO_VALUE_ON_ZERO";
SET AUTOCOMMIT = 0;
START TRANSACTION;
SET time_zone = "+00:00";


/*!40101 SET @OLD_CHARACTER_SET_CLIENT=@@CHARACTER_SET_CLIENT */;
/*!40101 SET @OLD_CHARACTER_SET_RESULTS=@@CHARACTER_SET_RESULTS */;
/*!40101 SET @OLD_COLLATION_CONNECTION=@@COLLATION_CONNECTION */;
/*!40101 SET NAMES utf8mb4 */;

--
-- Database: `b12_27296394_cmyces`
--

-- --------------------------------------------------------

--
-- Table structure for table `academic_year`
--

CREATE TABLE `academic_year` (
  `academic_id` varchar(10) NOT NULL,
  `academic_year_from` int(4) NOT NULL,
  `academic_year_to` int(4) NOT NULL,
  `academic_term` text NOT NULL,
  `academic_status` int(1) NOT NULL
) ENGINE=InnoDB DEFAULT CHARSET=utf8;

--
-- Dumping data for table `academic_year`
--

INSERT INTO `academic_year` (`academic_id`, `academic_year_from`, `academic_year_to`, `academic_term`, `academic_status`) VALUES
('155255', 2020, 2021, '2nd Semester', 0),
('246266', 2020, 2021, '1st Semester', 0),
('258362', 2026, 2027, '1st Semester', 0),
('295139', 2019, 2020, '1st Semester', 0),
('339936', 2018, 2019, '1st Semester', 1),
('412123', 2023, 2024, '1st Semester', 2),
('454607', 2023, 2024, '2nd Semester', 2),
('511667', 2021, 2022, '1st Semester', 2),
('568956', 2018, 2019, '2nd Semester', 0),
('715338', 2022, 2023, '1st Semester', 2),
('747745', 2021, 2022, '2nd Semester', 2),
('835121', 2019, 2020, '2nd Semester', 0),
('907046', 2022, 2023, '2nd Semester', 2);

-- --------------------------------------------------------

--
-- Table structure for table `announcements`
--

CREATE TABLE `announcements` (
  `announcement_id` int(10) NOT NULL,
  `announcement` text NOT NULL,
  `link` text NOT NULL,
  `date_posted` date NOT NULL,
  `time_posted` time NOT NULL,
  `announcement_status` int(1) NOT NULL
) ENGINE=InnoDB DEFAULT CHARSET=utf8;

--
-- Dumping data for table `announcements`
--

INSERT INTO `announcements` (`announcement_id`, `announcement`, `link`, `date_posted`, `time_posted`, `announcement_status`) VALUES
(237611210, 'Good day, Graduating students, you are all invited to JOIN the Converge’s Career Talk on December 3, 2:00 - 3:30 PM. Here is the registration link: https://tinyurl.com/y8b263wn', '', '2021-12-02', '10:05:41', 1),
(621580098, 'Goooooooooooood morning, Warriors! That get-ready-for-the-day call is heard each morning by 850 students at Catholic Ming yuan college. The familiar intercom announcement, a reference to the school\'s mascot, is echoed each day by principal Marie Kostick as she psyches up -- and wakes up! -- her charges.', 'google.com', '2022-01-26', '18:04:41', 1),
(834584991, 'ATTENTION!! \n\nFirst year, transferees, returnee and old students with NO ID and NO ID RELEASED is open now for batch 5. \n\nPlease follow the sintructions below and submit all the data required.\n', '', '2022-01-04', '12:36:02', 1),
(892162123, 'Please be advised that the university is closed on NOVEMBER 30, 2021, TUESDAY in commemoration of Andres Bonifacio Day. Please be guided accordingly', '', '2021-11-30', '14:51:01', 1);

-- --------------------------------------------------------

--
-- Table structure for table `faculty_account`
--

CREATE TABLE `faculty_account` (
  `account_user_id` varchar(50) NOT NULL,
  `account_firstname` varchar(50) NOT NULL,
  `account_lastname` varchar(50) NOT NULL,
  `account_password` varchar(50) NOT NULL,
  `account_position` varchar(50) NOT NULL,
  `account_status` varchar(5) NOT NULL
) ENGINE=InnoDB DEFAULT CHARSET=utf8mb4;

--
-- Dumping data for table `faculty_account`
--

INSERT INTO `faculty_account` (`account_user_id`, `account_firstname`, `account_lastname`, `account_password`, `account_position`, `account_status`) VALUES
('07-2022-153', 'Bella', 'Ramos', 'cmyces1', 'Teacher', '1'),
('07-2022-179', 'Kendall', 'Delgado', 'cmyces1', 'Teacher', '1'),
('07-2022-210', 'Jamiya', 'Hogan', 'cmyces1', 'Teacher', '1'),
('07-2022-235', 'Laila ', 'Perkins', 'cmyces1', 'Teacher', '1'),
('07-2022-289', 'Richard', 'Rhodes', 'cmyces1', 'Teacher', '1'),
('07-2022-292', 'Sanaa', 'Tucker', 'cmyces1', 'Teacher', '1'),
('07-2022-299', 'Sasha', 'Zimmerman', 'cmyces1', 'Teacher', '1'),
('07-2022-302', 'Elyse', 'Oconnor', 'cmyces1', 'Teacher', '1'),
('07-2022-309', 'Ace', 'Craig', 'cmyces1', 'Teacher', '1'),
('07-2022-315', 'Nylah', 'Knapp', 'cmyces1', 'Teacher', '1'),
('07-2022-402', 'Nikhil', 'Edwards', 'cmyces1', 'Teacher', '1'),
('10-2022-292', 'Leni', 'Marcos', 'admin123', 'System Admin', '1'),
('11-2022-238', 'Donna', 'Gomez', 'admin123', 'System Admin', '1'),
('16-2022-195', 'Donna', 'Belle', 'cmyces', 'System Admin', '1'),
('16-2022-399', 'Ronnie', 'Standfield', 'cmyces1', 'Teacher', '1'),
('16-2022-464', 'Tony', 'Parker', 'cmyces1', 'Registrar', '1'),
('20-2022-127', 'Tony', 'Stark', 'cmyces', 'System Admin', '1'),
('22-2021-123', 'Baby', 'Kooken', 'cmyces1', 'Teacher', '1'),
('22-2021-124', 'Sharon', 'Cuneta', 'cuneta', 'Teacher', '1'),
('22-2021-138', 'Rhyan', 'De Loyola', 'ryan12', 'Teacher', '1'),
('22-2021-269', 'Sam', 'Banihit', 'rojj1234', 'System Admin', '1'),
('22-2021-355', 'Samson', 'Banihit', 'registrar1', 'Registrar', '1'),
('22-2022-307', 'Nicole', 'Guniabo', 'cmyces', 'System Admin', '1'),
('24-2022-330', 'Rojjy', 'Dedoyco', 'cmyces1', 'System Admin', '1'),
('28-2021-147', 'Winna', 'Bucao', 'bucao', 'Teacher', '1'),
('28-2021-164', 'Nahdem', 'Columida', 'cmyces1', 'Teacher', '1'),
('28-2021-207', 'Ariel', 'Sumagaysay', 'ariel', 'Teacher', '1'),
('28-2021-254', 'May', 'Cuaycong', 'cmyces1', 'Teacher', '1'),
('28-2021-459', 'Orville', 'Balangue', 'cmyces1', 'Teacher', '1'),
('28-2021-483', 'Juvani', 'Delos Santos', 'cmyces1', 'Teacher', '1');

-- --------------------------------------------------------

--
-- Table structure for table `grades_report`
--

CREATE TABLE `grades_report` (
  `grades_report_id` int(50) NOT NULL,
  `student_id` varchar(15) NOT NULL,
  `enrollment_id` varchar(10) NOT NULL,
  `academic_id` varchar(10) NOT NULL,
  `program_id` varchar(10) NOT NULL,
  `subject_id` varchar(10) NOT NULL,
  `grades_section` varchar(5) NOT NULL,
  `grades_course` varchar(10) NOT NULL,
  `grades_year` varchar(50) NOT NULL,
  `prelim` float NOT NULL,
  `midterm` float NOT NULL,
  `final` float NOT NULL,
  `average` float NOT NULL,
  `remarks` varchar(50) NOT NULL
) ENGINE=InnoDB DEFAULT CHARSET=utf8;

--
-- Dumping data for table `grades_report`
--

INSERT INTO `grades_report` (`grades_report_id`, `student_id`, `enrollment_id`, `academic_id`, `program_id`, `subject_id`, `grades_section`, `grades_course`, `grades_year`, `prelim`, `midterm`, `final`, `average`, `remarks`) VALUES
(390, '30-2021-308', '226582', '339936', '548953', '485882', 'B', '548953', '1', 90, 90, 90, 90, 'PASSED'),
(391, '30-2021-308', '226582', '339936', '548953', '600550', 'B', '548953', '1', 88, 89, 90, 89, 'PASSED'),
(392, '30-2021-308', '226582', '339936', '548953', '610492', 'B', '548953', '1', 89, 90, 89, 89, 'PASSED'),
(393, '30-2021-308', '226582', '339936', '548953', '700885', 'B', '548953', '1', 86, 88, 90, 88, 'PASSED'),
(394, '30-2021-308', '226582', '339936', '548953', '834165', 'B', '548953', '1', 90, 90, 90, 90, 'PASSED'),
(395, '30-2021-308', '226582', '339936', '548953', '855295', 'B', '548953', '1', 90, 90, 0, 54, 'UNDEFINED'),
(396, '30-2021-308', '226582', '339936', '548953', '933924', 'B', '548953', '1', 90, 90, 90, 90, 'PASSED'),
(397, '30-2021-308', '226582', '339936', '548953', '948667', 'B', '548953', '1', 90, 90, 90, 90, 'PASSED'),
(398, '29-2021-440', '451501', '339936', '548953', '282576', 'B', '548953', '1', 89, 88, 89, 89, 'PASSED'),
(399, '29-2021-440', '451501', '339936', '548953', '485882', 'B', '548953', '1', 90, 90, 90, 90, 'PASSED'),
(400, '29-2021-440', '451501', '339936', '548953', '600550', 'B', '548953', '1', 89, 88, 90, 89, 'PASSED'),
(401, '29-2021-440', '451501', '339936', '548953', '610492', 'B', '548953', '1', 89, 90, 89, 89, 'PASSED'),
(402, '29-2021-440', '451501', '339936', '548953', '700885', 'B', '548953', '1', 86, 88, 90, 88, 'PASSED'),
(403, '29-2021-440', '451501', '339936', '548953', '834165', 'B', '548953', '1', 90, 90, 90, 90, 'PASSED'),
(404, '29-2021-440', '451501', '339936', '548953', '855295', 'B', '548953', '1', 90, 90, 0, 54, 'UNDEFINED'),
(405, '29-2021-440', '451501', '339936', '548953', '933924', 'B', '548953', '1', 90, 90, 90, 90, 'PASSED'),
(406, '29-2021-440', '451501', '339936', '548953', '948667', 'B', '548953', '1', 90, 90, 90, 90, 'PASSED'),
(407, '30-2021-499', '613743', '339936', '548953', '282576', 'B', '548953', '1', 86, 82, 87, 85, 'PASSED'),
(408, '30-2021-499', '613743', '339936', '548953', '485882', 'B', '548953', '1', 90, 90, 90, 90, 'PASSED'),
(409, '30-2021-499', '613743', '339936', '548953', '600550', 'B', '548953', '1', 88, 89, 90, 89, 'PASSED'),
(410, '30-2021-499', '613743', '339936', '548953', '610492', 'B', '548953', '1', 89, 90, 89, 89, 'PASSED'),
(411, '30-2021-499', '613743', '339936', '548953', '700885', 'B', '548953', '1', 86, 88, 90, 88, 'PASSED'),
(412, '30-2021-499', '613743', '339936', '548953', '834165', 'B', '548953', '1', 90, 90, 90, 90, 'PASSED'),
(413, '30-2021-499', '613743', '339936', '548953', '855295', 'B', '548953', '1', 90, 90, 0, 54, 'UNDEFINED'),
(414, '30-2021-499', '613743', '339936', '548953', '933924', 'B', '548953', '1', 90, 90, 90, 90, 'PASSED'),
(415, '30-2021-499', '613743', '339936', '548953', '948667', 'B', '548953', '1', 90, 90, 90, 90, 'PASSED'),
(416, '30-2021-260', '413243', '339936', '548953', '282576', 'B', '548953', '1', 91, 88, 90, 90, 'PASSED'),
(417, '30-2021-260', '413243', '339936', '548953', '485882', 'B', '548953', '1', 90, 90, 90, 90, 'PASSED'),
(418, '30-2021-260', '413243', '339936', '548953', '600550', 'B', '548953', '1', 88, 89, 90, 89, 'PASSED'),
(419, '30-2021-260', '413243', '339936', '548953', '610492', 'B', '548953', '1', 89, 90, 89, 89, 'PASSED'),
(420, '30-2021-260', '413243', '339936', '548953', '700885', 'B', '548953', '1', 86, 88, 90, 88, 'PASSED'),
(421, '30-2021-260', '413243', '339936', '548953', '834165', 'B', '548953', '1', 90, 90, 90, 90, 'PASSED'),
(422, '30-2021-260', '413243', '339936', '548953', '855295', 'B', '548953', '1', 90, 90, 0, 54, 'UNDEFINED'),
(423, '30-2021-260', '413243', '339936', '548953', '933924', 'B', '548953', '1', 90, 90, 90, 90, 'PASSED'),
(424, '30-2021-260', '413243', '339936', '548953', '948667', 'B', '548953', '1', 90, 90, 90, 90, 'PASSED'),
(425, '30-2021-383', '709449', '339936', '548953', '282576', 'B', '548953', '1', 86, 90, 93, 90, 'PASSED'),
(426, '30-2021-383', '709449', '339936', '548953', '485882', 'B', '548953', '1', 90, 90, 90, 90, 'PASSED'),
(427, '30-2021-383', '709449', '339936', '548953', '600550', 'B', '548953', '1', 89, 88, 90, 89, 'PASSED'),
(428, '30-2021-383', '709449', '339936', '548953', '610492', 'B', '548953', '1', 89, 90, 89, 89, 'PASSED'),
(429, '30-2021-383', '709449', '339936', '548953', '700885', 'B', '548953', '1', 86, 88, 90, 88, 'PASSED'),
(430, '30-2021-383', '709449', '339936', '548953', '834165', 'B', '548953', '1', 90, 90, 90, 90, 'PASSED'),
(431, '30-2021-383', '709449', '339936', '548953', '855295', 'B', '548953', '1', 90, 90, 0, 54, 'UNDEFINED'),
(432, '30-2021-383', '709449', '339936', '548953', '933924', 'B', '548953', '1', 90, 90, 90, 90, 'PASSED'),
(433, '30-2021-383', '709449', '339936', '548953', '948667', 'B', '548953', '1', 90, 90, 90, 90, 'PASSED'),
(434, '30-2021-311', '794027', '339936', '548953', '282576', 'B', '548953', '1', 89, 85, 93, 89, 'PASSED'),
(435, '30-2021-311', '794027', '339936', '548953', '485882', 'B', '548953', '1', 90, 90, 90, 90, 'PASSED'),
(436, '30-2021-311', '794027', '339936', '548953', '600550', 'B', '548953', '1', 86, 88, 90, 88, 'PASSED'),
(437, '30-2021-311', '794027', '339936', '548953', '610492', 'B', '548953', '1', 88, 89, 90, 89, 'PASSED'),
(438, '30-2021-311', '794027', '339936', '548953', '700885', 'B', '548953', '1', 86, 89, 90, 88, 'PASSED'),
(439, '30-2021-311', '794027', '339936', '548953', '834165', 'B', '548953', '1', 90, 90, 90, 90, 'PASSED'),
(440, '30-2021-311', '794027', '339936', '548953', '855295', 'B', '548953', '1', 90, 90, 0, 54, 'UNDEFINED'),
(441, '30-2021-311', '794027', '339936', '548953', '933924', 'B', '548953', '1', 90, 90, 90, 90, 'PASSED'),
(442, '30-2021-311', '794027', '339936', '548953', '948667', 'B', '548953', '1', 90, 90, 90, 90, 'PASSED'),
(443, '30-2021-405', '884437', '339936', '548953', '282576', 'B', '548953', '1', 91, 82, 89, 88, 'PASSED'),
(444, '30-2021-405', '884437', '339936', '548953', '485882', 'B', '548953', '1', 90, 90, 90, 90, 'PASSED'),
(445, '30-2021-405', '884437', '339936', '548953', '600550', 'B', '548953', '1', 89, 88, 90, 89, 'PASSED'),
(446, '30-2021-405', '884437', '339936', '548953', '610492', 'B', '548953', '1', 89, 90, 89, 89, 'PASSED'),
(447, '30-2021-405', '884437', '339936', '548953', '700885', 'B', '548953', '1', 86, 88, 90, 88, 'PASSED'),
(448, '30-2021-405', '884437', '339936', '548953', '834165', 'B', '548953', '1', 90, 90, 90, 90, 'PASSED'),
(449, '30-2021-405', '884437', '339936', '548953', '855295', 'B', '548953', '1', 90, 90, 0, 54, 'UNDEFINED'),
(450, '30-2021-405', '884437', '339936', '548953', '933924', 'B', '548953', '1', 90, 90, 90, 90, 'PASSED'),
(451, '30-2021-405', '884437', '339936', '548953', '948667', 'B', '548953', '1', 90, 90, 90, 90, 'PASSED'),
(452, '06-2021-266', '728975', '339936', '548953', '282576', 'B', '548953', '1', 90, 84, 89, 88, 'PASSED'),
(453, '06-2021-266', '728975', '339936', '548953', '485882', 'B', '548953', '1', 90, 90, 90, 90, 'PASSED'),
(454, '06-2021-266', '728975', '339936', '548953', '600550', 'B', '548953', '1', 88, 89, 90, 89, 'PASSED'),
(455, '06-2021-266', '728975', '339936', '548953', '610492', 'B', '548953', '1', 89, 90, 89, 89, 'PASSED'),
(456, '06-2021-266', '728975', '339936', '548953', '700885', 'B', '548953', '1', 86, 88, 90, 88, 'PASSED'),
(457, '06-2021-266', '728975', '339936', '548953', '834165', 'B', '548953', '1', 90, 90, 90, 90, 'PASSED'),
(458, '06-2021-266', '728975', '339936', '548953', '855295', 'B', '548953', '1', 90, 90, 0, 54, 'UNDEFINED'),
(459, '06-2021-266', '728975', '339936', '548953', '933924', 'B', '548953', '1', 90, 90, 90, 90, 'PASSED'),
(460, '06-2021-266', '728975', '339936', '548953', '948667', 'B', '548953', '1', 90, 90, 90, 90, 'PASSED'),
(469, '06-2021-144', '258786', '339936', '548953', '282576', 'B', '548953', '1', 80, 90, 93, 88, 'PASSED'),
(470, '06-2021-144', '258786', '339936', '548953', '485882', 'B', '548953', '1', 90, 90, 90, 90, 'PASSED'),
(471, '06-2021-144', '258786', '339936', '548953', '600550', 'B', '548953', '1', 89, 89, 90, 89, 'PASSED'),
(472, '06-2021-144', '258786', '339936', '548953', '610492', 'B', '548953', '1', 89, 90, 89, 89, 'PASSED'),
(473, '06-2021-144', '258786', '339936', '548953', '700885', 'B', '548953', '1', 86, 88, 90, 88, 'PASSED'),
(474, '06-2021-144', '258786', '339936', '548953', '834165', 'B', '548953', '1', 90, 90, 90, 90, 'PASSED'),
(475, '06-2021-144', '258786', '339936', '548953', '855295', 'B', '548953', '1', 90, 90, 0, 54, 'UNDEFINED'),
(476, '06-2021-144', '258786', '339936', '548953', '933924', 'B', '548953', '1', 90, 90, 90, 90, 'PASSED'),
(477, '06-2021-144', '258786', '339936', '548953', '948667', 'B', '548953', '1', 90, 90, 90, 90, 'PASSED'),
(478, '06-2021-291', '773494', '339936', '548953', '282576', 'B', '548953', '1', 89, 84, 93, 89, 'PASSED'),
(479, '06-2021-291', '773494', '339936', '548953', '485882', 'B', '548953', '1', 90, 90, 90, 90, 'PASSED'),
(480, '06-2021-291', '773494', '339936', '548953', '600550', 'B', '548953', '1', 89, 89, 90, 89, 'PASSED'),
(481, '06-2021-291', '773494', '339936', '548953', '610492', 'B', '548953', '1', 89, 90, 89, 89, 'PASSED'),
(482, '06-2021-291', '773494', '339936', '548953', '700885', 'B', '548953', '1', 86, 88, 90, 88, 'PASSED'),
(483, '06-2021-291', '773494', '339936', '548953', '834165', 'B', '548953', '1', 90, 90, 90, 90, 'PASSED'),
(484, '06-2021-291', '773494', '339936', '548953', '855295', 'B', '548953', '1', 90, 90, 0, 54, 'UNDEFINED'),
(485, '06-2021-291', '773494', '339936', '548953', '933924', 'B', '548953', '1', 90, 90, 90, 90, 'PASSED'),
(486, '06-2021-291', '773494', '339936', '548953', '948667', 'B', '548953', '1', 90, 90, 90, 90, 'PASSED'),
(487, '06-2021-154', '247146', '339936', '548953', '282576', 'B', '548953', '1', 90, 85, 89, 88, 'PASSED'),
(488, '06-2021-154', '247146', '339936', '548953', '485882', 'B', '548953', '1', 90, 90, 90, 90, 'PASSED'),
(489, '06-2021-154', '247146', '339936', '548953', '600550', 'B', '548953', '1', 89, 88, 90, 89, 'PASSED'),
(490, '06-2021-154', '247146', '339936', '548953', '610492', 'B', '548953', '1', 89, 90, 89, 89, 'PASSED'),
(491, '06-2021-154', '247146', '339936', '548953', '700885', 'B', '548953', '1', 86, 88, 90, 88, 'PASSED'),
(492, '06-2021-154', '247146', '339936', '548953', '834165', 'B', '548953', '1', 90, 90, 90, 90, 'PASSED'),
(493, '06-2021-154', '247146', '339936', '548953', '855295', 'B', '548953', '1', 90, 90, 0, 54, 'UNDEFINED'),
(494, '06-2021-154', '247146', '339936', '548953', '933924', 'B', '548953', '1', 90, 90, 90, 90, 'PASSED'),
(495, '06-2021-154', '247146', '339936', '548953', '948667', 'B', '548953', '1', 90, 90, 90, 90, 'PASSED'),
(496, '06-2021-339', '198283', '339936', '548953', '282576', 'B', '548953', '1', 89, 90, 90, 90, 'PASSED'),
(497, '06-2021-339', '198283', '339936', '548953', '485882', 'B', '548953', '1', 90, 90, 90, 90, 'PASSED'),
(498, '06-2021-339', '198283', '339936', '548953', '600550', 'B', '548953', '1', 89, 88, 90, 89, 'PASSED'),
(499, '06-2021-339', '198283', '339936', '548953', '610492', 'B', '548953', '1', 89, 89, 89, 89, 'PASSED'),
(500, '06-2021-339', '198283', '339936', '548953', '700885', 'B', '548953', '1', 86, 89, 90, 88, 'PASSED'),
(501, '06-2021-339', '198283', '339936', '548953', '834165', 'B', '548953', '1', 90, 90, 90, 90, 'PASSED'),
(502, '06-2021-339', '198283', '339936', '548953', '855295', 'B', '548953', '1', 90, 90, 0, 54, 'UNDEFINED'),
(503, '06-2021-339', '198283', '339936', '548953', '933924', 'B', '548953', '1', 90, 90, 90, 90, 'PASSED'),
(504, '06-2021-339', '198283', '339936', '548953', '948667', 'B', '548953', '1', 90, 90, 90, 90, 'PASSED'),
(505, '06-2021-150', '724012', '339936', '548953', '282576', 'B', '548953', '1', 91, 84, 89, 88, 'PASSED'),
(506, '06-2021-150', '724012', '339936', '548953', '485882', 'B', '548953', '1', 90, 90, 90, 90, 'PASSED'),
(507, '06-2021-150', '724012', '339936', '548953', '600550', 'B', '548953', '1', 86, 88, 90, 88, 'PASSED'),
(508, '06-2021-150', '724012', '339936', '548953', '610492', 'B', '548953', '1', 88, 89, 90, 89, 'PASSED'),
(509, '06-2021-150', '724012', '339936', '548953', '700885', 'B', '548953', '1', 86, 89, 90, 88, 'PASSED'),
(510, '06-2021-150', '724012', '339936', '548953', '834165', 'B', '548953', '1', 90, 90, 90, 90, 'PASSED'),
(511, '06-2021-150', '724012', '339936', '548953', '855295', 'B', '548953', '1', 90, 90, 0, 54, 'UNDEFINED'),
(512, '06-2021-150', '724012', '339936', '548953', '933924', 'B', '548953', '1', 90, 90, 90, 90, 'PASSED'),
(513, '06-2021-150', '724012', '339936', '548953', '948667', 'B', '548953', '1', 90, 90, 90, 90, 'PASSED'),
(514, '06-2021-129', '898053', '339936', '548953', '282576', 'B', '548953', '1', 91, 90, 89, 90, 'PASSED'),
(515, '06-2021-129', '898053', '339936', '548953', '485882', 'B', '548953', '1', 90, 90, 90, 90, 'PASSED'),
(516, '06-2021-129', '898053', '339936', '548953', '600550', 'B', '548953', '1', 86, 87, 90, 88, 'PASSED'),
(517, '06-2021-129', '898053', '339936', '548953', '610492', 'B', '548953', '1', 88, 89, 90, 89, 'PASSED'),
(518, '06-2021-129', '898053', '339936', '548953', '700885', 'B', '548953', '1', 86, 89, 90, 88, 'PASSED'),
(519, '06-2021-129', '898053', '339936', '548953', '834165', 'B', '548953', '1', 90, 90, 90, 90, 'PASSED'),
(520, '06-2021-129', '898053', '339936', '548953', '855295', 'B', '548953', '1', 90, 90, 0, 54, 'UNDEFINED'),
(521, '06-2021-129', '898053', '339936', '548953', '933924', 'B', '548953', '1', 90, 90, 90, 90, 'PASSED'),
(522, '06-2021-129', '898053', '339936', '548953', '948667', 'B', '548953', '1', 90, 90, 90, 90, 'PASSED'),
(523, '06-2021-364', '259054', '339936', '548953', '282576', 'B', '548953', '1', 91, 88, 89, 89, 'PASSED'),
(524, '06-2021-364', '259054', '339936', '548953', '485882', 'B', '548953', '1', 90, 90, 90, 90, 'PASSED'),
(525, '06-2021-364', '259054', '339936', '548953', '600550', 'B', '548953', '1', 86, 87, 90, 88, 'PASSED'),
(526, '06-2021-364', '259054', '339936', '548953', '610492', 'B', '548953', '1', 88, 89, 90, 89, 'PASSED'),
(527, '06-2021-364', '259054', '339936', '548953', '700885', 'B', '548953', '1', 86, 89, 90, 88, 'PASSED'),
(528, '06-2021-364', '259054', '339936', '548953', '834165', 'B', '548953', '1', 90, 90, 90, 90, 'PASSED'),
(529, '06-2021-364', '259054', '339936', '548953', '855295', 'B', '548953', '1', 90, 90, 0, 54, 'UNDEFINED'),
(530, '06-2021-364', '259054', '339936', '548953', '933924', 'B', '548953', '1', 90, 90, 90, 90, 'PASSED'),
(531, '06-2021-364', '259054', '339936', '548953', '948667', 'B', '548953', '1', 90, 90, 90, 90, 'PASSED'),
(532, '06-2021-313', '851777', '339936', '548953', '282576', 'B', '548953', '1', 89, 84, 89, 88, 'PASSED'),
(533, '06-2021-313', '851777', '339936', '548953', '485882', 'B', '548953', '1', 90, 90, 90, 90, 'PASSED'),
(534, '06-2021-313', '851777', '339936', '548953', '600550', 'B', '548953', '1', 86, 87, 90, 88, 'PASSED'),
(535, '06-2021-313', '851777', '339936', '548953', '610492', 'B', '548953', '1', 88, 89, 90, 89, 'PASSED'),
(536, '06-2021-313', '851777', '339936', '548953', '700885', 'B', '548953', '1', 86, 89, 90, 88, 'PASSED'),
(537, '06-2021-313', '851777', '339936', '548953', '834165', 'B', '548953', '1', 90, 90, 90, 90, 'PASSED'),
(538, '06-2021-313', '851777', '339936', '548953', '855295', 'B', '548953', '1', 90, 90, 0, 54, 'UNDEFINED'),
(539, '06-2021-313', '851777', '339936', '548953', '933924', 'B', '548953', '1', 90, 90, 90, 90, 'PASSED'),
(540, '06-2021-313', '851777', '339936', '548953', '948667', 'B', '548953', '1', 90, 90, 90, 90, 'PASSED'),
(541, '06-2021-390', '741779', '339936', '548953', '282576', 'B', '548953', '1', 91, 84, 90, 88, 'PASSED'),
(542, '06-2021-390', '741779', '339936', '548953', '485882', 'B', '548953', '1', 90, 90, 90, 90, 'PASSED'),
(543, '06-2021-390', '741779', '339936', '548953', '600550', 'B', '548953', '1', 86, 87, 90, 88, 'PASSED'),
(544, '06-2021-390', '741779', '339936', '548953', '610492', 'B', '548953', '1', 88, 89, 90, 89, 'PASSED'),
(545, '06-2021-390', '741779', '339936', '548953', '700885', 'B', '548953', '1', 86, 89, 90, 88, 'PASSED'),
(546, '06-2021-390', '741779', '339936', '548953', '834165', 'B', '548953', '1', 90, 90, 90, 90, 'PASSED'),
(547, '06-2021-390', '741779', '339936', '548953', '855295', 'B', '548953', '1', 90, 90, 0, 54, 'UNDEFINED'),
(548, '06-2021-390', '741779', '339936', '548953', '933924', 'B', '548953', '1', 90, 90, 90, 90, 'PASSED'),
(549, '06-2021-390', '741779', '339936', '548953', '948667', 'B', '548953', '1', 90, 90, 90, 90, 'PASSED'),
(550, '06-2021-341', '272045', '339936', '548953', '282576', 'B', '548953', '1', 86, 82, 90, 86, 'PASSED'),
(551, '06-2021-341', '272045', '339936', '548953', '485882', 'B', '548953', '1', 90, 90, 90, 90, 'PASSED'),
(552, '06-2021-341', '272045', '339936', '548953', '600550', 'B', '548953', '1', 86, 87, 90, 88, 'PASSED'),
(553, '06-2021-341', '272045', '339936', '548953', '610492', 'B', '548953', '1', 88, 89, 90, 89, 'PASSED'),
(554, '06-2021-341', '272045', '339936', '548953', '700885', 'B', '548953', '1', 86, 89, 90, 88, 'PASSED'),
(555, '06-2021-341', '272045', '339936', '548953', '834165', 'B', '548953', '1', 90, 90, 90, 90, 'PASSED'),
(556, '06-2021-341', '272045', '339936', '548953', '855295', 'B', '548953', '1', 90, 90, 0, 54, 'UNDEFINED'),
(557, '06-2021-341', '272045', '339936', '548953', '933924', 'B', '548953', '1', 90, 90, 90, 90, 'PASSED'),
(558, '06-2021-341', '272045', '339936', '548953', '948667', 'B', '548953', '1', 90, 90, 90, 90, 'PASSED'),
(559, '06-2021-153', '119481', '339936', '548953', '282576', 'B', '548953', '1', 91, 82, 90, 88, 'PASSED'),
(560, '06-2021-153', '119481', '339936', '548953', '485882', 'B', '548953', '1', 90, 90, 90, 90, 'PASSED'),
(561, '06-2021-153', '119481', '339936', '548953', '600550', 'B', '548953', '1', 86, 87, 90, 88, 'PASSED'),
(562, '06-2021-153', '119481', '339936', '548953', '610492', 'B', '548953', '1', 88, 89, 90, 89, 'PASSED'),
(563, '06-2021-153', '119481', '339936', '548953', '700885', 'B', '548953', '1', 86, 89, 90, 88, 'PASSED'),
(564, '06-2021-153', '119481', '339936', '548953', '834165', 'B', '548953', '1', 90, 90, 90, 90, 'PASSED'),
(565, '06-2021-153', '119481', '339936', '548953', '855295', 'B', '548953', '1', 90, 90, 0, 54, 'UNDEFINED'),
(566, '06-2021-153', '119481', '339936', '548953', '933924', 'B', '548953', '1', 90, 90, 90, 90, 'PASSED'),
(567, '06-2021-153', '119481', '339936', '548953', '948667', 'B', '548953', '1', 90, 90, 90, 90, 'PASSED'),
(568, '06-2021-222', '183461', '339936', '548953', '282576', 'B', '548953', '1', 86, 82, 90, 86, 'PASSED'),
(569, '06-2021-222', '183461', '339936', '548953', '485882', 'B', '548953', '1', 90, 90, 90, 90, 'PASSED'),
(570, '06-2021-222', '183461', '339936', '548953', '600550', 'B', '548953', '1', 86, 87, 90, 88, 'PASSED'),
(571, '06-2021-222', '183461', '339936', '548953', '610492', 'B', '548953', '1', 88, 89, 90, 89, 'PASSED'),
(572, '06-2021-222', '183461', '339936', '548953', '700885', 'B', '548953', '1', 86, 89, 90, 88, 'PASSED'),
(573, '06-2021-222', '183461', '339936', '548953', '834165', 'B', '548953', '1', 90, 90, 90, 90, 'PASSED'),
(574, '06-2021-222', '183461', '339936', '548953', '855295', 'B', '548953', '1', 90, 90, 0, 54, 'UNDEFINED'),
(575, '06-2021-222', '183461', '339936', '548953', '933924', 'B', '548953', '1', 90, 90, 90, 90, 'PASSED'),
(576, '06-2021-222', '183461', '339936', '548953', '948667', 'B', '548953', '1', 90, 90, 90, 90, 'PASSED'),
(577, '03-2022-366', '473071', '339936', '666322', '101738', 'A', '666322', '1', 86, 90, 87, 88, 'PASSED'),
(578, '03-2022-366', '473071', '339936', '666322', '143382', 'A', '666322', '1', 89, 92, 92, 91, 'PASSED'),
(579, '03-2022-366', '473071', '339936', '666322', '267215', 'A', '666322', '1', 86, 89, 87, 87, 'PASSED'),
(580, '03-2022-366', '473071', '339936', '666322', '298729', 'A', '666322', '1', 88, 87, 90, 88, 'PASSED'),
(581, '03-2022-366', '473071', '339936', '666322', '485292', 'A', '666322', '1', 87, 89, 90, 89, 'PASSED'),
(582, '03-2022-366', '473071', '339936', '666322', '547621', 'A', '666322', '1', 85, 87, 90, 88, 'PASSED'),
(583, '03-2022-366', '473071', '339936', '666322', '584012', 'A', '666322', '1', 89, 90, 91, 90, 'PASSED'),
(584, '03-2022-366', '473071', '339936', '666322', '677116', 'A', '666322', '1', 88, 86, 90, 88, 'PASSED'),
(585, '03-2022-366', '473071', '339936', '666322', '948586', 'A', '666322', '1', 87, 89, 90, 89, 'PASSED'),
(586, '10-2022-487', '762518', '339936', '548953', '282576', 'A', '548953', '1', 95, 79, 89, 88, 'PASSED'),
(587, '10-2022-487', '762518', '339936', '548953', '485882', 'A', '548953', '1', 90, 90, 90, 90, 'PASSED'),
(588, '10-2022-487', '762518', '339936', '548953', '600550', 'A', '548953', '1', 89, 90, 91, 90, 'PASSED'),
(589, '10-2022-487', '762518', '339936', '548953', '610492', 'A', '548953', '1', 88, 89, 90, 89, 'PASSED'),
(590, '10-2022-487', '762518', '339936', '548953', '700885', 'A', '548953', '1', 89, 90, 91, 90, 'PASSED'),
(591, '10-2022-487', '762518', '339936', '548953', '834165', 'A', '548953', '1', 90, 90, 90, 90, 'PASSED'),
(592, '10-2022-487', '762518', '339936', '548953', '855295', 'A', '548953', '1', 90, 90, 90, 90, 'PASSED'),
(593, '10-2022-487', '762518', '339936', '548953', '933924', 'A', '548953', '1', 90, 90, 90, 90, 'PASSED'),
(594, '10-2022-487', '762518', '339936', '548953', '948667', 'A', '548953', '1', 90, 90, 90, 90, 'PASSED'),
(595, '10-2022-457', '341613', '339936', '548953', '282576', 'A', '548953', '1', 90, 89, 87, 88, 'PASSED'),
(596, '10-2022-457', '341613', '339936', '548953', '485882', 'A', '548953', '1', 90, 90, 90, 90, 'PASSED'),
(597, '10-2022-457', '341613', '339936', '548953', '600550', 'A', '548953', '1', 89, 90, 91, 90, 'PASSED'),
(598, '10-2022-457', '341613', '339936', '548953', '610492', 'A', '548953', '1', 88, 89, 90, 89, 'PASSED'),
(599, '10-2022-457', '341613', '339936', '548953', '700885', 'A', '548953', '1', 89, 90, 91, 90, 'PASSED'),
(600, '10-2022-457', '341613', '339936', '548953', '834165', 'A', '548953', '1', 90, 90, 90, 90, 'PASSED'),
(601, '10-2022-457', '341613', '339936', '548953', '855295', 'A', '548953', '1', 90, 90, 90, 90, 'PASSED'),
(602, '10-2022-457', '341613', '339936', '548953', '933924', 'A', '548953', '1', 90, 90, 90, 90, 'PASSED'),
(603, '10-2022-457', '341613', '339936', '548953', '948667', 'A', '548953', '1', 90, 90, 90, 90, 'PASSED'),
(604, '06-2021-447', '335242', '339936', '548953', '282576', 'A', '548953', '1', 85, 89, 86, 87, 'PASSED'),
(605, '06-2021-447', '335242', '339936', '548953', '485882', 'A', '548953', '1', 90, 90, 90, 90, 'PASSED'),
(606, '06-2021-447', '335242', '339936', '548953', '600550', 'B', '548953', '1', 88, 89, 90, 89, 'PASSED'),
(607, '06-2021-447', '335242', '339936', '548953', '610492', 'A', '548953', '1', 88, 89, 90, 89, 'PASSED'),
(608, '06-2021-447', '335242', '339936', '548953', '700885', 'A', '548953', '1', 89, 90, 91, 90, 'PASSED'),
(609, '06-2021-447', '335242', '339936', '548953', '834165', 'A', '548953', '1', 90, 90, 90, 90, 'PASSED'),
(610, '06-2021-447', '335242', '339936', '548953', '855295', 'A', '548953', '1', 90, 90, 90, 90, 'PASSED'),
(611, '06-2021-447', '335242', '339936', '548953', '933924', 'A', '548953', '1', 90, 90, 90, 90, 'PASSED'),
(612, '06-2021-447', '335242', '339936', '548953', '948667', 'A', '548953', '1', 90, 90, 90, 90, 'PASSED'),
(613, '10-2022-377', '643540', '339936', '548953', '282576', 'A', '548953', '1', 90, 90, 79, 86, 'PASSED'),
(614, '10-2022-377', '643540', '339936', '548953', '485882', 'A', '548953', '1', 90, 90, 90, 90, 'PASSED'),
(615, '10-2022-377', '643540', '339936', '548953', '600550', 'A', '548953', '1', 89, 90, 91, 90, 'PASSED'),
(616, '10-2022-377', '643540', '339936', '548953', '610492', 'A', '548953', '1', 88, 89, 90, 89, 'PASSED'),
(617, '10-2022-377', '643540', '339936', '548953', '700885', 'A', '548953', '1', 89, 90, 91, 90, 'PASSED'),
(618, '10-2022-377', '643540', '339936', '548953', '834165', 'A', '548953', '1', 90, 90, 90, 90, 'PASSED'),
(619, '10-2022-377', '643540', '339936', '548953', '855295', 'A', '548953', '1', 90, 90, 90, 90, 'PASSED'),
(620, '10-2022-377', '643540', '339936', '548953', '933924', 'A', '548953', '1', 90, 90, 90, 90, 'PASSED'),
(621, '10-2022-377', '643540', '339936', '548953', '948667', 'A', '548953', '1', 90, 90, 90, 90, 'PASSED'),
(622, '10-2022-309', '512130', '339936', '548953', '282576', 'A', '548953', '1', 90, 89, 91, 90, 'PASSED'),
(623, '10-2022-309', '512130', '339936', '548953', '485882', 'A', '548953', '1', 90, 90, 90, 90, 'PASSED'),
(624, '10-2022-309', '512130', '339936', '548953', '600550', 'A', '548953', '1', 89, 90, 91, 90, 'PASSED'),
(625, '10-2022-309', '512130', '339936', '548953', '610492', 'A', '548953', '1', 88, 89, 90, 89, 'PASSED'),
(626, '10-2022-309', '512130', '339936', '548953', '700885', 'A', '548953', '1', 89, 90, 91, 90, 'PASSED'),
(627, '10-2022-309', '512130', '339936', '548953', '834165', 'A', '548953', '1', 90, 90, 90, 90, 'PASSED'),
(628, '10-2022-309', '512130', '339936', '548953', '855295', 'A', '548953', '1', 90, 90, 90, 90, 'PASSED'),
(629, '10-2022-309', '512130', '339936', '548953', '933924', 'A', '548953', '1', 90, 90, 90, 90, 'PASSED'),
(630, '10-2022-309', '512130', '339936', '548953', '948667', 'A', '548953', '1', 90, 90, 90, 90, 'PASSED'),
(631, '10-2022-237', '266449', '339936', '548953', '282576', 'A', '548953', '1', 98, 79, 91, 90, 'PASSED'),
(632, '10-2022-237', '266449', '339936', '548953', '485882', 'A', '548953', '1', 90, 90, 90, 90, 'PASSED'),
(633, '10-2022-237', '266449', '339936', '548953', '600550', 'A', '548953', '1', 89, 90, 91, 90, 'PASSED'),
(634, '10-2022-237', '266449', '339936', '548953', '610492', 'A', '548953', '1', 88, 89, 90, 89, 'PASSED'),
(635, '10-2022-237', '266449', '339936', '548953', '700885', 'A', '548953', '1', 89, 90, 91, 90, 'PASSED'),
(636, '10-2022-237', '266449', '339936', '548953', '834165', 'A', '548953', '1', 90, 90, 90, 90, 'PASSED'),
(637, '10-2022-237', '266449', '339936', '548953', '855295', 'A', '548953', '1', 90, 90, 90, 90, 'PASSED'),
(638, '10-2022-237', '266449', '339936', '548953', '933924', 'A', '548953', '1', 90, 90, 90, 90, 'PASSED'),
(639, '10-2022-237', '266449', '339936', '548953', '948667', 'A', '548953', '1', 90, 90, 90, 90, 'PASSED'),
(640, '10-2022-447', '295380', '339936', '548953', '282576', 'A', '548953', '1', 89, 90, 89, 89, 'PASSED'),
(641, '10-2022-447', '295380', '339936', '548953', '485882', 'A', '548953', '1', 90, 90, 90, 90, 'PASSED'),
(642, '10-2022-447', '295380', '339936', '548953', '600550', 'A', '548953', '1', 89, 90, 91, 90, 'PASSED'),
(643, '10-2022-447', '295380', '339936', '548953', '610492', 'A', '548953', '1', 88, 89, 90, 89, 'PASSED'),
(644, '10-2022-447', '295380', '339936', '548953', '700885', 'A', '548953', '1', 89, 90, 91, 90, 'PASSED'),
(645, '10-2022-447', '295380', '339936', '548953', '834165', 'A', '548953', '1', 90, 90, 90, 90, 'PASSED'),
(646, '10-2022-447', '295380', '339936', '548953', '855295', 'A', '548953', '1', 90, 90, 90, 90, 'PASSED'),
(647, '10-2022-447', '295380', '339936', '548953', '933924', 'A', '548953', '1', 90, 90, 90, 90, 'PASSED'),
(648, '10-2022-447', '295380', '339936', '548953', '948667', 'A', '548953', '1', 90, 90, 90, 90, 'PASSED'),
(649, '10-2022-160', '697053', '339936', '548953', '282576', 'A', '548953', '1', 87, 93, 91, 90, 'PASSED'),
(650, '10-2022-160', '697053', '339936', '548953', '485882', 'A', '548953', '1', 90, 90, 90, 90, 'PASSED'),
(651, '10-2022-160', '697053', '339936', '548953', '600550', 'A', '548953', '1', 89, 90, 90, 90, 'PASSED'),
(652, '10-2022-160', '697053', '339936', '548953', '610492', 'A', '548953', '1', 89, 89, 90, 89, 'PASSED'),
(653, '10-2022-160', '697053', '339936', '548953', '700885', 'A', '548953', '1', 89, 90, 91, 90, 'PASSED'),
(654, '10-2022-160', '697053', '339936', '548953', '834165', 'A', '548953', '1', 90, 90, 90, 90, 'PASSED'),
(655, '10-2022-160', '697053', '339936', '548953', '855295', 'A', '548953', '1', 90, 90, 90, 90, 'PASSED'),
(656, '10-2022-160', '697053', '339936', '548953', '933924', 'A', '548953', '1', 90, 90, 90, 90, 'PASSED'),
(657, '10-2022-160', '697053', '339936', '548953', '948667', 'A', '548953', '1', 90, 90, 90, 90, 'PASSED'),
(658, '10-2022-201', '363508', '339936', '548953', '282576', 'A', '548953', '1', 85, 90, 87, 87, 'PASSED'),
(659, '10-2022-201', '363508', '339936', '548953', '485882', 'A', '548953', '1', 90, 90, 90, 90, 'PASSED'),
(660, '10-2022-201', '363508', '339936', '548953', '600550', 'A', '548953', '1', 89, 90, 90, 90, 'PASSED'),
(661, '10-2022-201', '363508', '339936', '548953', '610492', 'A', '548953', '1', 89, 89, 90, 89, 'PASSED'),
(662, '10-2022-201', '363508', '339936', '548953', '700885', 'A', '548953', '1', 89, 90, 91, 90, 'PASSED'),
(663, '10-2022-201', '363508', '339936', '548953', '834165', 'A', '548953', '1', 90, 90, 90, 90, 'PASSED'),
(664, '10-2022-201', '363508', '339936', '548953', '855295', 'A', '548953', '1', 90, 90, 90, 90, 'PASSED'),
(665, '10-2022-201', '363508', '339936', '548953', '933924', 'A', '548953', '1', 90, 90, 90, 90, 'PASSED'),
(666, '10-2022-201', '363508', '339936', '548953', '948667', 'A', '548953', '1', 90, 90, 90, 90, 'PASSED'),
(667, '10-2022-498', '416522', '339936', '548953', '282576', 'A', '548953', '1', 98, 85, 86, 89, 'PASSED'),
(668, '10-2022-498', '416522', '339936', '548953', '485882', 'A', '548953', '1', 90, 90, 90, 90, 'PASSED'),
(669, '10-2022-498', '416522', '339936', '548953', '600550', 'A', '548953', '1', 89, 90, 90, 90, 'PASSED'),
(670, '10-2022-498', '416522', '339936', '548953', '610492', 'A', '548953', '1', 89, 89, 90, 89, 'PASSED'),
(671, '10-2022-498', '416522', '339936', '548953', '700885', 'A', '548953', '1', 89, 90, 91, 90, 'PASSED'),
(672, '10-2022-498', '416522', '339936', '548953', '834165', 'A', '548953', '1', 90, 90, 90, 90, 'PASSED'),
(673, '10-2022-498', '416522', '339936', '548953', '855295', 'A', '548953', '1', 90, 90, 90, 90, 'PASSED'),
(674, '10-2022-498', '416522', '339936', '548953', '933924', 'A', '548953', '1', 90, 90, 90, 90, 'PASSED'),
(675, '10-2022-498', '416522', '339936', '548953', '948667', 'A', '548953', '1', 90, 90, 90, 90, 'PASSED'),
(676, '10-2022-297', '227182', '339936', '548953', '282576', 'A', '548953', '1', 93, 85, 91, 90, 'PASSED'),
(677, '10-2022-297', '227182', '339936', '548953', '485882', 'A', '548953', '1', 90, 90, 90, 90, 'PASSED'),
(678, '10-2022-297', '227182', '339936', '548953', '600550', 'A', '548953', '1', 89, 90, 90, 90, 'PASSED'),
(679, '10-2022-297', '227182', '339936', '548953', '610492', 'A', '548953', '1', 89, 89, 90, 89, 'PASSED'),
(680, '10-2022-297', '227182', '339936', '548953', '700885', 'A', '548953', '1', 89, 90, 91, 90, 'PASSED'),
(681, '10-2022-297', '227182', '339936', '548953', '834165', 'A', '548953', '1', 90, 90, 90, 90, 'PASSED'),
(682, '10-2022-297', '227182', '339936', '548953', '855295', 'A', '548953', '1', 90, 90, 90, 90, 'PASSED'),
(683, '10-2022-297', '227182', '339936', '548953', '933924', 'A', '548953', '1', 90, 90, 90, 90, 'PASSED'),
(684, '10-2022-297', '227182', '339936', '548953', '948667', 'A', '548953', '1', 90, 90, 90, 90, 'PASSED'),
(685, '10-2022-193', '758869', '339936', '548953', '282576', 'A', '548953', '1', 90, 85, 89, 88, 'PASSED'),
(686, '10-2022-193', '758869', '339936', '548953', '485882', 'A', '548953', '1', 90, 90, 90, 90, 'PASSED'),
(687, '10-2022-193', '758869', '339936', '548953', '600550', 'A', '548953', '1', 89, 90, 90, 90, 'PASSED'),
(688, '10-2022-193', '758869', '339936', '548953', '610492', 'A', '548953', '1', 89, 89, 90, 89, 'PASSED'),
(689, '10-2022-193', '758869', '339936', '548953', '700885', 'A', '548953', '1', 89, 90, 91, 90, 'PASSED'),
(690, '10-2022-193', '758869', '339936', '548953', '834165', 'A', '548953', '1', 90, 90, 90, 90, 'PASSED'),
(691, '10-2022-193', '758869', '339936', '548953', '855295', 'A', '548953', '1', 90, 90, 90, 90, 'PASSED'),
(692, '10-2022-193', '758869', '339936', '548953', '933924', 'A', '548953', '1', 90, 90, 90, 90, 'PASSED'),
(693, '10-2022-193', '758869', '339936', '548953', '948667', 'A', '548953', '1', 90, 90, 90, 90, 'PASSED'),
(694, '10-2022-431', '655344', '339936', '548953', '282576', 'A', '548953', '1', 87, 82, 87, 86, 'PASSED'),
(695, '10-2022-431', '655344', '339936', '548953', '485882', 'A', '548953', '1', 90, 90, 90, 90, 'PASSED'),
(696, '10-2022-431', '655344', '339936', '548953', '600550', 'A', '548953', '1', 89, 90, 90, 90, 'PASSED'),
(697, '10-2022-431', '655344', '339936', '548953', '610492', 'A', '548953', '1', 88, 89, 90, 89, 'PASSED'),
(698, '10-2022-431', '655344', '339936', '548953', '700885', 'A', '548953', '1', 89, 90, 91, 90, 'PASSED'),
(699, '10-2022-431', '655344', '339936', '548953', '834165', 'A', '548953', '1', 90, 90, 90, 90, 'PASSED'),
(700, '10-2022-431', '655344', '339936', '548953', '855295', 'A', '548953', '1', 90, 90, 90, 90, 'PASSED'),
(701, '10-2022-431', '655344', '339936', '548953', '933924', 'A', '548953', '1', 90, 90, 90, 90, 'PASSED'),
(702, '10-2022-431', '655344', '339936', '548953', '948667', 'A', '548953', '1', 90, 90, 90, 90, 'PASSED'),
(703, '10-2022-232', '949728', '339936', '548953', '282576', 'A', '548953', '1', 89, 84, 86, 86, 'PASSED'),
(704, '10-2022-232', '949728', '339936', '548953', '485882', 'A', '548953', '1', 90, 90, 90, 90, 'PASSED'),
(705, '10-2022-232', '949728', '339936', '548953', '600550', 'A', '548953', '1', 89, 90, 87, 88, 'PASSED'),
(706, '10-2022-232', '949728', '339936', '548953', '610492', 'A', '548953', '1', 88, 89, 90, 89, 'PASSED'),
(707, '10-2022-232', '949728', '339936', '548953', '700885', 'A', '548953', '1', 89, 90, 91, 90, 'PASSED'),
(708, '10-2022-232', '949728', '339936', '548953', '834165', 'A', '548953', '1', 90, 90, 90, 90, 'PASSED'),
(709, '10-2022-232', '949728', '339936', '548953', '855295', 'A', '548953', '1', 90, 90, 90, 90, 'PASSED'),
(710, '10-2022-232', '949728', '339936', '548953', '933924', 'A', '548953', '1', 90, 90, 90, 90, 'PASSED'),
(711, '10-2022-232', '949728', '339936', '548953', '948667', 'A', '548953', '1', 90, 90, 90, 90, 'PASSED'),
(712, '10-2022-276', '167882', '339936', '548953', '282576', 'A', '548953', '1', 83, 94, 86, 88, 'PASSED'),
(713, '10-2022-276', '167882', '339936', '548953', '485882', 'A', '548953', '1', 90, 90, 90, 90, 'PASSED'),
(714, '10-2022-276', '167882', '339936', '548953', '600550', 'A', '548953', '1', 89, 90, 87, 88, 'PASSED'),
(715, '10-2022-276', '167882', '339936', '548953', '610492', 'A', '548953', '1', 88, 89, 90, 89, 'PASSED'),
(716, '10-2022-276', '167882', '339936', '548953', '700885', 'A', '548953', '1', 89, 90, 91, 90, 'PASSED'),
(717, '10-2022-276', '167882', '339936', '548953', '834165', 'A', '548953', '1', 90, 90, 90, 90, 'PASSED'),
(718, '10-2022-276', '167882', '339936', '548953', '855295', 'A', '548953', '1', 90, 90, 90, 90, 'PASSED'),
(719, '10-2022-276', '167882', '339936', '548953', '933924', 'A', '548953', '1', 90, 90, 90, 90, 'PASSED'),
(720, '10-2022-276', '167882', '339936', '548953', '948667', 'A', '548953', '1', 90, 90, 90, 90, 'PASSED'),
(721, '10-2022-319', '313538', '339936', '548953', '282576', 'A', '548953', '1', 96, 79, 91, 89, 'PASSED'),
(722, '10-2022-319', '313538', '339936', '548953', '485882', 'A', '548953', '1', 90, 90, 90, 90, 'PASSED'),
(723, '10-2022-319', '313538', '339936', '548953', '600550', 'A', '548953', '1', 89, 90, 87, 88, 'PASSED'),
(724, '10-2022-319', '313538', '339936', '548953', '610492', 'A', '548953', '1', 88, 89, 90, 89, 'PASSED'),
(725, '10-2022-319', '313538', '339936', '548953', '700885', 'A', '548953', '1', 89, 90, 91, 90, 'PASSED'),
(726, '10-2022-319', '313538', '339936', '548953', '834165', 'A', '548953', '1', 90, 90, 90, 90, 'PASSED'),
(727, '10-2022-319', '313538', '339936', '548953', '855295', 'A', '548953', '1', 90, 90, 90, 90, 'PASSED'),
(728, '10-2022-319', '313538', '339936', '548953', '933924', 'A', '548953', '1', 90, 90, 90, 90, 'PASSED'),
(729, '10-2022-319', '313538', '339936', '548953', '948667', 'A', '548953', '1', 90, 90, 90, 90, 'PASSED'),
(730, '10-2022-313', '712585', '339936', '548953', '282576', 'A', '548953', '1', 87, 90, 87, 88, 'PASSED'),
(731, '10-2022-313', '712585', '339936', '548953', '485882', 'A', '548953', '1', 90, 90, 90, 90, 'PASSED'),
(732, '10-2022-313', '712585', '339936', '548953', '600550', 'A', '548953', '1', 89, 90, 87, 88, 'PASSED'),
(733, '10-2022-313', '712585', '339936', '548953', '610492', 'A', '548953', '1', 88, 89, 90, 89, 'PASSED'),
(734, '10-2022-313', '712585', '339936', '548953', '700885', 'A', '548953', '1', 89, 90, 91, 90, 'PASSED'),
(735, '10-2022-313', '712585', '339936', '548953', '834165', 'A', '548953', '1', 90, 90, 90, 90, 'PASSED'),
(736, '10-2022-313', '712585', '339936', '548953', '855295', 'A', '548953', '1', 90, 90, 90, 90, 'PASSED'),
(737, '10-2022-313', '712585', '339936', '548953', '933924', 'A', '548953', '1', 90, 90, 90, 90, 'PASSED'),
(738, '10-2022-313', '712585', '339936', '548953', '948667', 'A', '548953', '1', 90, 90, 90, 90, 'PASSED'),
(739, '10-2022-275', '930282', '339936', '548953', '282576', 'A', '548953', '1', 87, 90, 89, 89, 'PASSED'),
(740, '10-2022-275', '930282', '339936', '548953', '485882', 'A', '548953', '1', 90, 90, 90, 90, 'PASSED'),
(741, '10-2022-275', '930282', '339936', '548953', '600550', 'A', '548953', '1', 89, 90, 87, 88, 'PASSED'),
(742, '10-2022-275', '930282', '339936', '548953', '610492', 'A', '548953', '1', 88, 89, 90, 89, 'PASSED'),
(743, '10-2022-275', '930282', '339936', '548953', '700885', 'A', '548953', '1', 89, 90, 91, 90, 'PASSED'),
(744, '10-2022-275', '930282', '339936', '548953', '834165', 'A', '548953', '1', 90, 90, 90, 90, 'PASSED'),
(745, '10-2022-275', '930282', '339936', '548953', '855295', 'A', '548953', '1', 90, 90, 90, 90, 'PASSED'),
(746, '10-2022-275', '930282', '339936', '548953', '933924', 'A', '548953', '1', 90, 90, 90, 90, 'PASSED'),
(747, '10-2022-275', '930282', '339936', '548953', '948667', 'A', '548953', '1', 90, 90, 90, 90, 'PASSED'),
(748, '10-2022-217', '915801', '339936', '548953', '282576', 'A', '548953', '1', 87, 90, 91, 90, 'PASSED'),
(749, '10-2022-217', '915801', '339936', '548953', '485882', 'A', '548953', '1', 90, 90, 90, 90, 'PASSED'),
(750, '10-2022-217', '915801', '339936', '548953', '600550', 'A', '548953', '1', 89, 90, 87, 88, 'PASSED'),
(751, '10-2022-217', '915801', '339936', '548953', '610492', 'A', '548953', '1', 88, 89, 90, 89, 'PASSED'),
(752, '10-2022-217', '915801', '339936', '548953', '700885', 'A', '548953', '1', 89, 90, 91, 90, 'PASSED'),
(753, '10-2022-217', '915801', '339936', '548953', '834165', 'A', '548953', '1', 90, 90, 90, 90, 'PASSED'),
(754, '10-2022-217', '915801', '339936', '548953', '855295', 'A', '548953', '1', 90, 90, 90, 90, 'PASSED'),
(755, '10-2022-217', '915801', '339936', '548953', '933924', 'A', '548953', '1', 90, 90, 90, 90, 'PASSED'),
(756, '10-2022-217', '915801', '339936', '548953', '948667', 'A', '548953', '1', 90, 90, 90, 90, 'PASSED'),
(757, '10-2022-254', '327919', '339936', '548953', '282576', 'A', '548953', '1', 90, 89, 91, 90, 'PASSED'),
(758, '10-2022-254', '327919', '339936', '548953', '485882', 'A', '548953', '1', 90, 90, 90, 90, 'PASSED'),
(759, '10-2022-254', '327919', '339936', '548953', '600550', 'A', '548953', '1', 89, 90, 87, 88, 'PASSED'),
(760, '10-2022-254', '327919', '339936', '548953', '610492', 'A', '548953', '1', 88, 89, 90, 89, 'PASSED'),
(761, '10-2022-254', '327919', '339936', '548953', '700885', 'A', '548953', '1', 89, 90, 91, 90, 'PASSED'),
(762, '10-2022-254', '327919', '339936', '548953', '834165', 'A', '548953', '1', 90, 90, 90, 90, 'PASSED'),
(763, '10-2022-254', '327919', '339936', '548953', '855295', 'A', '548953', '1', 90, 90, 90, 90, 'PASSED'),
(764, '10-2022-254', '327919', '339936', '548953', '933924', 'A', '548953', '1', 90, 90, 90, 90, 'PASSED'),
(765, '10-2022-254', '327919', '339936', '548953', '948667', 'A', '548953', '1', 90, 90, 90, 90, 'PASSED'),
(838, '03-2022-472', '211846', '339936', '289314', '130622', 'A', '289314', '1', 88, 88, 91, 89, 'PASSED'),
(839, '03-2022-472', '211846', '339936', '289314', '240452', 'A', '289314', '1', 90, 90, 90, 90, 'PASSED'),
(840, '03-2022-472', '211846', '339936', '289314', '405337', 'A', '289314', '1', 80, 80, 86, 82, 'PASSED'),
(841, '03-2022-472', '211846', '339936', '289314', '465277', 'A', '289314', '1', 90, 90, 90, 90, 'PASSED'),
(842, '03-2022-472', '211846', '339936', '289314', '474820', 'A', '289314', '1', 89, 89, 89, 89, 'PASSED'),
(843, '03-2022-472', '211846', '339936', '289314', '590862', 'A', '289314', '1', 90, 89, 85, 88, 'PASSED'),
(844, '03-2022-472', '211846', '339936', '289314', '667193', 'A', '289314', '1', 95, 92, 90, 92, 'PASSED'),
(845, '03-2022-472', '211846', '339936', '289314', '727063', 'A', '289314', '1', 85, 90, 90, 88, 'PASSED'),
(846, '03-2022-472', '211846', '339936', '289314', '727843', 'A', '289314', '1', 90, 89, 86, 88, 'PASSED'),
(847, '03-2022-472', '211846', '339936', '289314', '839219', 'A', '289314', '1', 87, 89, 90, 89, 'PASSED'),
(848, '03-2022-472', '211846', '339936', '289314', '875810', 'A', '289314', '1', 89, 94, 90, 91, 'PASSED'),
(849, '03-2022-444', '297977', '339936', '289314', '130622', 'A', '289314', '1', 88, 88, 91, 89, 'PASSED'),
(850, '03-2022-444', '297977', '339936', '289314', '240452', 'A', '289314', '1', 90, 90, 90, 90, 'PASSED'),
(851, '03-2022-444', '297977', '339936', '289314', '405337', 'A', '289314', '1', 86, 91, 84, 87, 'PASSED'),
(852, '03-2022-444', '297977', '339936', '289314', '465277', 'A', '289314', '1', 90, 90, 90, 90, 'PASSED'),
(853, '03-2022-444', '297977', '339936', '289314', '474820', 'A', '289314', '1', 89, 89, 89, 89, 'PASSED'),
(854, '03-2022-444', '297977', '339936', '289314', '590862', 'A', '289314', '1', 90, 88, 87, 88, 'PASSED'),
(855, '03-2022-444', '297977', '339936', '289314', '667193', 'A', '289314', '1', 89, 86, 90, 88, 'PASSED'),
(856, '03-2022-444', '297977', '339936', '289314', '727063', 'A', '289314', '1', 82, 91, 90, 88, 'PASSED'),
(857, '03-2022-444', '297977', '339936', '289314', '727843', 'A', '289314', '1', 92, 89, 89, 90, 'PASSED'),
(858, '03-2022-444', '297977', '339936', '289314', '839219', 'A', '289314', '1', 87, 89, 90, 89, 'PASSED'),
(859, '03-2022-444', '297977', '339936', '289314', '875810', 'A', '289314', '1', 89, 93, 92, 91, 'PASSED'),
(860, '03-2022-154', '745024', '339936', '289314', '130622', 'A', '289314', '1', 88, 89, 91, 90, 'PASSED'),
(861, '03-2022-154', '745024', '339936', '289314', '240452', 'A', '289314', '1', 90, 90, 90, 90, 'PASSED'),
(862, '03-2022-154', '745024', '339936', '289314', '405337', 'A', '289314', '1', 81, 85, 89, 85, 'PASSED'),
(863, '03-2022-154', '745024', '339936', '289314', '465277', 'A', '289314', '1', 90, 90, 90, 90, 'PASSED'),
(864, '03-2022-154', '745024', '339936', '289314', '474820', 'A', '289314', '1', 89, 89, 89, 89, 'PASSED'),
(865, '03-2022-154', '745024', '339936', '289314', '590862', 'A', '289314', '1', 89, 91, 90, 90, 'PASSED'),
(866, '03-2022-154', '745024', '339936', '289314', '667193', 'A', '289314', '1', 95, 80, 90, 88, 'PASSED'),
(867, '03-2022-154', '745024', '339936', '289314', '727063', 'A', '289314', '1', 80, 95, 90, 88, 'PASSED'),
(868, '03-2022-154', '745024', '339936', '289314', '727843', 'A', '289314', '1', 90, 90, 86, 88, 'PASSED'),
(869, '03-2022-154', '745024', '339936', '289314', '839219', 'A', '289314', '1', 87, 89, 90, 89, 'PASSED'),
(870, '03-2022-154', '745024', '339936', '289314', '875810', 'A', '289314', '1', 89, 91, 90, 90, 'PASSED'),
(915, '03-2022-297', '104032', '339936', '289314', '130622', 'A', '289314', '1', 88, 89, 91, 90, 'PASSED'),
(916, '03-2022-297', '104032', '339936', '289314', '240452', 'A', '289314', '1', 90, 90, 73, 83, 'PASSED'),
(917, '03-2022-297', '104032', '339936', '289314', '405337', 'A', '289314', '1', 84, 97, 96, 93, 'PASSED'),
(918, '03-2022-297', '104032', '339936', '289314', '465277', 'A', '289314', '1', 90, 90, 90, 90, 'PASSED'),
(919, '03-2022-297', '104032', '339936', '289314', '474820', 'A', '289314', '1', 89, 89, 89, 89, 'PASSED'),
(920, '03-2022-297', '104032', '339936', '289314', '590862', 'A', '289314', '1', 95, 88, 80, 87, 'PASSED'),
(921, '03-2022-297', '104032', '339936', '289314', '667193', 'A', '289314', '1', 89, 87, 90, 89, 'PASSED'),
(922, '03-2022-297', '104032', '339936', '289314', '727063', 'A', '289314', '1', 86, 89, 91, 89, 'PASSED'),
(923, '03-2022-297', '104032', '339936', '289314', '727843', 'A', '289314', '1', 89, 94, 83, 88, 'PASSED'),
(924, '03-2022-297', '104032', '339936', '289314', '839219', 'A', '289314', '1', 87, 89, 90, 89, 'PASSED'),
(925, '03-2022-297', '104032', '339936', '289314', '875810', 'A', '289314', '1', 94, 87, 89, 90, 'PASSED'),
(926, '03-2022-451', '600946', '339936', '289314', '130622', 'A', '289314', '1', 88, 89, 91, 90, 'PASSED'),
(927, '03-2022-451', '600946', '339936', '289314', '240452', 'A', '289314', '1', 90, 90, 73, 83, 'PASSED'),
(928, '03-2022-451', '600946', '339936', '289314', '405337', 'A', '289314', '1', 88, 98, 94, 93, 'PASSED'),
(929, '03-2022-451', '600946', '339936', '289314', '465277', 'A', '289314', '1', 90, 90, 90, 90, 'PASSED'),
(930, '03-2022-451', '600946', '339936', '289314', '474820', 'A', '289314', '1', 89, 89, 89, 89, 'PASSED'),
(931, '03-2022-451', '600946', '339936', '289314', '590862', 'A', '289314', '1', 92, 92, 89, 91, 'PASSED'),
(932, '03-2022-451', '600946', '339936', '289314', '667193', 'A', '289314', '1', 93, 86, 90, 90, 'PASSED'),
(933, '03-2022-451', '600946', '339936', '289314', '727063', 'A', '289314', '1', 88, 86, 94, 90, 'PASSED'),
(934, '03-2022-451', '600946', '339936', '289314', '727843', 'A', '289314', '1', 89, 90, 98, 93, 'PASSED'),
(935, '03-2022-451', '600946', '339936', '289314', '839219', 'A', '289314', '1', 88, 88, 90, 89, 'PASSED'),
(936, '03-2022-451', '600946', '339936', '289314', '875810', 'A', '289314', '1', 89, 91, 89, 90, 'PASSED'),
(937, '03-2022-137', '903906', '339936', '289314', '130622', 'A', '289314', '1', 88, 89, 91, 90, 'PASSED'),
(938, '03-2022-137', '903906', '339936', '289314', '240452', 'A', '289314', '1', 90, 90, 73, 83, 'PASSED'),
(939, '03-2022-137', '903906', '339936', '289314', '405337', 'A', '289314', '1', 81, 92, 91, 88, 'PASSED'),
(940, '03-2022-137', '903906', '339936', '289314', '465277', 'A', '289314', '1', 90, 90, 90, 90, 'PASSED'),
(941, '03-2022-137', '903906', '339936', '289314', '474820', 'A', '289314', '1', 89, 89, 89, 89, 'PASSED'),
(942, '03-2022-137', '903906', '339936', '289314', '590862', 'A', '289314', '1', 90, 90, 88, 89, 'PASSED'),
(943, '03-2022-137', '903906', '339936', '289314', '667193', 'A', '289314', '1', 89, 88, 90, 89, 'PASSED'),
(944, '03-2022-137', '903906', '339936', '289314', '727063', 'A', '289314', '1', 91, 88, 89, 89, 'PASSED'),
(945, '03-2022-137', '903906', '339936', '289314', '727843', 'A', '289314', '1', 84, 96, 85, 88, 'PASSED'),
(946, '03-2022-137', '903906', '339936', '289314', '839219', 'A', '289314', '1', 88, 88, 90, 89, 'PASSED'),
(947, '03-2022-137', '903906', '339936', '289314', '875810', 'A', '289314', '1', 89, 87, 95, 91, 'PASSED'),
(948, '03-2022-202', '140303', '339936', '289314', '130622', 'A', '289314', '1', 88, 89, 91, 90, 'PASSED'),
(949, '03-2022-202', '140303', '339936', '289314', '240452', 'A', '289314', '1', 90, 90, 73, 83, 'PASSED'),
(950, '03-2022-202', '140303', '339936', '289314', '405337', 'A', '289314', '1', 82, 90, 80, 84, 'PASSED'),
(951, '03-2022-202', '140303', '339936', '289314', '465277', 'A', '289314', '1', 90, 90, 90, 90, 'PASSED'),
(952, '03-2022-202', '140303', '339936', '289314', '474820', 'A', '289314', '1', 89, 89, 89, 89, 'PASSED'),
(953, '03-2022-202', '140303', '339936', '289314', '590862', 'A', '289314', '1', 90, 89, 84, 87, 'PASSED'),
(954, '03-2022-202', '140303', '339936', '289314', '667193', 'A', '289314', '1', 92, 86, 90, 89, 'PASSED'),
(955, '03-2022-202', '140303', '339936', '289314', '727063', 'A', '289314', '1', 98, 89, 90, 92, 'PASSED'),
(956, '03-2022-202', '140303', '339936', '289314', '727843', 'A', '289314', '1', 93, 90, 90, 91, 'PASSED'),
(957, '03-2022-202', '140303', '339936', '289314', '839219', 'A', '289314', '1', 88, 88, 90, 89, 'PASSED'),
(958, '03-2022-202', '140303', '339936', '289314', '875810', 'A', '289314', '1', 85, 91, 98, 92, 'PASSED'),
(959, '03-2022-131', '564167', '339936', '289314', '130622', 'A', '289314', '1', 86, 89, 91, 89, 'PASSED'),
(960, '03-2022-131', '564167', '339936', '289314', '240452', 'A', '289314', '1', 90, 90, 89, 90, 'PASSED'),
(961, '03-2022-131', '564167', '339936', '289314', '405337', 'A', '289314', '1', 85, 87, 89, 87, 'PASSED'),
(962, '03-2022-131', '564167', '339936', '289314', '465277', 'A', '289314', '1', 90, 90, 90, 90, 'PASSED'),
(963, '03-2022-131', '564167', '339936', '289314', '474820', 'A', '289314', '1', 89, 89, 89, 89, 'PASSED'),
(964, '03-2022-131', '564167', '339936', '289314', '590862', 'A', '289314', '1', 89, 83, 85, 86, 'PASSED'),
(965, '03-2022-131', '564167', '339936', '289314', '667193', 'A', '289314', '1', 89, 96, 90, 92, 'PASSED'),
(966, '03-2022-131', '564167', '339936', '289314', '727063', 'A', '289314', '1', 96, 90, 87, 91, 'PASSED'),
(967, '03-2022-131', '564167', '339936', '289314', '727843', 'A', '289314', '1', 94, 89, 92, 92, 'PASSED'),
(968, '03-2022-131', '564167', '339936', '289314', '839219', 'A', '289314', '1', 88, 88, 90, 89, 'PASSED'),
(969, '03-2022-131', '564167', '339936', '289314', '875810', 'A', '289314', '1', 87, 91, 91, 90, 'PASSED'),
(970, '03-2022-127', '670939', '339936', '289314', '130622', 'A', '289314', '1', 86, 90, 91, 89, 'PASSED'),
(971, '03-2022-127', '670939', '339936', '289314', '240452', 'A', '289314', '1', 90, 90, 89, 90, 'PASSED'),
(972, '03-2022-127', '670939', '339936', '289314', '405337', 'A', '289314', '1', 88, 86, 88, 87, 'PASSED'),
(973, '03-2022-127', '670939', '339936', '289314', '465277', 'A', '289314', '1', 90, 90, 90, 90, 'PASSED'),
(974, '03-2022-127', '670939', '339936', '289314', '474820', 'A', '289314', '1', 89, 89, 89, 89, 'PASSED'),
(975, '03-2022-127', '670939', '339936', '289314', '590862', 'A', '289314', '1', 85, 89, 89, 88, 'PASSED'),
(976, '03-2022-127', '670939', '339936', '289314', '667193', 'A', '289314', '1', 89, 86, 90, 88, 'PASSED'),
(977, '03-2022-127', '670939', '339936', '289314', '727063', 'A', '289314', '1', 80, 91, 90, 87, 'PASSED'),
(978, '03-2022-127', '670939', '339936', '289314', '727843', 'A', '289314', '1', 85, 89, 89, 88, 'PASSED'),
(979, '03-2022-127', '670939', '339936', '289314', '839219', 'A', '289314', '1', 88, 88, 90, 89, 'PASSED'),
(980, '03-2022-127', '670939', '339936', '289314', '875810', 'A', '289314', '1', 90, 87, 90, 89, 'PASSED'),
(981, '03-2022-394', '751659', '339936', '289314', '130622', 'A', '289314', '1', 86, 90, 91, 89, 'PASSED'),
(982, '03-2022-394', '751659', '339936', '289314', '240452', 'A', '289314', '1', 90, 90, 89, 90, 'PASSED');
INSERT INTO `grades_report` (`grades_report_id`, `student_id`, `enrollment_id`, `academic_id`, `program_id`, `subject_id`, `grades_section`, `grades_course`, `grades_year`, `prelim`, `midterm`, `final`, `average`, `remarks`) VALUES
(983, '03-2022-394', '751659', '339936', '289314', '405337', 'A', '289314', '1', 84, 80, 85, 83, 'PASSED'),
(984, '03-2022-394', '751659', '339936', '289314', '465277', 'A', '289314', '1', 90, 90, 90, 90, 'PASSED'),
(985, '03-2022-394', '751659', '339936', '289314', '474820', 'A', '289314', '1', 89, 89, 89, 89, 'PASSED'),
(986, '03-2022-394', '751659', '339936', '289314', '590862', 'A', '289314', '1', 88, 84, 84, 85, 'PASSED'),
(987, '03-2022-394', '751659', '339936', '289314', '667193', 'A', '289314', '1', 89, 98, 90, 92, 'PASSED'),
(988, '03-2022-394', '751659', '339936', '289314', '727063', 'A', '289314', '1', 82, 92, 81, 85, 'PASSED'),
(989, '03-2022-394', '751659', '339936', '289314', '727843', 'A', '289314', '1', 90, 97, 85, 90, 'PASSED'),
(990, '03-2022-394', '751659', '339936', '289314', '839219', 'A', '289314', '1', 88, 88, 90, 89, 'PASSED'),
(991, '03-2022-394', '751659', '339936', '289314', '875810', 'A', '289314', '1', 98, 91, 87, 92, 'PASSED'),
(992, '03-2022-263', '613407', '339936', '289314', '130622', 'A', '289314', '1', 86, 90, 91, 89, 'PASSED'),
(993, '03-2022-263', '613407', '339936', '289314', '240452', 'A', '289314', '1', 90, 90, 89, 90, 'PASSED'),
(994, '03-2022-263', '613407', '339936', '289314', '405337', 'A', '289314', '1', 85, 89, 84, 86, 'PASSED'),
(995, '03-2022-263', '613407', '339936', '289314', '465277', 'A', '289314', '1', 90, 90, 90, 90, 'PASSED'),
(996, '03-2022-263', '613407', '339936', '289314', '474820', 'A', '289314', '1', 89, 89, 89, 89, 'PASSED'),
(997, '03-2022-263', '613407', '339936', '289314', '590862', 'A', '289314', '1', 85, 89, 83, 85, 'PASSED'),
(998, '03-2022-263', '613407', '339936', '289314', '667193', 'A', '289314', '1', 90, 86, 90, 89, 'PASSED'),
(999, '03-2022-263', '613407', '339936', '289314', '727063', 'A', '289314', '1', 83, 90, 90, 88, 'PASSED'),
(1000, '03-2022-263', '613407', '339936', '289314', '727843', 'A', '289314', '1', 90, 90, 85, 88, 'PASSED'),
(1001, '03-2022-263', '613407', '339936', '289314', '839219', 'A', '289314', '1', 88, 88, 90, 89, 'PASSED'),
(1002, '03-2022-263', '613407', '339936', '289314', '875810', 'A', '289314', '1', 91, 87, 88, 89, 'PASSED'),
(1003, '03-2022-106', '894998', '339936', '289314', '130622', 'A', '289314', '1', 86, 90, 91, 89, 'PASSED'),
(1004, '03-2022-106', '894998', '339936', '289314', '240452', 'A', '289314', '1', 90, 90, 89, 90, 'PASSED'),
(1005, '03-2022-106', '894998', '339936', '289314', '405337', 'A', '289314', '1', 88, 87, 83, 86, 'PASSED'),
(1006, '03-2022-106', '894998', '339936', '289314', '465277', 'A', '289314', '1', 90, 90, 90, 90, 'PASSED'),
(1007, '03-2022-106', '894998', '339936', '289314', '474820', 'A', '289314', '1', 89, 89, 89, 89, 'PASSED'),
(1008, '03-2022-106', '894998', '339936', '289314', '590862', 'A', '289314', '1', 89, 90, 94, 91, 'PASSED'),
(1009, '03-2022-106', '894998', '339936', '289314', '667193', 'A', '289314', '1', 89, 91, 90, 90, 'PASSED'),
(1010, '03-2022-106', '894998', '339936', '289314', '727063', 'A', '289314', '1', 91, 87, 90, 89, 'PASSED'),
(1011, '03-2022-106', '894998', '339936', '289314', '727843', 'A', '289314', '1', 89, 92, 90, 90, 'PASSED'),
(1012, '03-2022-106', '894998', '339936', '289314', '839219', 'A', '289314', '1', 88, 88, 90, 89, 'PASSED'),
(1013, '03-2022-106', '894998', '339936', '289314', '875810', 'A', '289314', '1', 90, 89, 90, 90, 'PASSED'),
(1014, '03-2022-380', '338967', '339936', '289314', '130622', 'A', '289314', '1', 86, 90, 91, 89, 'PASSED'),
(1015, '03-2022-380', '338967', '339936', '289314', '240452', 'A', '289314', '1', 90, 90, 89, 90, 'PASSED'),
(1016, '03-2022-380', '338967', '339936', '289314', '405337', 'A', '289314', '1', 92, 88, 93, 91, 'PASSED'),
(1017, '03-2022-380', '338967', '339936', '289314', '465277', 'A', '289314', '1', 90, 90, 90, 90, 'PASSED'),
(1018, '03-2022-380', '338967', '339936', '289314', '474820', 'A', '289314', '1', 89, 89, 89, 89, 'PASSED'),
(1019, '03-2022-380', '338967', '339936', '289314', '590862', 'A', '289314', '1', 94, 89, 97, 94, 'PASSED'),
(1020, '03-2022-380', '338967', '339936', '289314', '667193', 'A', '289314', '1', 87, 86, 90, 88, 'PASSED'),
(1021, '03-2022-380', '338967', '339936', '289314', '727063', 'A', '289314', '1', 92, 88, 90, 90, 'PASSED'),
(1022, '03-2022-380', '338967', '339936', '289314', '727843', 'A', '289314', '1', 89, 94, 86, 89, 'PASSED'),
(1023, '03-2022-380', '338967', '339936', '289314', '839219', 'A', '289314', '1', 88, 88, 90, 89, 'PASSED'),
(1024, '03-2022-380', '338967', '339936', '289314', '875810', 'A', '289314', '1', 89, 91, 89, 90, 'PASSED'),
(1025, '03-2022-314', '226137', '339936', '289314', '130622', 'A', '289314', '1', 86, 90, 91, 89, 'PASSED'),
(1026, '03-2022-314', '226137', '339936', '289314', '240452', 'A', '289314', '1', 90, 90, 89, 90, 'PASSED'),
(1027, '03-2022-314', '226137', '339936', '289314', '405337', 'A', '289314', '1', 80, 86, 87, 85, 'PASSED'),
(1028, '03-2022-314', '226137', '339936', '289314', '465277', 'A', '289314', '1', 90, 90, 90, 90, 'PASSED'),
(1029, '03-2022-314', '226137', '339936', '289314', '474820', 'A', '289314', '1', 89, 89, 89, 89, 'PASSED'),
(1030, '03-2022-314', '226137', '339936', '289314', '590862', 'A', '289314', '1', 90, 87, 90, 89, 'PASSED'),
(1031, '03-2022-314', '226137', '339936', '289314', '667193', 'A', '289314', '1', 89, 90, 90, 90, 'PASSED'),
(1032, '03-2022-314', '226137', '339936', '289314', '727063', 'A', '289314', '1', 80, 89, 87, 86, 'PASSED'),
(1033, '03-2022-314', '226137', '339936', '289314', '727843', 'A', '289314', '1', 87, 90, 89, 89, 'PASSED'),
(1034, '03-2022-314', '226137', '339936', '289314', '839219', 'A', '289314', '1', 88, 88, 90, 89, 'PASSED'),
(1035, '03-2022-314', '226137', '339936', '289314', '875810', 'A', '289314', '1', 87, 90, 89, 89, 'PASSED'),
(1036, '03-2022-274', '189177', '339936', '289314', '130622', 'A', '289314', '1', 86, 90, 91, 89, 'PASSED'),
(1037, '03-2022-274', '189177', '339936', '289314', '240452', 'A', '289314', '1', 90, 90, 89, 90, 'PASSED'),
(1038, '03-2022-274', '189177', '339936', '289314', '405337', 'A', '289314', '1', 89, 89, 90, 89, 'PASSED'),
(1039, '03-2022-274', '189177', '339936', '289314', '465277', 'A', '289314', '1', 90, 90, 90, 90, 'PASSED'),
(1040, '03-2022-274', '189177', '339936', '289314', '474820', 'A', '289314', '1', 89, 89, 89, 89, 'PASSED'),
(1041, '03-2022-274', '189177', '339936', '289314', '590862', 'A', '289314', '1', 89, 89, 89, 89, 'PASSED'),
(1042, '03-2022-274', '189177', '339936', '289314', '667193', 'A', '289314', '1', 74.6, 86, 90, 84, 'PASSED'),
(1043, '03-2022-274', '189177', '339936', '289314', '727063', 'A', '289314', '1', 95, 80, 90, 88, 'PASSED'),
(1044, '03-2022-274', '189177', '339936', '289314', '727843', 'A', '289314', '1', 89, 89, 85, 87, 'PASSED'),
(1045, '03-2022-274', '189177', '339936', '289314', '839219', 'A', '289314', '1', 88, 88, 90, 89, 'PASSED'),
(1046, '03-2022-274', '189177', '339936', '289314', '875810', 'A', '289314', '1', 89, 87, 91, 89, 'PASSED'),
(1047, '04-2022-106', '438200', '339936', '289314', '130622', 'B', '289314', '1', 87, 88, 90, 88, 'PASSED'),
(1048, '04-2022-106', '438200', '339936', '289314', '240452', 'B', '289314', '1', 89, 88, 90, 89, 'PASSED'),
(1049, '04-2022-106', '438200', '339936', '289314', '405337', 'B', '289314', '1', 83, 90, 91, 88, 'PASSED'),
(1050, '04-2022-106', '438200', '339936', '289314', '465277', 'B', '289314', '1', 84, 90, 90, 88, 'PASSED'),
(1051, '04-2022-106', '438200', '339936', '289314', '474820', 'B', '289314', '1', 90, 89, 85, 88, 'PASSED'),
(1052, '04-2022-106', '438200', '339936', '289314', '590862', 'B', '289314', '1', 80, 90, 93, 88, 'PASSED'),
(1053, '04-2022-106', '438200', '339936', '289314', '667193', 'B', '289314', '1', 89, 91, 89, 90, 'PASSED'),
(1054, '04-2022-106', '438200', '339936', '289314', '727063', 'B', '289314', '1', 91, 90, 90, 90, 'PASSED'),
(1055, '04-2022-106', '438200', '339936', '289314', '727843', 'B', '289314', '1', 85, 90, 90, 88, 'PASSED'),
(1056, '04-2022-106', '438200', '339936', '289314', '839219', 'B', '289314', '1', 85, 87, 90, 88, 'PASSED'),
(1057, '04-2022-106', '438200', '339936', '289314', '875810', 'B', '289314', '1', 90, 92, 90, 91, 'PASSED'),
(1058, '04-2022-376', '518826', '339936', '289314', '130622', 'B', '289314', '1', 87, 88, 90, 88, 'PASSED'),
(1059, '04-2022-376', '518826', '339936', '289314', '240452', 'B', '289314', '1', 89, 88, 90, 89, 'PASSED'),
(1060, '04-2022-376', '518826', '339936', '289314', '405337', 'B', '289314', '1', 87, 81, 87, 85, 'PASSED'),
(1061, '04-2022-376', '518826', '339936', '289314', '465277', 'B', '289314', '1', 86, 90, 89, 88, 'PASSED'),
(1062, '04-2022-376', '518826', '339936', '289314', '474820', 'B', '289314', '1', 90, 98, 89, 92, 'PASSED'),
(1063, '04-2022-376', '518826', '339936', '289314', '590862', 'B', '289314', '1', 89, 91, 91, 90, 'PASSED'),
(1064, '04-2022-376', '518826', '339936', '289314', '667193', 'B', '289314', '1', 89, 92, 89, 90, 'PASSED'),
(1065, '04-2022-376', '518826', '339936', '289314', '727063', 'B', '289314', '1', 87, 89, 90, 89, 'PASSED'),
(1066, '04-2022-376', '518826', '339936', '289314', '727843', 'B', '289314', '1', 86, 89, 97, 91, 'PASSED'),
(1067, '04-2022-376', '518826', '339936', '289314', '839219', 'B', '289314', '1', 85, 87, 90, 88, 'PASSED'),
(1068, '04-2022-376', '518826', '339936', '289314', '875810', 'B', '289314', '1', 89, 90, 90, 90, 'PASSED'),
(1069, '04-2022-277', '840933', '339936', '289314', '130622', 'B', '289314', '1', 87, 88, 90, 88, 'PASSED'),
(1070, '04-2022-277', '840933', '339936', '289314', '240452', 'B', '289314', '1', 89, 88, 90, 89, 'PASSED'),
(1071, '04-2022-277', '840933', '339936', '289314', '405337', 'B', '289314', '1', 80, 80, 85, 82, 'PASSED'),
(1072, '04-2022-277', '840933', '339936', '289314', '465277', 'B', '289314', '1', 91, 90, 87, 89, 'PASSED'),
(1073, '04-2022-277', '840933', '339936', '289314', '474820', 'B', '289314', '1', 89, 89, 90, 89, 'PASSED'),
(1074, '04-2022-277', '840933', '339936', '289314', '590862', 'B', '289314', '1', 91, 92, 91, 91, 'PASSED'),
(1075, '04-2022-277', '840933', '339936', '289314', '667193', 'B', '289314', '1', 89, 89, 89, 89, 'PASSED'),
(1076, '04-2022-277', '840933', '339936', '289314', '727063', 'B', '289314', '1', 87, 95, 89, 90, 'PASSED'),
(1077, '04-2022-277', '840933', '339936', '289314', '727843', 'B', '289314', '1', 88, 93, 93, 92, 'PASSED'),
(1078, '04-2022-277', '840933', '339936', '289314', '839219', 'B', '289314', '1', 85, 87, 90, 88, 'PASSED'),
(1079, '04-2022-277', '840933', '339936', '289314', '875810', 'B', '289314', '1', 89, 90, 89, 89, 'PASSED'),
(1080, '04-2022-262', '174432', '339936', '289314', '130622', 'B', '289314', '1', 87, 88, 90, 88, 'PASSED'),
(1081, '04-2022-262', '174432', '339936', '289314', '240452', 'B', '289314', '1', 89, 88, 90, 89, 'PASSED'),
(1082, '04-2022-262', '174432', '339936', '289314', '405337', 'B', '289314', '1', 89, 89, 83, 87, 'PASSED'),
(1083, '04-2022-262', '174432', '339936', '289314', '465277', 'B', '289314', '1', 94, 90, 90, 91, 'PASSED'),
(1084, '04-2022-262', '174432', '339936', '289314', '474820', 'B', '289314', '1', 87, 90, 83, 86, 'PASSED'),
(1085, '04-2022-262', '174432', '339936', '289314', '590862', 'B', '289314', '1', 90, 90, 90, 90, 'PASSED'),
(1086, '04-2022-262', '174432', '339936', '289314', '667193', 'B', '289314', '1', 89, 93, 89, 90, 'PASSED'),
(1087, '04-2022-262', '174432', '339936', '289314', '727063', 'B', '289314', '1', 85, 92, 90, 89, 'PASSED'),
(1088, '04-2022-262', '174432', '339936', '289314', '727843', 'B', '289314', '1', 89, 95, 90, 91, 'PASSED'),
(1089, '04-2022-262', '174432', '339936', '289314', '839219', 'B', '289314', '1', 85, 87, 90, 88, 'PASSED'),
(1090, '04-2022-262', '174432', '339936', '289314', '875810', 'B', '289314', '1', 89, 89, 85, 87, 'PASSED'),
(1091, '04-2022-420', '186853', '339936', '289314', '130622', 'B', '289314', '1', 87, 88, 90, 88, 'PASSED'),
(1092, '04-2022-420', '186853', '339936', '289314', '240452', 'B', '289314', '1', 89, 88, 90, 89, 'PASSED'),
(1093, '04-2022-420', '186853', '339936', '289314', '405337', 'B', '289314', '1', 91, 90, 85, 88, 'PASSED'),
(1094, '04-2022-420', '186853', '339936', '289314', '465277', 'B', '289314', '1', 80, 90, 91, 87, 'PASSED'),
(1095, '04-2022-420', '186853', '339936', '289314', '474820', 'B', '289314', '1', 89, 89, 89, 89, 'PASSED'),
(1096, '04-2022-420', '186853', '339936', '289314', '590862', 'B', '289314', '1', 90, 80, 89, 87, 'PASSED'),
(1097, '04-2022-420', '186853', '339936', '289314', '667193', 'B', '289314', '1', 89, 94, 89, 90, 'PASSED'),
(1098, '04-2022-420', '186853', '339936', '289314', '727063', 'B', '289314', '1', 96, 89, 89, 91, 'PASSED'),
(1099, '04-2022-420', '186853', '339936', '289314', '727843', 'B', '289314', '1', 96, 98, 90, 94, 'PASSED'),
(1100, '04-2022-420', '186853', '339936', '289314', '839219', 'B', '289314', '1', 85, 87, 90, 88, 'PASSED'),
(1101, '04-2022-420', '186853', '339936', '289314', '875810', 'B', '289314', '1', 92, 87, 96, 92, 'PASSED'),
(1102, '04-2022-373', '737102', '339936', '289314', '130622', 'B', '289314', '1', 87, 88, 90, 88, 'PASSED'),
(1103, '04-2022-373', '737102', '339936', '289314', '240452', 'B', '289314', '1', 89, 88, 90, 89, 'PASSED'),
(1104, '04-2022-373', '737102', '339936', '289314', '405337', 'B', '289314', '1', 91, 79, 90, 87, 'PASSED'),
(1105, '04-2022-373', '737102', '339936', '289314', '465277', 'B', '289314', '1', 85, 90, 94, 90, 'PASSED'),
(1106, '04-2022-373', '737102', '339936', '289314', '474820', 'B', '289314', '1', 90, 98, 85, 90, 'PASSED'),
(1107, '04-2022-373', '737102', '339936', '289314', '590862', 'B', '289314', '1', 92, 89, 86, 89, 'PASSED'),
(1108, '04-2022-373', '737102', '339936', '289314', '667193', 'B', '289314', '1', 89, 91, 89, 90, 'PASSED'),
(1109, '04-2022-373', '737102', '339936', '289314', '727063', 'B', '289314', '1', 81, 97, 90, 89, 'PASSED'),
(1110, '04-2022-373', '737102', '339936', '289314', '727843', 'B', '289314', '1', 90, 82, 92, 88, 'PASSED'),
(1111, '04-2022-373', '737102', '339936', '289314', '839219', 'B', '289314', '1', 85, 87, 90, 88, 'PASSED'),
(1112, '04-2022-373', '737102', '339936', '289314', '875810', 'B', '289314', '1', 91, 89, 89, 90, 'PASSED'),
(1113, '04-2022-286', '346583', '339936', '289314', '130622', 'B', '289314', '1', 87, 88, 90, 88, 'PASSED'),
(1114, '04-2022-286', '346583', '339936', '289314', '240452', 'B', '289314', '1', 89, 88, 91, 90, 'PASSED'),
(1115, '04-2022-286', '346583', '339936', '289314', '405337', 'B', '289314', '1', 90, 89, 91, 90, 'PASSED'),
(1116, '04-2022-286', '346583', '339936', '289314', '465277', 'B', '289314', '1', 92, 90, 89, 90, 'PASSED'),
(1117, '04-2022-286', '346583', '339936', '289314', '474820', 'B', '289314', '1', 89, 91, 86, 88, 'PASSED'),
(1118, '04-2022-286', '346583', '339936', '289314', '590862', 'B', '289314', '1', 93, 90, 82, 88, 'PASSED'),
(1119, '04-2022-286', '346583', '339936', '289314', '667193', 'B', '289314', '1', 89, 89, 89, 89, 'PASSED'),
(1120, '04-2022-286', '346583', '339936', '289314', '727063', 'B', '289314', '1', 90, 89, 89, 89, 'PASSED'),
(1121, '04-2022-286', '346583', '339936', '289314', '727843', 'B', '289314', '1', 83, 80, 95, 87, 'PASSED'),
(1122, '04-2022-286', '346583', '339936', '289314', '839219', 'B', '289314', '1', 86, 88, 90, 88, 'PASSED'),
(1123, '04-2022-286', '346583', '339936', '289314', '875810', 'B', '289314', '1', 90, 92, 86, 89, 'PASSED'),
(1124, '04-2022-314', '385860', '339936', '289314', '130622', 'B', '289314', '1', 87, 88, 90, 88, 'PASSED'),
(1125, '04-2022-314', '385860', '339936', '289314', '240452', 'B', '289314', '1', 89, 87, 91, 89, 'PASSED'),
(1126, '04-2022-314', '385860', '339936', '289314', '405337', 'B', '289314', '1', 87, 78, 86, 84, 'PASSED'),
(1127, '04-2022-314', '385860', '339936', '289314', '465277', 'B', '289314', '1', 90, 90, 85, 88, 'PASSED'),
(1128, '04-2022-314', '385860', '339936', '289314', '474820', 'B', '289314', '1', 87, 91, 95, 91, 'PASSED'),
(1129, '04-2022-314', '385860', '339936', '289314', '590862', 'B', '289314', '1', 85, 92, 89, 89, 'PASSED'),
(1130, '04-2022-314', '385860', '339936', '289314', '667193', 'B', '289314', '1', 89, 89, 89, 89, 'PASSED'),
(1131, '04-2022-314', '385860', '339936', '289314', '727063', 'B', '289314', '1', 89, 90, 90, 90, 'PASSED'),
(1132, '04-2022-314', '385860', '339936', '289314', '727843', 'B', '289314', '1', 80, 83, 88, 84, 'PASSED'),
(1133, '04-2022-314', '385860', '339936', '289314', '839219', 'B', '289314', '1', 86, 88, 90, 88, 'PASSED'),
(1134, '04-2022-314', '385860', '339936', '289314', '875810', 'B', '289314', '1', 86, 90, 89, 88, 'PASSED'),
(1135, '04-2022-452', '761711', '339936', '289314', '130622', 'B', '289314', '1', 89, 89, 90, 89, 'PASSED'),
(1136, '04-2022-452', '761711', '339936', '289314', '240452', 'B', '289314', '1', 88, 87, 91, 89, 'PASSED'),
(1137, '04-2022-452', '761711', '339936', '289314', '405337', 'B', '289314', '1', 85, 86, 88, 86, 'PASSED'),
(1138, '04-2022-452', '761711', '339936', '289314', '465277', 'B', '289314', '1', 82, 90, 85, 86, 'PASSED'),
(1139, '04-2022-452', '761711', '339936', '289314', '474820', 'B', '289314', '1', 89, 89, 89, 89, 'PASSED'),
(1140, '04-2022-452', '761711', '339936', '289314', '590862', 'B', '289314', '1', 86, 92, 84, 87, 'PASSED'),
(1141, '04-2022-452', '761711', '339936', '289314', '667193', 'B', '289314', '1', 89, 80, 89, 86, 'PASSED'),
(1142, '04-2022-452', '761711', '339936', '289314', '727063', 'B', '289314', '1', 89, 87, 89, 88, 'PASSED'),
(1143, '04-2022-452', '761711', '339936', '289314', '727843', 'B', '289314', '1', 92, 87, 86, 88, 'PASSED'),
(1144, '04-2022-452', '761711', '339936', '289314', '839219', 'B', '289314', '1', 86, 88, 90, 88, 'PASSED'),
(1145, '04-2022-452', '761711', '339936', '289314', '875810', 'B', '289314', '1', 89, 96, 79, 87, 'PASSED'),
(1146, '04-2022-409', '876122', '339936', '289314', '130622', 'B', '289314', '1', 89, 89, 90, 89, 'PASSED'),
(1147, '04-2022-409', '876122', '339936', '289314', '240452', 'B', '289314', '1', 88, 87, 91, 89, 'PASSED'),
(1148, '04-2022-409', '876122', '339936', '289314', '405337', 'B', '289314', '1', 81, 97, 87, 88, 'PASSED'),
(1149, '04-2022-409', '876122', '339936', '289314', '465277', 'B', '289314', '1', 83, 90, 89, 88, 'PASSED'),
(1150, '04-2022-409', '876122', '339936', '289314', '474820', 'B', '289314', '1', 90, 83, 90, 88, 'PASSED'),
(1151, '04-2022-409', '876122', '339936', '289314', '590862', 'B', '289314', '1', 87, 90, 85, 87, 'PASSED'),
(1152, '04-2022-409', '876122', '339936', '289314', '667193', 'B', '289314', '1', 89, 89, 89, 89, 'PASSED'),
(1153, '04-2022-409', '876122', '339936', '289314', '727063', 'B', '289314', '1', 86, 89, 90, 88, 'PASSED'),
(1154, '04-2022-409', '876122', '339936', '289314', '727843', 'B', '289314', '1', 90, 89, 84, 87, 'PASSED'),
(1155, '04-2022-409', '876122', '339936', '289314', '839219', 'B', '289314', '1', 86, 88, 90, 88, 'PASSED'),
(1156, '04-2022-409', '876122', '339936', '289314', '875810', 'B', '289314', '1', 87, 87, 82, 85, 'PASSED'),
(1157, '04-2022-167', '707620', '339936', '289314', '130622', 'B', '289314', '1', 89, 89, 90, 89, 'PASSED'),
(1158, '04-2022-167', '707620', '339936', '289314', '240452', 'B', '289314', '1', 88, 87, 91, 89, 'PASSED'),
(1159, '04-2022-167', '707620', '339936', '289314', '405337', 'B', '289314', '1', 88, 81, 90, 87, 'PASSED'),
(1160, '04-2022-167', '707620', '339936', '289314', '465277', 'B', '289314', '1', 81, 90, 90, 87, 'PASSED'),
(1161, '04-2022-167', '707620', '339936', '289314', '474820', 'B', '289314', '1', 92, 80, 92, 88, 'PASSED'),
(1162, '04-2022-167', '707620', '339936', '289314', '590862', 'B', '289314', '1', 85, 95, 89, 90, 'PASSED'),
(1163, '04-2022-167', '707620', '339936', '289314', '667193', 'B', '289314', '1', 89, 94, 89, 90, 'PASSED'),
(1164, '04-2022-167', '707620', '339936', '289314', '727063', 'B', '289314', '1', 85, 86, 89, 87, 'PASSED'),
(1165, '04-2022-167', '707620', '339936', '289314', '727843', 'B', '289314', '1', 81, 88, 85, 85, 'PASSED'),
(1166, '04-2022-167', '707620', '339936', '289314', '839219', 'B', '289314', '1', 86, 88, 90, 88, 'PASSED'),
(1167, '04-2022-167', '707620', '339936', '289314', '875810', 'B', '289314', '1', 90, 89, 92, 90, 'PASSED'),
(1168, '04-2022-169', '876018', '339936', '289314', '130622', 'B', '289314', '1', 89, 89, 91, 90, 'PASSED'),
(1169, '04-2022-169', '876018', '339936', '289314', '240452', 'B', '289314', '1', 88, 87, 91, 89, 'PASSED'),
(1170, '04-2022-169', '876018', '339936', '289314', '405337', 'B', '289314', '1', 89, 90, 91, 90, 'PASSED'),
(1171, '04-2022-169', '876018', '339936', '289314', '465277', 'B', '289314', '1', 88, 90, 89, 89, 'PASSED'),
(1172, '04-2022-169', '876018', '339936', '289314', '474820', 'B', '289314', '1', 90, 89, 90, 90, 'PASSED'),
(1173, '04-2022-169', '876018', '339936', '289314', '590862', 'B', '289314', '1', 85, 94, 88, 89, 'PASSED'),
(1174, '04-2022-169', '876018', '339936', '289314', '667193', 'B', '289314', '1', 89, 89, 89, 89, 'PASSED'),
(1175, '04-2022-169', '876018', '339936', '289314', '727063', 'B', '289314', '1', 81, 90, 90, 87, 'PASSED'),
(1176, '04-2022-169', '876018', '339936', '289314', '727843', 'B', '289314', '1', 80, 83, 96, 87, 'PASSED'),
(1177, '04-2022-169', '876018', '339936', '289314', '839219', 'B', '289314', '1', 86, 88, 90, 88, 'PASSED'),
(1178, '04-2022-169', '876018', '339936', '289314', '875810', 'B', '289314', '1', 81, 96, 84, 87, 'PASSED'),
(1179, '04-2022-320', '526317', '339936', '289314', '130622', 'B', '289314', '1', 89, 89, 91, 90, 'PASSED'),
(1180, '04-2022-320', '526317', '339936', '289314', '240452', 'B', '289314', '1', 88, 87, 91, 89, 'PASSED'),
(1181, '04-2022-320', '526317', '339936', '289314', '405337', 'B', '289314', '1', 91, 93, 89, 91, 'PASSED'),
(1182, '04-2022-320', '526317', '339936', '289314', '465277', 'B', '289314', '1', 87, 90, 91, 90, 'PASSED'),
(1183, '04-2022-320', '526317', '339936', '289314', '474820', 'B', '289314', '1', 89, 95, 89, 91, 'PASSED'),
(1184, '04-2022-320', '526317', '339936', '289314', '590862', 'B', '289314', '1', 91, 90, 92, 91, 'PASSED'),
(1185, '04-2022-320', '526317', '339936', '289314', '667193', 'B', '289314', '1', 89, 97, 89, 91, 'PASSED'),
(1186, '04-2022-320', '526317', '339936', '289314', '727063', 'B', '289314', '1', 94, 92, 89, 91, 'PASSED'),
(1187, '04-2022-320', '526317', '339936', '289314', '727843', 'B', '289314', '1', 80, 89, 86, 85, 'PASSED'),
(1188, '04-2022-320', '526317', '339936', '289314', '839219', 'B', '289314', '1', 87, 89, 90, 89, 'PASSED'),
(1189, '04-2022-320', '526317', '339936', '289314', '875810', 'B', '289314', '1', 86, 82, 85, 84, 'PASSED'),
(1190, '04-2022-226', '801414', '339936', '289314', '130622', 'B', '289314', '1', 89, 89, 91, 90, 'PASSED'),
(1191, '04-2022-226', '801414', '339936', '289314', '240452', 'B', '289314', '1', 88, 87, 91, 89, 'PASSED'),
(1192, '04-2022-226', '801414', '339936', '289314', '405337', 'B', '289314', '1', 90, 91, 87, 89, 'PASSED'),
(1193, '04-2022-226', '801414', '339936', '289314', '465277', 'B', '289314', '1', 86, 90, 92, 90, 'PASSED'),
(1194, '04-2022-226', '801414', '339936', '289314', '474820', 'B', '289314', '1', 88, 89, 88, 88, 'PASSED'),
(1195, '04-2022-226', '801414', '339936', '289314', '590862', 'B', '289314', '1', 90, 83, 90, 88, 'PASSED'),
(1196, '04-2022-226', '801414', '339936', '289314', '667193', 'B', '289314', '1', 89, 90, 89, 89, 'PASSED'),
(1197, '04-2022-226', '801414', '339936', '289314', '727063', 'B', '289314', '1', 92, 91, 90, 91, 'PASSED'),
(1198, '04-2022-226', '801414', '339936', '289314', '727843', 'B', '289314', '1', 92, 89, 85, 88, 'PASSED'),
(1199, '04-2022-226', '801414', '339936', '289314', '839219', 'B', '289314', '1', 87, 89, 90, 89, 'PASSED'),
(1200, '04-2022-226', '801414', '339936', '289314', '875810', 'B', '289314', '1', 84, 90, 89, 88, 'PASSED'),
(1201, '04-2022-346', '286410', '339936', '289314', '130622', 'B', '289314', '1', 88, 86, 91, 89, 'PASSED'),
(1202, '04-2022-346', '286410', '339936', '289314', '240452', 'B', '289314', '1', 87, 87, 92, 89, 'PASSED'),
(1203, '04-2022-346', '286410', '339936', '289314', '405337', 'B', '289314', '1', 88, 82, 87, 86, 'PASSED'),
(1204, '04-2022-346', '286410', '339936', '289314', '465277', 'B', '289314', '1', 92, 90, 90, 91, 'PASSED'),
(1205, '04-2022-346', '286410', '339936', '289314', '474820', 'B', '289314', '1', 82, 95, 86, 88, 'PASSED'),
(1206, '04-2022-346', '286410', '339936', '289314', '590862', 'B', '289314', '1', 95, 85, 93, 91, 'PASSED'),
(1207, '04-2022-346', '286410', '339936', '289314', '667193', 'B', '289314', '1', 89, 89, 89, 89, 'PASSED'),
(1208, '04-2022-346', '286410', '339936', '289314', '727063', 'B', '289314', '1', 81, 98, 90, 90, 'PASSED'),
(1209, '04-2022-346', '286410', '339936', '289314', '727843', 'B', '289314', '1', 96, 93, 84, 90, 'PASSED'),
(1210, '04-2022-346', '286410', '339936', '289314', '839219', 'B', '289314', '1', 87, 89, 90, 89, 'PASSED'),
(1211, '04-2022-346', '286410', '339936', '289314', '875810', 'B', '289314', '1', 85, 88, 89, 88, 'PASSED'),
(1212, '04-2022-372', '248753', '339936', '289314', '130622', 'B', '289314', '1', 88, 86, 91, 89, 'PASSED'),
(1213, '04-2022-372', '248753', '339936', '289314', '240452', 'B', '289314', '1', 87, 89, 92, 90, 'PASSED'),
(1214, '04-2022-372', '248753', '339936', '289314', '405337', 'B', '289314', '1', 85, 88, 89, 88, 'PASSED'),
(1215, '04-2022-372', '248753', '339936', '289314', '465277', 'B', '289314', '1', 90, 90, 86, 88, 'PASSED'),
(1216, '04-2022-372', '248753', '339936', '289314', '474820', 'B', '289314', '1', 89, 92, 87, 89, 'PASSED'),
(1217, '04-2022-372', '248753', '339936', '289314', '590862', 'B', '289314', '1', 92, 88, 96, 92, 'PASSED'),
(1218, '04-2022-372', '248753', '339936', '289314', '667193', 'B', '289314', '1', 89, 91, 89, 90, 'PASSED'),
(1219, '04-2022-372', '248753', '339936', '289314', '727063', 'B', '289314', '1', 90, 90, 89, 90, 'PASSED'),
(1220, '04-2022-372', '248753', '339936', '289314', '727843', 'B', '289314', '1', 90, 92, 96, 93, 'PASSED'),
(1221, '04-2022-372', '248753', '339936', '289314', '839219', 'B', '289314', '1', 87, 89, 90, 89, 'PASSED'),
(1222, '04-2022-372', '248753', '339936', '289314', '875810', 'B', '289314', '1', 89, 87, 87, 88, 'PASSED'),
(1223, '04-2022-366', '971465', '339936', '289314', '130622', 'B', '289314', '1', 88, 86, 91, 89, 'PASSED'),
(1224, '04-2022-366', '971465', '339936', '289314', '240452', 'B', '289314', '1', 87, 89, 92, 90, 'PASSED'),
(1225, '04-2022-366', '971465', '339936', '289314', '405337', 'B', '289314', '1', 89, 84, 90, 88, 'PASSED'),
(1226, '04-2022-366', '971465', '339936', '289314', '465277', 'B', '289314', '1', 87, 90, 88, 88, 'PASSED'),
(1227, '04-2022-366', '971465', '339936', '289314', '474820', 'B', '289314', '1', 92, 90, 92, 91, 'PASSED'),
(1228, '04-2022-366', '971465', '339936', '289314', '590862', 'B', '289314', '1', 90, 84, 90, 88, 'PASSED'),
(1229, '04-2022-366', '971465', '339936', '289314', '667193', 'B', '289314', '1', 89, 92, 89, 90, 'PASSED'),
(1230, '04-2022-366', '971465', '339936', '289314', '727063', 'B', '289314', '1', 88, 94, 90, 91, 'PASSED'),
(1231, '04-2022-366', '971465', '339936', '289314', '727843', 'B', '289314', '1', 89, 90, 98, 93, 'PASSED'),
(1232, '04-2022-366', '971465', '339936', '289314', '839219', 'B', '289314', '1', 87, 89, 90, 89, 'PASSED'),
(1233, '04-2022-366', '971465', '339936', '289314', '875810', 'B', '289314', '1', 96, 89, 87, 90, 'PASSED'),
(1234, '04-2022-466', '534316', '339936', '289314', '130622', 'B', '289314', '1', 88, 86, 91, 89, 'PASSED'),
(1235, '04-2022-466', '534316', '339936', '289314', '240452', 'B', '289314', '1', 87, 89, 92, 90, 'PASSED'),
(1236, '04-2022-466', '534316', '339936', '289314', '405337', 'B', '289314', '1', 88, 85, 98, 91, 'PASSED'),
(1237, '04-2022-466', '534316', '339936', '289314', '465277', 'B', '289314', '1', 81, 90, 89, 87, 'PASSED'),
(1238, '04-2022-466', '534316', '339936', '289314', '474820', 'B', '289314', '1', 90, 87, 91, 90, 'PASSED'),
(1239, '04-2022-466', '534316', '339936', '289314', '590862', 'B', '289314', '1', 89, 89, 90, 89, 'PASSED'),
(1240, '04-2022-466', '534316', '339936', '289314', '667193', 'B', '289314', '1', 89, 90, 89, 89, 'PASSED'),
(1241, '04-2022-466', '534316', '339936', '289314', '727063', 'B', '289314', '1', 87, 87, 89, 88, 'PASSED'),
(1242, '04-2022-466', '534316', '339936', '289314', '727843', 'B', '289314', '1', 89, 89, 90, 89, 'PASSED'),
(1243, '04-2022-466', '534316', '339936', '289314', '839219', 'B', '289314', '1', 87, 89, 90, 89, 'PASSED'),
(1244, '04-2022-466', '534316', '339936', '289314', '875810', 'B', '289314', '1', 97, 87, 91, 92, 'PASSED'),
(1245, '04-2022-451', '573410', '339936', '289314', '130622', 'B', '289314', '1', 88, 86, 91, 89, 'PASSED'),
(1246, '04-2022-451', '573410', '339936', '289314', '240452', 'B', '289314', '1', 87, 89, 92, 90, 'PASSED'),
(1247, '04-2022-451', '573410', '339936', '289314', '405337', 'B', '289314', '1', 87, 89, 79, 84, 'PASSED'),
(1248, '04-2022-451', '573410', '339936', '289314', '465277', 'B', '289314', '1', 90, 90, 87, 89, 'PASSED'),
(1249, '04-2022-451', '573410', '339936', '289314', '474820', 'B', '289314', '1', 89, 89, 90, 89, 'PASSED'),
(1250, '04-2022-451', '573410', '339936', '289314', '590862', 'B', '289314', '1', 88, 92, 85, 88, 'PASSED'),
(1251, '04-2022-451', '573410', '339936', '289314', '667193', 'B', '289314', '1', 89, 89, 89, 89, 'PASSED'),
(1252, '04-2022-451', '573410', '339936', '289314', '727063', 'B', '289314', '1', 93, 89, 89, 90, 'PASSED'),
(1253, '04-2022-451', '573410', '339936', '289314', '727843', 'B', '289314', '1', 88, 89, 87, 88, 'PASSED'),
(1254, '04-2022-451', '573410', '339936', '289314', '839219', 'B', '289314', '1', 87, 89, 90, 89, 'PASSED'),
(1255, '04-2022-451', '573410', '339936', '289314', '875810', 'B', '289314', '1', 87, 93, 90, 90, 'PASSED'),
(1256, '04-2022-352', '654357', '339936', '289314', '130622', 'B', '289314', '1', 88, 86, 91, 89, 'PASSED'),
(1257, '04-2022-352', '654357', '339936', '289314', '240452', 'B', '289314', '1', 87, 89, 92, 90, 'PASSED'),
(1258, '04-2022-352', '654357', '339936', '289314', '405337', 'B', '289314', '1', 89, 90, 90, 90, 'PASSED'),
(1259, '04-2022-352', '654357', '339936', '289314', '465277', 'B', '289314', '1', 92, 90, 90, 91, 'PASSED'),
(1260, '04-2022-352', '654357', '339936', '289314', '474820', 'B', '289314', '1', 86, 87, 87, 87, 'PASSED'),
(1261, '04-2022-352', '654357', '339936', '289314', '590862', 'B', '289314', '1', 87, 89, 89, 88, 'PASSED'),
(1262, '04-2022-352', '654357', '339936', '289314', '667193', 'B', '289314', '1', 89, 89, 89, 89, 'PASSED'),
(1263, '04-2022-352', '654357', '339936', '289314', '727063', 'B', '289314', '1', 92, 90, 89, 90, 'PASSED'),
(1264, '04-2022-352', '654357', '339936', '289314', '727843', 'B', '289314', '1', 89, 87, 80, 85, 'PASSED'),
(1265, '04-2022-352', '654357', '339936', '289314', '839219', 'B', '289314', '1', 87, 89, 90, 89, 'PASSED'),
(1266, '04-2022-352', '654357', '339936', '289314', '875810', 'B', '289314', '1', 90, 94, 89, 91, 'PASSED'),
(1269, '03-2022-339', '988397', '339936', '666322', '101738', 'A', '666322', '1', 86, 90, 87, 88, 'PASSED'),
(1270, '03-2022-339', '988397', '339936', '666322', '143382', 'A', '666322', '1', 89, 92, 92, 91, 'PASSED'),
(1271, '03-2022-339', '988397', '339936', '666322', '267215', 'A', '666322', '1', 86, 89, 87, 87, 'PASSED'),
(1272, '03-2022-339', '988397', '339936', '666322', '298729', 'A', '666322', '1', 88, 87, 90, 88, 'PASSED'),
(1273, '03-2022-339', '988397', '339936', '666322', '485292', 'A', '666322', '1', 87, 89, 90, 89, 'PASSED'),
(1274, '03-2022-339', '988397', '339936', '666322', '547621', 'A', '666322', '1', 85, 87, 90, 88, 'PASSED'),
(1275, '03-2022-339', '988397', '339936', '666322', '584012', 'A', '666322', '1', 89, 90, 91, 90, 'PASSED'),
(1276, '03-2022-339', '988397', '339936', '666322', '677116', 'A', '666322', '1', 88, 86, 90, 88, 'PASSED'),
(1277, '03-2022-339', '988397', '339936', '666322', '948586', 'A', '666322', '1', 87, 89, 90, 89, 'PASSED'),
(1278, '03-2022-341', '310879', '339936', '666322', '101738', 'A', '666322', '1', 84, 90, 87, 87, 'PASSED'),
(1279, '03-2022-341', '310879', '339936', '666322', '143382', 'A', '666322', '1', 89, 92, 92, 91, 'PASSED'),
(1280, '03-2022-341', '310879', '339936', '666322', '267215', 'A', '666322', '1', 86, 89, 87, 87, 'PASSED'),
(1281, '03-2022-341', '310879', '339936', '666322', '298729', 'A', '666322', '1', 88, 87, 90, 88, 'PASSED'),
(1282, '03-2022-341', '310879', '339936', '666322', '485292', 'A', '666322', '1', 87, 89, 90, 89, 'PASSED'),
(1283, '03-2022-341', '310879', '339936', '666322', '547621', 'A', '666322', '1', 85, 87, 90, 88, 'PASSED'),
(1284, '03-2022-341', '310879', '339936', '666322', '584012', 'A', '666322', '1', 89, 90, 91, 90, 'PASSED'),
(1285, '03-2022-341', '310879', '339936', '666322', '677116', 'A', '666322', '1', 88, 86, 90, 88, 'PASSED'),
(1286, '03-2022-341', '310879', '339936', '666322', '948586', 'A', '666322', '1', 87, 89, 90, 89, 'PASSED'),
(1287, '03-2022-229', '351855', '339936', '666322', '101738', 'A', '666322', '1', 90, 90, 87, 89, 'PASSED'),
(1288, '03-2022-229', '351855', '339936', '666322', '143382', 'A', '666322', '1', 89, 92, 92, 91, 'PASSED'),
(1289, '03-2022-229', '351855', '339936', '666322', '267215', 'A', '666322', '1', 86, 89, 87, 87, 'PASSED'),
(1290, '03-2022-229', '351855', '339936', '666322', '298729', 'A', '666322', '1', 88, 87, 90, 88, 'PASSED'),
(1291, '03-2022-229', '351855', '339936', '666322', '485292', 'A', '666322', '1', 87, 89, 90, 89, 'PASSED'),
(1292, '03-2022-229', '351855', '339936', '666322', '547621', 'A', '666322', '1', 85, 87, 90, 88, 'PASSED'),
(1293, '03-2022-229', '351855', '339936', '666322', '584012', 'A', '666322', '1', 89, 90, 91, 90, 'PASSED'),
(1294, '03-2022-229', '351855', '339936', '666322', '677116', 'A', '666322', '1', 88, 86, 90, 88, 'PASSED'),
(1295, '03-2022-229', '351855', '339936', '666322', '948586', 'A', '666322', '1', 87, 89, 90, 89, 'PASSED'),
(1296, '03-2022-389', '666591', '339936', '666322', '101738', 'A', '666322', '1', 96, 90, 87, 91, 'PASSED'),
(1297, '03-2022-389', '666591', '339936', '666322', '143382', 'A', '666322', '1', 89, 92, 92, 91, 'PASSED'),
(1298, '03-2022-389', '666591', '339936', '666322', '267215', 'A', '666322', '1', 86, 89, 87, 87, 'PASSED'),
(1299, '03-2022-389', '666591', '339936', '666322', '298729', 'A', '666322', '1', 88, 87, 90, 88, 'PASSED'),
(1300, '03-2022-389', '666591', '339936', '666322', '485292', 'A', '666322', '1', 87, 89, 90, 89, 'PASSED'),
(1301, '03-2022-389', '666591', '339936', '666322', '547621', 'A', '666322', '1', 85, 87, 90, 88, 'PASSED'),
(1302, '03-2022-389', '666591', '339936', '666322', '584012', 'A', '666322', '1', 89, 90, 91, 90, 'PASSED'),
(1303, '03-2022-389', '666591', '339936', '666322', '677116', 'A', '666322', '1', 88, 86, 90, 88, 'PASSED'),
(1304, '03-2022-389', '666591', '339936', '666322', '948586', 'A', '666322', '1', 87, 89, 90, 89, 'PASSED'),
(1314, '03-2022-143', '943657', '339936', '666322', '101738', 'A', '666322', '1', 88, 90, 87, 88, 'PASSED'),
(1315, '03-2022-143', '943657', '339936', '666322', '143382', 'A', '666322', '1', 89, 92, 92, 91, 'PASSED'),
(1316, '03-2022-143', '943657', '339936', '666322', '267215', 'A', '666322', '1', 86, 89, 87, 87, 'PASSED'),
(1317, '03-2022-143', '943657', '339936', '666322', '298729', 'A', '666322', '1', 88, 87, 90, 88, 'PASSED'),
(1318, '03-2022-143', '943657', '339936', '666322', '485292', 'A', '666322', '1', 87, 89, 90, 89, 'PASSED'),
(1319, '03-2022-143', '943657', '339936', '666322', '547621', 'A', '666322', '1', 85, 87, 90, 88, 'PASSED'),
(1320, '03-2022-143', '943657', '339936', '666322', '584012', 'A', '666322', '1', 89, 90, 91, 90, 'PASSED'),
(1321, '03-2022-143', '943657', '339936', '666322', '677116', 'A', '666322', '1', 88, 86, 90, 88, 'PASSED'),
(1322, '03-2022-143', '943657', '339936', '666322', '948586', 'A', '666322', '1', 87, 89, 90, 89, 'PASSED'),
(1332, '03-2022-276', '993236', '339936', '666322', '101738', 'A', '666322', '1', 88, 90, 87, 88, 'PASSED'),
(1333, '03-2022-276', '993236', '339936', '666322', '143382', 'A', '666322', '1', 89, 92, 92, 91, 'PASSED'),
(1334, '03-2022-276', '993236', '339936', '666322', '267215', 'A', '666322', '1', 86, 89, 87, 87, 'PASSED'),
(1335, '03-2022-276', '993236', '339936', '666322', '298729', 'A', '666322', '1', 88, 84, 90, 88, 'PASSED'),
(1336, '03-2022-276', '993236', '339936', '666322', '485292', 'A', '666322', '1', 87, 89, 90, 89, 'PASSED'),
(1337, '03-2022-276', '993236', '339936', '666322', '547621', 'A', '666322', '1', 85, 87, 90, 88, 'PASSED'),
(1338, '03-2022-276', '993236', '339936', '666322', '584012', 'A', '666322', '1', 89, 90, 91, 90, 'PASSED'),
(1339, '03-2022-276', '993236', '339936', '666322', '677116', 'A', '666322', '1', 86, 89, 90, 88, 'PASSED'),
(1340, '03-2022-276', '993236', '339936', '666322', '948586', 'A', '666322', '1', 87, 89, 90, 89, 'PASSED'),
(1359, '03-2022-108', '468290', '339936', '666322', '101738', 'A', '666322', '1', 84, 90, 89, 88, 'PASSED'),
(1360, '03-2022-108', '468290', '339936', '666322', '143382', 'A', '666322', '1', 90, 92, 89, 90, 'PASSED'),
(1361, '03-2022-108', '468290', '339936', '666322', '267215', 'A', '666322', '1', 86, 89, 87, 87, 'PASSED'),
(1362, '03-2022-108', '468290', '339936', '666322', '298729', 'A', '666322', '1', 88, 84, 90, 88, 'PASSED'),
(1363, '03-2022-108', '468290', '339936', '666322', '485292', 'A', '666322', '1', 88, 88, 91, 89, 'PASSED'),
(1364, '03-2022-108', '468290', '339936', '666322', '547621', 'A', '666322', '1', 85, 86, 90, 87, 'PASSED'),
(1365, '03-2022-108', '468290', '339936', '666322', '584012', 'A', '666322', '1', 89, 90, 91, 90, 'PASSED'),
(1366, '03-2022-108', '468290', '339936', '666322', '677116', 'A', '666322', '1', 86, 89, 90, 88, 'PASSED'),
(1367, '03-2022-108', '468290', '339936', '666322', '948586', 'A', '666322', '1', 87, 89, 90, 89, 'PASSED'),
(1368, '03-2022-498', '982183', '339936', '666322', '101738', 'A', '666322', '1', 83, 90, 89, 88, 'PASSED'),
(1369, '03-2022-498', '982183', '339936', '666322', '143382', 'A', '666322', '1', 90, 92, 89, 90, 'PASSED'),
(1370, '03-2022-498', '982183', '339936', '666322', '267215', 'A', '666322', '1', 86, 89, 87, 87, 'PASSED'),
(1371, '03-2022-498', '982183', '339936', '666322', '298729', 'A', '666322', '1', 88, 84, 90, 88, 'PASSED'),
(1372, '03-2022-498', '982183', '339936', '666322', '485292', 'A', '666322', '1', 88, 88, 91, 89, 'PASSED'),
(1373, '03-2022-498', '982183', '339936', '666322', '547621', 'A', '666322', '1', 85, 86, 90, 87, 'PASSED'),
(1374, '03-2022-498', '982183', '339936', '666322', '584012', 'A', '666322', '1', 89, 90, 91, 90, 'PASSED'),
(1375, '03-2022-498', '982183', '339936', '666322', '677116', 'A', '666322', '1', 86, 89, 90, 88, 'PASSED'),
(1376, '03-2022-498', '982183', '339936', '666322', '948586', 'A', '666322', '1', 87, 89, 90, 89, 'PASSED'),
(1386, '03-2022-270', '700676', '339936', '666322', '101738', 'A', '666322', '1', 83, 90, 89, 88, 'PASSED'),
(1387, '03-2022-270', '700676', '339936', '666322', '143382', 'A', '666322', '1', 90, 86, 89, 88, 'PASSED'),
(1388, '03-2022-270', '700676', '339936', '666322', '267215', 'A', '666322', '1', 86, 89, 87, 87, 'PASSED'),
(1389, '03-2022-270', '700676', '339936', '666322', '298729', 'A', '666322', '1', 88, 86, 90, 88, 'PASSED'),
(1390, '03-2022-270', '700676', '339936', '666322', '485292', 'A', '666322', '1', 88, 88, 91, 89, 'PASSED'),
(1391, '03-2022-270', '700676', '339936', '666322', '547621', 'A', '666322', '1', 85, 86, 90, 87, 'PASSED'),
(1392, '03-2022-270', '700676', '339936', '666322', '584012', 'A', '666322', '1', 89, 90, 91, 90, 'PASSED'),
(1393, '03-2022-270', '700676', '339936', '666322', '677116', 'A', '666322', '1', 86, 89, 90, 88, 'PASSED'),
(1394, '03-2022-270', '700676', '339936', '666322', '948586', 'A', '666322', '1', 87, 89, 90, 89, 'PASSED'),
(1395, '03-2022-419', '920191', '339936', '666322', '101738', 'A', '666322', '1', 83, 90, 89, 88, 'PASSED'),
(1396, '03-2022-419', '920191', '339936', '666322', '143382', 'A', '666322', '1', 90, 86, 89, 88, 'PASSED'),
(1397, '03-2022-419', '920191', '339936', '666322', '267215', 'A', '666322', '1', 86, 89, 87, 87, 'PASSED'),
(1398, '03-2022-419', '920191', '339936', '666322', '298729', 'A', '666322', '1', 88, 86, 90, 88, 'PASSED'),
(1399, '03-2022-419', '920191', '339936', '666322', '485292', 'A', '666322', '1', 88, 88, 91, 89, 'PASSED'),
(1400, '03-2022-419', '920191', '339936', '666322', '547621', 'A', '666322', '1', 85, 86, 90, 87, 'PASSED'),
(1401, '03-2022-419', '920191', '339936', '666322', '584012', 'A', '666322', '1', 89, 90, 91, 90, 'PASSED'),
(1402, '03-2022-419', '920191', '339936', '666322', '677116', 'A', '666322', '1', 89, 89, 90, 89, 'PASSED'),
(1403, '03-2022-419', '920191', '339936', '666322', '948586', 'A', '666322', '1', 87, 89, 90, 89, 'PASSED'),
(1422, '03-2022-113', '916703', '339936', '666322', '101738', 'A', '666322', '1', 83, 90, 89, 88, 'PASSED'),
(1423, '03-2022-113', '916703', '339936', '666322', '143382', 'A', '666322', '1', 90, 86, 89, 88, 'PASSED'),
(1424, '03-2022-113', '916703', '339936', '666322', '267215', 'A', '666322', '1', 86, 89, 87, 87, 'PASSED'),
(1425, '03-2022-113', '916703', '339936', '666322', '298729', 'A', '666322', '1', 88, 86, 90, 88, 'PASSED'),
(1426, '03-2022-113', '916703', '339936', '666322', '485292', 'A', '666322', '1', 88, 88, 91, 89, 'PASSED'),
(1427, '03-2022-113', '916703', '339936', '666322', '547621', 'A', '666322', '1', 85, 86, 90, 87, 'PASSED'),
(1428, '03-2022-113', '916703', '339936', '666322', '584012', 'A', '666322', '1', 89, 90, 91, 90, 'PASSED'),
(1429, '03-2022-113', '916703', '339936', '666322', '677116', 'A', '666322', '1', 89, 88, 90, 89, 'PASSED'),
(1430, '03-2022-113', '916703', '339936', '666322', '948586', 'A', '666322', '1', 87, 89, 90, 89, 'PASSED'),
(1440, '03-2022-149', '830590', '339936', '666322', '101738', 'B', '666322', '1', 85, 88, 90, 88, 'PASSED'),
(1441, '03-2022-149', '830590', '339936', '666322', '143382', 'B', '666322', '1', 90, 84, 87, 87, 'PASSED'),
(1442, '03-2022-149', '830590', '339936', '666322', '267215', 'B', '666322', '1', 86, 89, 90, 88, 'PASSED'),
(1443, '03-2022-149', '830590', '339936', '666322', '298729', 'B', '666322', '1', 87, 90, 89, 89, 'PASSED'),
(1444, '03-2022-149', '830590', '339936', '666322', '485292', 'B', '666322', '1', 85, 88, 90, 88, 'PASSED'),
(1445, '03-2022-149', '830590', '339936', '666322', '547621', 'B', '666322', '1', 87, 87, 90, 88, 'PASSED'),
(1446, '03-2022-149', '830590', '339936', '666322', '584012', 'B', '666322', '1', 88, 89, 90, 89, 'PASSED'),
(1447, '03-2022-149', '830590', '339936', '666322', '677116', 'B', '666322', '1', 88, 89, 90, 89, 'PASSED'),
(1448, '03-2022-149', '830590', '339936', '666322', '948586', 'B', '666322', '1', 88, 89, 90, 89, 'PASSED'),
(1467, '03-2022-176', '401165', '339936', '666322', '101738', 'B', '666322', '1', 85, 88, 90, 88, 'PASSED'),
(1468, '03-2022-176', '401165', '339936', '666322', '143382', 'B', '666322', '1', 90, 84, 87, 87, 'PASSED'),
(1469, '03-2022-176', '401165', '339936', '666322', '267215', 'B', '666322', '1', 86, 89, 90, 88, 'PASSED'),
(1470, '03-2022-176', '401165', '339936', '666322', '298729', 'B', '666322', '1', 87, 90, 89, 89, 'PASSED'),
(1471, '03-2022-176', '401165', '339936', '666322', '485292', 'B', '666322', '1', 85, 88, 90, 88, 'PASSED'),
(1472, '03-2022-176', '401165', '339936', '666322', '547621', 'B', '666322', '1', 87, 87, 90, 88, 'PASSED'),
(1473, '03-2022-176', '401165', '339936', '666322', '584012', 'B', '666322', '1', 88, 89, 90, 89, 'PASSED'),
(1474, '03-2022-176', '401165', '339936', '666322', '677116', 'B', '666322', '1', 88, 89, 90, 89, 'PASSED'),
(1475, '03-2022-176', '401165', '339936', '666322', '948586', 'B', '666322', '1', 88, 89, 90, 89, 'PASSED'),
(1476, '03-2022-104', '963641', '339936', '666322', '101738', 'B', '666322', '1', 88, 88, 90, 89, 'PASSED'),
(1477, '03-2022-104', '963641', '339936', '666322', '143382', 'B', '666322', '1', 89, 89, 89, 89, 'PASSED'),
(1478, '03-2022-104', '963641', '339936', '666322', '267215', 'B', '666322', '1', 86, 89, 90, 88, 'PASSED'),
(1479, '03-2022-104', '963641', '339936', '666322', '298729', 'B', '666322', '1', 87, 90, 89, 89, 'PASSED'),
(1480, '03-2022-104', '963641', '339936', '666322', '485292', 'B', '666322', '1', 85, 88, 90, 88, 'PASSED'),
(1481, '03-2022-104', '963641', '339936', '666322', '547621', 'B', '666322', '1', 87, 87, 90, 88, 'PASSED'),
(1482, '03-2022-104', '963641', '339936', '666322', '584012', 'B', '666322', '1', 88, 89, 90, 89, 'PASSED'),
(1483, '03-2022-104', '963641', '339936', '666322', '677116', 'B', '666322', '1', 88, 89, 90, 89, 'PASSED'),
(1484, '03-2022-104', '963641', '339936', '666322', '948586', 'B', '666322', '1', 88, 89, 90, 89, 'PASSED'),
(1494, '03-2022-255', '389966', '339936', '666322', '101738', 'B', '666322', '1', 88, 84, 90, 88, 'PASSED'),
(1495, '03-2022-255', '389966', '339936', '666322', '143382', 'B', '666322', '1', 89, 89, 89, 89, 'PASSED'),
(1496, '03-2022-255', '389966', '339936', '666322', '267215', 'B', '666322', '1', 86, 89, 90, 88, 'PASSED'),
(1497, '03-2022-255', '389966', '339936', '666322', '298729', 'B', '666322', '1', 87, 90, 89, 89, 'PASSED'),
(1498, '03-2022-255', '389966', '339936', '666322', '485292', 'B', '666322', '1', 85, 88, 90, 88, 'PASSED'),
(1499, '03-2022-255', '389966', '339936', '666322', '547621', 'B', '666322', '1', 87, 87, 90, 88, 'PASSED'),
(1500, '03-2022-255', '389966', '339936', '666322', '584012', 'B', '666322', '1', 88, 89, 90, 89, 'PASSED'),
(1501, '03-2022-255', '389966', '339936', '666322', '677116', 'B', '666322', '1', 88, 89, 90, 89, 'PASSED'),
(1502, '03-2022-255', '389966', '339936', '666322', '948586', 'B', '666322', '1', 88, 89, 90, 89, 'PASSED'),
(1530, '03-2022-312', '743870', '339936', '666322', '101738', 'B', '666322', '1', 88, 84, 90, 88, 'PASSED'),
(1531, '03-2022-312', '743870', '339936', '666322', '143382', 'B', '666322', '1', 89, 89, 89, 89, 'PASSED'),
(1532, '03-2022-312', '743870', '339936', '666322', '267215', 'B', '666322', '1', 86, 89, 90, 88, 'PASSED'),
(1533, '03-2022-312', '743870', '339936', '666322', '298729', 'B', '666322', '1', 86, 90, 89, 88, 'PASSED'),
(1534, '03-2022-312', '743870', '339936', '666322', '485292', 'B', '666322', '1', 88, 85, 89, 88, 'PASSED'),
(1535, '03-2022-312', '743870', '339936', '666322', '547621', 'B', '666322', '1', 89, 89, 90, 89, 'PASSED'),
(1536, '03-2022-312', '743870', '339936', '666322', '584012', 'B', '666322', '1', 88, 89, 90, 89, 'PASSED'),
(1537, '03-2022-312', '743870', '339936', '666322', '677116', 'B', '666322', '1', 89, 89, 90, 89, 'PASSED'),
(1538, '03-2022-312', '743870', '339936', '666322', '948586', 'B', '666322', '1', 88, 89, 90, 89, 'PASSED'),
(1539, '03-2022-487', '924454', '339936', '666322', '101738', 'B', '666322', '1', 88, 84, 90, 88, 'PASSED'),
(1540, '03-2022-487', '924454', '339936', '666322', '143382', 'B', '666322', '1', 89, 89, 89, 89, 'PASSED'),
(1541, '03-2022-487', '924454', '339936', '666322', '267215', 'B', '666322', '1', 86, 89, 90, 88, 'PASSED'),
(1542, '03-2022-487', '924454', '339936', '666322', '298729', 'B', '666322', '1', 86, 90, 90, 89, 'PASSED'),
(1543, '03-2022-487', '924454', '339936', '666322', '485292', 'B', '666322', '1', 88, 85, 89, 88, 'PASSED'),
(1544, '03-2022-487', '924454', '339936', '666322', '547621', 'B', '666322', '1', 89, 89, 90, 89, 'PASSED'),
(1545, '03-2022-487', '924454', '339936', '666322', '584012', 'B', '666322', '1', 88, 89, 90, 89, 'PASSED'),
(1546, '03-2022-487', '924454', '339936', '666322', '677116', 'B', '666322', '1', 89, 89, 90, 89, 'PASSED'),
(1547, '03-2022-487', '924454', '339936', '666322', '948586', 'B', '666322', '1', 88, 89, 90, 89, 'PASSED'),
(1548, '03-2022-216', '505780', '339936', '666322', '101738', 'B', '666322', '1', 88, 84, 90, 88, 'PASSED'),
(1549, '03-2022-216', '505780', '339936', '666322', '143382', 'B', '666322', '1', 89, 90, 89, 89, 'PASSED'),
(1550, '03-2022-216', '505780', '339936', '666322', '267215', 'B', '666322', '1', 86, 89, 90, 88, 'PASSED'),
(1551, '03-2022-216', '505780', '339936', '666322', '298729', 'B', '666322', '1', 86, 90, 90, 89, 'PASSED'),
(1552, '03-2022-216', '505780', '339936', '666322', '485292', 'B', '666322', '1', 88, 85, 89, 88, 'PASSED'),
(1553, '03-2022-216', '505780', '339936', '666322', '547621', 'B', '666322', '1', 89, 89, 90, 89, 'PASSED'),
(1554, '03-2022-216', '505780', '339936', '666322', '584012', 'B', '666322', '1', 88, 89, 90, 89, 'PASSED'),
(1555, '03-2022-216', '505780', '339936', '666322', '677116', 'B', '666322', '1', 89, 89, 90, 89, 'PASSED'),
(1556, '03-2022-216', '505780', '339936', '666322', '948586', 'B', '666322', '1', 88, 89, 90, 89, 'PASSED'),
(1557, '03-2022-495', '239917', '339936', '666322', '101738', 'B', '666322', '1', 87, 84, 90, 87, 'PASSED'),
(1558, '03-2022-495', '239917', '339936', '666322', '143382', 'B', '666322', '1', 84, 90, 90, 88, 'PASSED'),
(1559, '03-2022-495', '239917', '339936', '666322', '267215', 'B', '666322', '1', 86, 89, 90, 88, 'PASSED'),
(1560, '03-2022-495', '239917', '339936', '666322', '298729', 'B', '666322', '1', 86, 90, 90, 89, 'PASSED'),
(1561, '03-2022-495', '239917', '339936', '666322', '485292', 'B', '666322', '1', 88, 85, 89, 88, 'PASSED'),
(1562, '03-2022-495', '239917', '339936', '666322', '547621', 'B', '666322', '1', 89, 89, 90, 89, 'PASSED'),
(1563, '03-2022-495', '239917', '339936', '666322', '584012', 'B', '666322', '1', 88, 89, 90, 89, 'PASSED'),
(1564, '03-2022-495', '239917', '339936', '666322', '677116', 'B', '666322', '1', 89, 89, 90, 89, 'PASSED'),
(1565, '03-2022-495', '239917', '339936', '666322', '948586', 'B', '666322', '1', 88, 89, 90, 89, 'PASSED'),
(1575, '03-2022-215', '260674', '339936', '666322', '101738', 'B', '666322', '1', 87, 84, 90, 87, 'PASSED'),
(1576, '03-2022-215', '260674', '339936', '666322', '143382', 'B', '666322', '1', 84, 90, 90, 88, 'PASSED'),
(1577, '03-2022-215', '260674', '339936', '666322', '267215', 'B', '666322', '1', 86, 89, 90, 88, 'PASSED'),
(1578, '03-2022-215', '260674', '339936', '666322', '298729', 'B', '666322', '1', 86, 90, 90, 89, 'PASSED'),
(1579, '03-2022-215', '260674', '339936', '666322', '485292', 'B', '666322', '1', 88, 85, 89, 88, 'PASSED'),
(1580, '03-2022-215', '260674', '339936', '666322', '547621', 'B', '666322', '1', 89, 89, 90, 89, 'PASSED'),
(1581, '03-2022-215', '260674', '339936', '666322', '584012', 'B', '666322', '1', 88, 89, 90, 89, 'PASSED'),
(1582, '03-2022-215', '260674', '339936', '666322', '677116', 'B', '666322', '1', 89, 89, 90, 89, 'PASSED'),
(1583, '03-2022-215', '260674', '339936', '666322', '948586', 'B', '666322', '1', 88, 89, 90, 89, 'PASSED'),
(1593, '03-2022-303', '841161', '339936', '666322', '101738', 'B', '666322', '1', 87, 87, 90, 88, 'PASSED');
INSERT INTO `grades_report` (`grades_report_id`, `student_id`, `enrollment_id`, `academic_id`, `program_id`, `subject_id`, `grades_section`, `grades_course`, `grades_year`, `prelim`, `midterm`, `final`, `average`, `remarks`) VALUES
(1594, '03-2022-303', '841161', '339936', '666322', '143382', 'B', '666322', '1', 84, 90, 90, 88, 'PASSED'),
(1595, '03-2022-303', '841161', '339936', '666322', '267215', 'B', '666322', '1', 86, 89, 90, 88, 'PASSED'),
(1596, '03-2022-303', '841161', '339936', '666322', '298729', 'B', '666322', '1', 86, 90, 90, 89, 'PASSED'),
(1597, '03-2022-303', '841161', '339936', '666322', '485292', 'B', '666322', '1', 88, 85, 89, 88, 'PASSED'),
(1598, '03-2022-303', '841161', '339936', '666322', '547621', 'B', '666322', '1', 89, 89, 90, 89, 'PASSED'),
(1599, '03-2022-303', '841161', '339936', '666322', '584012', 'B', '666322', '1', 88, 89, 90, 89, 'PASSED'),
(1600, '03-2022-303', '841161', '339936', '666322', '677116', 'B', '666322', '1', 89, 89, 90, 89, 'PASSED'),
(1601, '03-2022-303', '841161', '339936', '666322', '948586', 'B', '666322', '1', 88, 89, 90, 89, 'PASSED'),
(1602, '03-2022-298', '340084', '339936', '666322', '101738', 'B', '666322', '1', 87, 87, 90, 88, 'PASSED'),
(1603, '03-2022-298', '340084', '339936', '666322', '143382', 'B', '666322', '1', 84, 90, 90, 88, 'PASSED'),
(1604, '03-2022-298', '340084', '339936', '666322', '267215', 'B', '666322', '1', 86, 89, 90, 88, 'PASSED'),
(1605, '03-2022-298', '340084', '339936', '666322', '298729', 'B', '666322', '1', 86, 90, 90, 89, 'PASSED'),
(1606, '03-2022-298', '340084', '339936', '666322', '485292', 'B', '666322', '1', 88, 85, 89, 88, 'PASSED'),
(1607, '03-2022-298', '340084', '339936', '666322', '547621', 'B', '666322', '1', 89, 89, 90, 89, 'PASSED'),
(1608, '03-2022-298', '340084', '339936', '666322', '584012', 'B', '666322', '1', 88, 89, 90, 89, 'PASSED'),
(1609, '03-2022-298', '340084', '339936', '666322', '677116', 'B', '666322', '1', 89, 89, 90, 89, 'PASSED'),
(1610, '03-2022-298', '340084', '339936', '666322', '948586', 'B', '666322', '1', 88, 89, 90, 89, 'PASSED'),
(1611, '03-2022-329', '294137', '339936', '666322', '101738', 'B', '666322', '1', 87, 87, 90, 88, 'PASSED'),
(1612, '03-2022-329', '294137', '339936', '666322', '143382', 'B', '666322', '1', 84, 90, 90, 88, 'PASSED'),
(1613, '03-2022-329', '294137', '339936', '666322', '267215', 'B', '666322', '1', 86, 89, 90, 88, 'PASSED'),
(1614, '03-2022-329', '294137', '339936', '666322', '298729', 'B', '666322', '1', 86, 90, 90, 89, 'PASSED'),
(1615, '03-2022-329', '294137', '339936', '666322', '485292', 'B', '666322', '1', 88, 85, 89, 88, 'PASSED'),
(1616, '03-2022-329', '294137', '339936', '666322', '547621', 'B', '666322', '1', 89, 89, 90, 89, 'PASSED'),
(1617, '03-2022-329', '294137', '339936', '666322', '584012', 'B', '666322', '1', 88, 89, 90, 89, 'PASSED'),
(1618, '03-2022-329', '294137', '339936', '666322', '677116', 'B', '666322', '1', 89, 89, 90, 89, 'PASSED'),
(1619, '03-2022-329', '294137', '339936', '666322', '948586', 'B', '666322', '1', 88, 89, 90, 89, 'PASSED'),
(1634, '23-2022-485', '705784', '339936', '548953', '834165', 'B', '548953', '1', 90, 90, 90, 90, 'PASSED'),
(1636, '23-2022-485', '705784', '339936', '548953', '933924', 'A', '548953', '1', 90, 90, 90, 90, 'PASSED'),
(1637, '23-2022-485', '705784', '339936', '548953', '948667', 'A', '548953', '1', 90, 90, 90, 90, 'PASSED'),
(1638, '03-2022-234', '168098', '339936', '666322', '101738', 'C', '666322', '1', 88, 89, 90, 89, 'PASSED'),
(1639, '03-2022-234', '168098', '339936', '666322', '143382', 'C', '666322', '1', 85, 88, 89, 88, 'PASSED'),
(1640, '03-2022-234', '168098', '339936', '666322', '267215', 'C', '666322', '1', 86, 89, 90, 88, 'PASSED'),
(1641, '03-2022-234', '168098', '339936', '666322', '298729', 'C', '666322', '1', 87, 88, 90, 88, 'PASSED'),
(1642, '03-2022-234', '168098', '339936', '666322', '485292', 'C', '666322', '1', 85, 88, 90, 88, 'PASSED'),
(1643, '03-2022-234', '168098', '339936', '666322', '547621', 'C', '666322', '1', 86, 88, 90, 88, 'PASSED'),
(1644, '03-2022-234', '168098', '339936', '666322', '584012', 'C', '666322', '1', 86, 88, 90, 88, 'PASSED'),
(1645, '03-2022-234', '168098', '339936', '666322', '677116', 'C', '666322', '1', 85, 87, 89, 87, 'PASSED'),
(1646, '03-2022-234', '168098', '339936', '666322', '948586', 'C', '666322', '1', 89, 87, 90, 89, 'PASSED'),
(1647, '03-2022-465', '886754', '339936', '666322', '101738', 'C', '666322', '1', 88, 89, 90, 89, 'PASSED'),
(1648, '03-2022-465', '886754', '339936', '666322', '143382', 'C', '666322', '1', 85, 88, 89, 88, 'PASSED'),
(1649, '03-2022-465', '886754', '339936', '666322', '267215', 'C', '666322', '1', 86, 89, 90, 88, 'PASSED'),
(1650, '03-2022-465', '886754', '339936', '666322', '298729', 'C', '666322', '1', 87, 88, 90, 88, 'PASSED'),
(1651, '03-2022-465', '886754', '339936', '666322', '485292', 'C', '666322', '1', 85, 88, 90, 88, 'PASSED'),
(1652, '03-2022-465', '886754', '339936', '666322', '547621', 'C', '666322', '1', 86, 88, 90, 88, 'PASSED'),
(1653, '03-2022-465', '886754', '339936', '666322', '584012', 'C', '666322', '1', 86, 88, 90, 88, 'PASSED'),
(1654, '03-2022-465', '886754', '339936', '666322', '677116', 'C', '666322', '1', 85, 87, 89, 87, 'PASSED'),
(1655, '03-2022-465', '886754', '339936', '666322', '948586', 'C', '666322', '1', 89, 87, 90, 89, 'PASSED'),
(1656, '03-2022-265', '140589', '339936', '666322', '101738', 'C', '666322', '1', 88, 89, 90, 89, 'PASSED'),
(1657, '03-2022-265', '140589', '339936', '666322', '143382', 'C', '666322', '1', 85, 88, 89, 88, 'PASSED'),
(1658, '03-2022-265', '140589', '339936', '666322', '267215', 'C', '666322', '1', 86, 89, 90, 88, 'PASSED'),
(1659, '03-2022-265', '140589', '339936', '666322', '298729', 'C', '666322', '1', 87, 88, 90, 88, 'PASSED'),
(1660, '03-2022-265', '140589', '339936', '666322', '485292', 'C', '666322', '1', 85, 88, 90, 88, 'PASSED'),
(1661, '03-2022-265', '140589', '339936', '666322', '547621', 'C', '666322', '1', 86, 88, 90, 88, 'PASSED'),
(1662, '03-2022-265', '140589', '339936', '666322', '584012', 'C', '666322', '1', 86, 88, 90, 88, 'PASSED'),
(1663, '03-2022-265', '140589', '339936', '666322', '677116', 'C', '666322', '1', 85, 87, 89, 87, 'PASSED'),
(1664, '03-2022-265', '140589', '339936', '666322', '948586', 'C', '666322', '1', 89, 87, 90, 89, 'PASSED'),
(1692, '03-2022-473', '102283', '339936', '666322', '101738', 'C', '666322', '1', 88, 89, 90, 89, 'PASSED'),
(1693, '03-2022-473', '102283', '339936', '666322', '143382', 'C', '666322', '1', 85, 88, 89, 88, 'PASSED'),
(1694, '03-2022-473', '102283', '339936', '666322', '267215', 'C', '666322', '1', 86, 89, 90, 88, 'PASSED'),
(1695, '03-2022-473', '102283', '339936', '666322', '298729', 'C', '666322', '1', 87, 88, 90, 88, 'PASSED'),
(1696, '03-2022-473', '102283', '339936', '666322', '485292', 'C', '666322', '1', 85, 88, 90, 88, 'PASSED'),
(1697, '03-2022-473', '102283', '339936', '666322', '547621', 'C', '666322', '1', 86, 88, 90, 88, 'PASSED'),
(1698, '03-2022-473', '102283', '339936', '666322', '584012', 'C', '666322', '1', 86, 88, 90, 88, 'PASSED'),
(1699, '03-2022-473', '102283', '339936', '666322', '677116', 'C', '666322', '1', 85, 87, 89, 87, 'PASSED'),
(1700, '03-2022-473', '102283', '339936', '666322', '948586', 'C', '666322', '1', 89, 87, 90, 89, 'PASSED'),
(1701, '03-2022-459', '194815', '339936', '666322', '101738', 'C', '666322', '1', 88, 89, 90, 89, 'PASSED'),
(1702, '03-2022-459', '194815', '339936', '666322', '143382', 'C', '666322', '1', 85, 88, 89, 88, 'PASSED'),
(1703, '03-2022-459', '194815', '339936', '666322', '267215', 'C', '666322', '1', 86, 89, 90, 88, 'PASSED'),
(1704, '03-2022-459', '194815', '339936', '666322', '298729', 'C', '666322', '1', 87, 88, 90, 88, 'PASSED'),
(1705, '03-2022-459', '194815', '339936', '666322', '485292', 'C', '666322', '1', 85, 88, 90, 88, 'PASSED'),
(1706, '03-2022-459', '194815', '339936', '666322', '547621', 'C', '666322', '1', 86, 88, 90, 88, 'PASSED'),
(1707, '03-2022-459', '194815', '339936', '666322', '584012', 'C', '666322', '1', 86, 88, 90, 88, 'PASSED'),
(1708, '03-2022-459', '194815', '339936', '666322', '677116', 'C', '666322', '1', 85, 87, 89, 87, 'PASSED'),
(1709, '03-2022-459', '194815', '339936', '666322', '948586', 'C', '666322', '1', 89, 87, 90, 89, 'PASSED'),
(1710, '03-2022-488', '186827', '339936', '666322', '101738', 'C', '666322', '1', 88, 89, 90, 89, 'PASSED'),
(1711, '03-2022-488', '186827', '339936', '666322', '143382', 'C', '666322', '1', 85, 88, 89, 88, 'PASSED'),
(1712, '03-2022-488', '186827', '339936', '666322', '267215', 'C', '666322', '1', 86, 89, 90, 88, 'PASSED'),
(1713, '03-2022-488', '186827', '339936', '666322', '298729', 'C', '666322', '1', 87, 88, 90, 88, 'PASSED'),
(1714, '03-2022-488', '186827', '339936', '666322', '485292', 'C', '666322', '1', 85, 88, 90, 88, 'PASSED'),
(1715, '03-2022-488', '186827', '339936', '666322', '547621', 'C', '666322', '1', 86, 88, 90, 88, 'PASSED'),
(1716, '03-2022-488', '186827', '339936', '666322', '584012', 'C', '666322', '1', 86, 88, 90, 88, 'PASSED'),
(1717, '03-2022-488', '186827', '339936', '666322', '677116', 'C', '666322', '1', 85, 87, 89, 87, 'PASSED'),
(1718, '03-2022-488', '186827', '339936', '666322', '948586', 'C', '666322', '1', 89, 87, 90, 89, 'PASSED'),
(1719, '03-2022-203', '870561', '339936', '666322', '101738', 'C', '666322', '1', 88, 89, 90, 89, 'PASSED'),
(1720, '03-2022-203', '870561', '339936', '666322', '143382', 'C', '666322', '1', 85, 88, 89, 88, 'PASSED'),
(1721, '03-2022-203', '870561', '339936', '666322', '267215', 'C', '666322', '1', 86, 89, 90, 88, 'PASSED'),
(1722, '03-2022-203', '870561', '339936', '666322', '298729', 'C', '666322', '1', 87, 88, 90, 88, 'PASSED'),
(1723, '03-2022-203', '870561', '339936', '666322', '485292', 'C', '666322', '1', 85, 88, 90, 88, 'PASSED'),
(1724, '03-2022-203', '870561', '339936', '666322', '547621', 'C', '666322', '1', 86, 88, 90, 88, 'PASSED'),
(1725, '03-2022-203', '870561', '339936', '666322', '584012', 'C', '666322', '1', 86, 88, 90, 88, 'PASSED'),
(1726, '03-2022-203', '870561', '339936', '666322', '677116', 'C', '666322', '1', 85, 87, 89, 87, 'PASSED'),
(1727, '03-2022-203', '870561', '339936', '666322', '948586', 'C', '666322', '1', 89, 87, 90, 89, 'PASSED'),
(1746, '03-2022-100', '106148', '339936', '666322', '101738', 'C', '666322', '1', 88, 89, 90, 89, 'PASSED'),
(1747, '03-2022-100', '106148', '339936', '666322', '143382', 'C', '666322', '1', 85, 88, 89, 88, 'PASSED'),
(1748, '03-2022-100', '106148', '339936', '666322', '267215', 'C', '666322', '1', 86, 89, 90, 88, 'PASSED'),
(1749, '03-2022-100', '106148', '339936', '666322', '298729', 'C', '666322', '1', 87, 88, 90, 88, 'PASSED'),
(1750, '03-2022-100', '106148', '339936', '666322', '485292', 'C', '666322', '1', 85, 88, 90, 88, 'PASSED'),
(1751, '03-2022-100', '106148', '339936', '666322', '547621', 'C', '666322', '1', 86, 88, 90, 88, 'PASSED'),
(1752, '03-2022-100', '106148', '339936', '666322', '584012', 'C', '666322', '1', 86, 88, 90, 88, 'PASSED'),
(1753, '03-2022-100', '106148', '339936', '666322', '677116', 'C', '666322', '1', 85, 87, 89, 87, 'PASSED'),
(1754, '03-2022-100', '106148', '339936', '666322', '948586', 'C', '666322', '1', 89, 87, 90, 89, 'PASSED'),
(1755, '03-2022-421', '242972', '339936', '666322', '101738', 'C', '666322', '1', 88, 89, 89, 89, 'PASSED'),
(1756, '03-2022-421', '242972', '339936', '666322', '143382', 'C', '666322', '1', 85, 88, 90, 88, 'PASSED'),
(1757, '03-2022-421', '242972', '339936', '666322', '267215', 'C', '666322', '1', 86, 89, 90, 88, 'PASSED'),
(1758, '03-2022-421', '242972', '339936', '666322', '298729', 'C', '666322', '1', 87, 88, 90, 88, 'PASSED'),
(1759, '03-2022-421', '242972', '339936', '666322', '485292', 'C', '666322', '1', 86, 89, 90, 88, 'PASSED'),
(1760, '03-2022-421', '242972', '339936', '666322', '547621', 'C', '666322', '1', 87, 89, 90, 89, 'PASSED'),
(1761, '03-2022-421', '242972', '339936', '666322', '584012', 'C', '666322', '1', 86, 88, 90, 88, 'PASSED'),
(1762, '03-2022-421', '242972', '339936', '666322', '677116', 'C', '666322', '1', 87, 87, 89, 88, 'PASSED'),
(1763, '03-2022-421', '242972', '339936', '666322', '948586', 'C', '666322', '1', 88, 89, 90, 89, 'PASSED'),
(1773, '03-2022-301', '608471', '339936', '666322', '101738', 'C', '666322', '1', 88, 89, 89, 89, 'PASSED'),
(1774, '03-2022-301', '608471', '339936', '666322', '143382', 'C', '666322', '1', 85, 88, 90, 88, 'PASSED'),
(1775, '03-2022-301', '608471', '339936', '666322', '267215', 'C', '666322', '1', 86, 89, 90, 88, 'PASSED'),
(1776, '03-2022-301', '608471', '339936', '666322', '298729', 'C', '666322', '1', 87, 88, 90, 88, 'PASSED'),
(1777, '03-2022-301', '608471', '339936', '666322', '485292', 'C', '666322', '1', 86, 89, 90, 88, 'PASSED'),
(1778, '03-2022-301', '608471', '339936', '666322', '547621', 'C', '666322', '1', 87, 89, 90, 89, 'PASSED'),
(1779, '03-2022-301', '608471', '339936', '666322', '584012', 'C', '666322', '1', 86, 88, 90, 88, 'PASSED'),
(1780, '03-2022-301', '608471', '339936', '666322', '677116', 'C', '666322', '1', 87, 87, 89, 88, 'PASSED'),
(1781, '03-2022-301', '608471', '339936', '666322', '948586', 'C', '666322', '1', 88, 89, 90, 89, 'PASSED'),
(1782, '03-2022-414', '784692', '339936', '666322', '101738', 'C', '666322', '1', 88, 89, 89, 89, 'PASSED'),
(1783, '03-2022-414', '784692', '339936', '666322', '143382', 'C', '666322', '1', 85, 88, 90, 88, 'PASSED'),
(1784, '03-2022-414', '784692', '339936', '666322', '267215', 'C', '666322', '1', 86, 89, 90, 88, 'PASSED'),
(1785, '03-2022-414', '784692', '339936', '666322', '298729', 'C', '666322', '1', 87, 88, 90, 88, 'PASSED'),
(1786, '03-2022-414', '784692', '339936', '666322', '485292', 'C', '666322', '1', 86, 89, 90, 88, 'PASSED'),
(1787, '03-2022-414', '784692', '339936', '666322', '547621', 'C', '666322', '1', 87, 89, 90, 89, 'PASSED'),
(1788, '03-2022-414', '784692', '339936', '666322', '584012', 'C', '666322', '1', 86, 88, 90, 88, 'PASSED'),
(1789, '03-2022-414', '784692', '339936', '666322', '677116', 'C', '666322', '1', 87, 87, 89, 88, 'PASSED'),
(1790, '03-2022-414', '784692', '339936', '666322', '948586', 'C', '666322', '1', 88, 89, 90, 89, 'PASSED'),
(1791, '03-2022-145', '209355', '339936', '666322', '101738', 'C', '666322', '1', 88, 89, 89, 89, 'PASSED'),
(1792, '03-2022-145', '209355', '339936', '666322', '143382', 'C', '666322', '1', 85, 88, 90, 88, 'PASSED'),
(1793, '03-2022-145', '209355', '339936', '666322', '267215', 'C', '666322', '1', 86, 89, 90, 88, 'PASSED'),
(1794, '03-2022-145', '209355', '339936', '666322', '298729', 'C', '666322', '1', 87, 88, 90, 88, 'PASSED'),
(1795, '03-2022-145', '209355', '339936', '666322', '485292', 'C', '666322', '1', 86, 89, 90, 88, 'PASSED'),
(1796, '03-2022-145', '209355', '339936', '666322', '547621', 'C', '666322', '1', 87, 89, 90, 89, 'PASSED'),
(1797, '03-2022-145', '209355', '339936', '666322', '584012', 'C', '666322', '1', 86, 88, 90, 88, 'PASSED'),
(1798, '03-2022-145', '209355', '339936', '666322', '677116', 'C', '666322', '1', 87, 87, 89, 88, 'PASSED'),
(1799, '03-2022-145', '209355', '339936', '666322', '948586', 'C', '666322', '1', 88, 89, 90, 89, 'PASSED'),
(1800, '03-2022-423', '215213', '339936', '666322', '101738', 'C', '666322', '1', 88, 89, 89, 89, 'PASSED'),
(1801, '03-2022-423', '215213', '339936', '666322', '143382', 'C', '666322', '1', 85, 88, 90, 88, 'PASSED'),
(1802, '03-2022-423', '215213', '339936', '666322', '267215', 'C', '666322', '1', 86, 89, 90, 88, 'PASSED'),
(1803, '03-2022-423', '215213', '339936', '666322', '298729', 'C', '666322', '1', 87, 88, 90, 88, 'PASSED'),
(1804, '03-2022-423', '215213', '339936', '666322', '485292', 'C', '666322', '1', 86, 89, 90, 88, 'PASSED'),
(1805, '03-2022-423', '215213', '339936', '666322', '547621', 'C', '666322', '1', 87, 89, 90, 89, 'PASSED'),
(1806, '03-2022-423', '215213', '339936', '666322', '584012', 'C', '666322', '1', 86, 88, 90, 88, 'PASSED'),
(1807, '03-2022-423', '215213', '339936', '666322', '677116', 'C', '666322', '1', 87, 87, 89, 88, 'PASSED'),
(1808, '03-2022-423', '215213', '339936', '666322', '948586', 'C', '666322', '1', 88, 89, 90, 89, 'PASSED'),
(1818, '03-2022-387', '691646', '339936', '937459', '320651', 'A', '937459', '1', 89, 90, 89, 89, 'PASSED'),
(1819, '03-2022-387', '691646', '339936', '937459', '413008', 'A', '937459', '1', 87, 89, 93, 90, 'PASSED'),
(1820, '03-2022-387', '691646', '339936', '937459', '502246', 'A', '937459', '1', 87, 88, 90, 88, 'PASSED'),
(1821, '03-2022-387', '691646', '339936', '937459', '525940', 'A', '937459', '1', 89, 90, 90, 90, 'PASSED'),
(1822, '03-2022-387', '691646', '339936', '937459', '666522', 'A', '937459', '1', 88, 90, 89, 89, 'PASSED'),
(1823, '03-2022-387', '691646', '339936', '937459', '746437', 'A', '937459', '1', 89, 89, 89, 89, 'PASSED'),
(1824, '03-2022-387', '691646', '339936', '937459', '905200', 'A', '937459', '1', 88, 89, 90, 89, 'PASSED'),
(1825, '03-2022-387', '691646', '339936', '937459', '965454', 'A', '937459', '1', 90, 88, 90, 89, 'PASSED'),
(1826, '03-2022-387', '691646', '339936', '937459', '978559', 'A', '937459', '1', 87, 89, 90, 89, 'PASSED'),
(1828, '03-2022-260', '347281', '339936', '937459', '413008', 'A', '937459', '1', 89, 90, 89, 89, 'PASSED'),
(1829, '03-2022-260', '347281', '339936', '937459', '502246', 'A', '937459', '1', 87, 88, 90, 88, 'PASSED'),
(1830, '03-2022-260', '347281', '339936', '937459', '525940', 'A', '937459', '1', 87, 89, 90, 89, 'PASSED'),
(1831, '03-2022-260', '347281', '339936', '937459', '666522', 'A', '937459', '1', 89, 89, 90, 89, 'PASSED'),
(1832, '03-2022-260', '347281', '339936', '937459', '746437', 'A', '937459', '1', 89, 89, 89, 89, 'PASSED'),
(1833, '03-2022-260', '347281', '339936', '937459', '905200', 'A', '937459', '1', 87, 89, 90, 89, 'PASSED'),
(1834, '03-2022-260', '347281', '339936', '937459', '965454', 'A', '937459', '1', 89, 89, 90, 89, 'PASSED'),
(1835, '03-2022-260', '347281', '339936', '937459', '978559', 'A', '937459', '1', 89, 88, 92, 90, 'PASSED'),
(1836, '03-2022-260', '347281', '339936', '937459', '320651', 'A', '937459', '1', 90, 90, 89, 90, 'PASSED'),
(1837, '03-2022-386', '734705', '339936', '937459', '320651', 'A', '937459', '1', 90, 89, 89, 89, 'PASSED'),
(1838, '03-2022-386', '734705', '339936', '937459', '413008', 'A', '937459', '1', 89, 90, 89, 89, 'PASSED'),
(1839, '03-2022-386', '734705', '339936', '937459', '502246', 'A', '937459', '1', 88, 88, 90, 89, 'PASSED'),
(1840, '03-2022-386', '734705', '339936', '937459', '525940', 'A', '937459', '1', 88, 89, 90, 89, 'PASSED'),
(1841, '03-2022-386', '734705', '339936', '937459', '666522', 'A', '937459', '1', 90, 88, 88, 89, 'PASSED'),
(1842, '03-2022-386', '734705', '339936', '937459', '746437', 'A', '937459', '1', 89, 89, 89, 89, 'PASSED'),
(1843, '03-2022-386', '734705', '339936', '937459', '905200', 'A', '937459', '1', 88, 89, 90, 89, 'PASSED'),
(1844, '03-2022-386', '734705', '339936', '937459', '965454', 'A', '937459', '1', 91, 90, 90, 90, 'PASSED'),
(1845, '03-2022-386', '734705', '339936', '937459', '978559', 'A', '937459', '1', 88, 87, 91, 89, 'PASSED'),
(1847, '27-2022-403', '496116', '339936', '666322', '101738', '0', '0', '0', 0, 0, 0, 0, 'Credited'),
(1848, '27-2022-403', '496116', '339936', '666322', '143382', '0', '0', '0', 0, 0, 0, 0, 'Credited'),
(1849, '27-2022-403', '496116', '339936', '666322', '267215', '0', '0', '0', 0, 0, 0, 0, 'Credited'),
(1850, '27-2022-403', '496116', '339936', '666322', '298729', '0', '0', '0', 0, 0, 0, 0, 'Credited'),
(1851, '27-2022-403', '496116', '339936', '666322', '485292', '0', '0', '0', 0, 0, 0, 0, 'Credited'),
(1852, '27-2022-403', '496116', '339936', '666322', '547621', '0', '0', '0', 0, 0, 0, 0, 'Credited'),
(1853, '27-2022-403', '496116', '339936', '666322', '584012', '0', '0', '0', 0, 0, 0, 0, 'Credited'),
(1854, '27-2022-403', '496116', '339936', '666322', '677116', '0', '0', '0', 0, 0, 0, 0, 'Credited'),
(1855, '27-2022-403', '496116', '339936', '666322', '948586', '0', '0', '0', 0, 0, 0, 0, 'Credited'),
(1856, '27-2022-403', '496116', '339936', '666322', '388085', '0', '0', '0', 0, 0, 0, 0, 'Credited'),
(1857, '27-2022-403', '496116', '339936', '666322', '425839', '0', '0', '0', 0, 0, 0, 0, 'Credited'),
(1858, '27-2022-403', '496116', '339936', '666322', '435163', '0', '0', '0', 0, 0, 0, 0, 'Credited'),
(1859, '27-2022-403', '496116', '339936', '666322', '461487', '0', '0', '0', 0, 0, 0, 0, 'Credited'),
(1860, '27-2022-403', '496116', '339936', '666322', '545372', '0', '0', '0', 0, 0, 0, 0, 'Credited'),
(1861, '27-2022-403', '496116', '339936', '666322', '571907', '0', '0', '0', 0, 0, 0, 0, 'Credited'),
(1862, '27-2022-403', '496116', '339936', '666322', '853180', '0', '0', '0', 0, 0, 0, 0, 'Credited'),
(1863, '27-2022-403', '496116', '339936', '666322', '516636', 'A', '666322', '2', 0, 0, 0, 0, 'Undefined'),
(1864, '27-2022-403', '496116', '339936', '666322', '520805', 'A', '666322', '2', 0, 0, 0, 0, 'Undefined'),
(1865, '27-2022-403', '496116', '339936', '666322', '294512', 'A', '666322', '2', 0, 0, 0, 0, 'Undefined'),
(1866, '27-2022-403', '496116', '339936', '666322', '495102', 'A', '666322', '2', 0, 0, 0, 0, 'Undefined'),
(1867, '27-2022-403', '496116', '339936', '666322', '590390', 'A', '666322', '2', 0, 0, 0, 0, 'Undefined'),
(1868, '27-2022-403', '496116', '339936', '666322', '652550', 'A', '666322', '2', 0, 0, 0, 0, 'Undefined'),
(1869, '27-2022-403', '496116', '339936', '666322', '681180', 'A', '666322', '2', 0, 0, 0, 0, 'Undefined'),
(1870, '27-2022-403', '496116', '339936', '666322', '789117', 'A', '666322', '2', 0, 0, 0, 0, 'Undefined'),
(1871, '27-2022-403', '496116', '339936', '666322', '952841', 'A', '666322', '2', 0, 0, 0, 0, 'Undefined'),
(1872, '03-2022-207', '999366', '339936', '937459', '320651', 'D', '937459', '1', 0, 0, 0, 0, 'Undefined'),
(1873, '03-2022-207', '999366', '339936', '937459', '413008', 'D', '937459', '1', 0, 0, 0, 0, 'Undefined'),
(1874, '03-2022-207', '999366', '339936', '937459', '502246', 'D', '937459', '1', 0, 0, 0, 0, 'Undefined'),
(1875, '03-2022-207', '999366', '339936', '937459', '525940', 'D', '937459', '1', 0, 0, 0, 0, 'Undefined'),
(1876, '03-2022-207', '999366', '339936', '937459', '666522', 'D', '937459', '1', 0, 0, 0, 0, 'Undefined'),
(1877, '03-2022-207', '999366', '339936', '937459', '746437', 'D', '937459', '1', 0, 0, 0, 0, 'Undefined'),
(1878, '03-2022-207', '999366', '339936', '937459', '905200', 'D', '937459', '1', 0, 0, 0, 0, 'Undefined'),
(1879, '03-2022-207', '999366', '339936', '937459', '965454', 'D', '937459', '1', 0, 0, 0, 0, 'Undefined'),
(1880, '03-2022-207', '999366', '339936', '937459', '978559', 'D', '937459', '1', 0, 0, 0, 0, 'Undefined'),
(1884, '23-2022-485', '705784', '339936', '548953', '600550', 'A', '548953', '1', 89, 90, 90, 90, 'PASSED'),
(1906, '23-2022-485', '705784', '339936', '548953', '700885', 'A', '548953', '1', 89, 90, 91, 90, 'PASSED'),
(1907, '11-2022-319', '571974', '339936', '548953', '282576', 'A', '548953', '1', 98, 95, 91, 94, 'PASSED'),
(1908, '11-2022-319', '571974', '339936', '548953', '485882', 'A', '548953', '1', 90, 90, 90, 90, 'PASSED'),
(1909, '11-2022-319', '571974', '339936', '548953', '600550', 'A', '548953', '1', 89, 90, 87, 88, 'PASSED'),
(1910, '11-2022-319', '571974', '339936', '548953', '610492', 'A', '548953', '1', 88, 89, 90, 89, 'PASSED'),
(1911, '11-2022-319', '571974', '339936', '548953', '700885', 'A', '548953', '1', 89, 90, 91, 90, 'PASSED'),
(1912, '11-2022-319', '571974', '339936', '548953', '834165', 'A', '548953', '1', 90, 90, 90, 90, 'PASSED'),
(1913, '11-2022-319', '571974', '339936', '548953', '855295', 'A', '548953', '1', 90, 90, 90, 90, 'PASSED'),
(1914, '11-2022-319', '571974', '339936', '548953', '933924', 'A', '548953', '1', 90, 90, 90, 90, 'PASSED'),
(1915, '11-2022-319', '571974', '339936', '548953', '948667', 'A', '548953', '1', 90, 90, 90, 90, 'PASSED'),
(1916, '11-2022-127', '495140', '339936', '548953', '282576', '0', '0', '0', 0, 0, 0, 0, 'Credited'),
(1917, '11-2022-127', '495140', '339936', '548953', '485882', '0', '0', '0', 0, 0, 0, 0, 'Credited'),
(1918, '11-2022-127', '495140', '339936', '548953', '600550', '0', '0', '0', 0, 0, 0, 0, 'Credited'),
(1919, '11-2022-127', '495140', '339936', '548953', '610492', '0', '0', '0', 0, 0, 0, 0, 'Credited'),
(1920, '11-2022-127', '495140', '339936', '548953', '700885', '0', '0', '0', 0, 0, 0, 0, 'Credited'),
(1921, '11-2022-127', '495140', '339936', '548953', '834165', 'A', '548953', '1', 90, 90, 90, 90, 'PASSED'),
(1922, '11-2022-127', '495140', '339936', '548953', '855295', 'A', '548953', '1', 90, 90, 90, 90, 'PASSED'),
(1923, '11-2022-127', '495140', '339936', '548953', '933924', 'A', '548953', '1', 90, 90, 90, 90, 'PASSED'),
(1924, '11-2022-127', '495140', '339936', '548953', '948667', 'A', '548953', '1', 90, 90, 90, 90, 'PASSED'),
(1925, '23-2022-485', '705784', '339936', '548953', '485882', 'A', '548953', '1', 90, 90, 90, 90, 'PASSED'),
(1926, '23-2022-485', '705784', '339936', '548953', '282576', 'A', '548953', '1', 85, 83, 91, 87, 'PASSED'),
(1927, '23-2022-485', '705784', '339936', '548953', '610492', 'A', '548953', '1', 89, 89, 90, 89, 'PASSED'),
(1928, '23-2022-485', '705784', '339936', '548953', '855295', '0', '0', '0', 0, 0, 0, 0, 'Credited'),
(1929, '23-2022-485', '705784', '339936', '548953', '154705', '0', '0', '0', 0, 0, 0, 0, 'Credited'),
(1932, '22-2022-113', '674235', '339936', '548953', '485882', 'B', '548953', '1', 90, 90, 90, 90, 'PASSED'),
(1934, '30-2021-308', '226582', '339936', '548953', '282576', 'B', '548953', '1', 89, 85, 89, 88, 'PASSED'),
(1936, '24-2022-162', '647238', '339936', '548953', '282576', '0', '0', '0', 0, 0, 0, 0, 'Credited'),
(1937, '24-2022-162', '647238', '339936', '548953', '485882', '0', '0', '0', 0, 0, 0, 0, 'Credited'),
(1938, '24-2022-162', '647238', '339936', '548953', '600550', '0', '0', '0', 0, 0, 0, 0, 'Credited'),
(1939, '24-2022-162', '647238', '339936', '548953', '610492', '0', '0', '0', 0, 0, 0, 0, 'Credited'),
(1941, '24-2022-162', '647238', '339936', '548953', '834165', '0', '0', '0', 0, 0, 0, 0, 'Credited'),
(1942, '24-2022-162', '647238', '339936', '548953', '855295', '0', '0', '0', 0, 0, 0, 0, 'Credited'),
(1943, '24-2022-162', '647238', '339936', '548953', '933924', 'A', '548953', '1', 90, 90, 90, 90, 'PASSED'),
(1944, '24-2022-162', '647238', '339936', '548953', '948667', 'A', '548953', '1', 90, 90, 90, 90, 'PASSED'),
(1945, '24-2022-162', '647238', '339936', '548953', '700885', 'A', '548953', '1', 89, 90, 91, 90, 'PASSED'),
(1946, '03-2022-339', '988397', '339936', '666322', '388085', 'A', '666322', '1', 0, 0, 0, 0, 'Undefined'),
(1947, '03-2022-339', '988397', '339936', '666322', '425839', 'A', '666322', '1', 0, 0, 0, 0, 'Undefined'),
(1948, '03-2022-339', '988397', '339936', '666322', '516636', 'A', '666322', '1', 0, 0, 0, 0, 'Undefined'),
(1949, '03-2022-339', '988397', '339936', '666322', '520805', 'A', '666322', '1', 0, 0, 0, 0, 'Undefined'),
(1950, '03-2022-339', '988397', '339936', '666322', '545372', 'A', '666322', '1', 0, 0, 0, 0, 'Undefined'),
(1951, '03-2022-339', '988397', '339936', '666322', '571907', 'A', '666322', '1', 0, 0, 0, 0, 'Undefined'),
(1952, '03-2022-339', '988397', '339936', '666322', '853180', 'A', '666322', '1', 0, 0, 0, 0, 'Undefined'),
(1953, '10-2022-487', '293552', '568956', '548953', '115314', 'A', '548953', '1', 0, 0, 0, 0, 'Undefined'),
(1954, '10-2022-487', '293552', '568956', '548953', '154705', 'A', '548953', '1', 0, 0, 0, 0, 'Undefined'),
(1955, '10-2022-487', '293552', '568956', '548953', '280184', 'A', '548953', '1', 0, 0, 0, 0, 'Undefined'),
(1956, '10-2022-487', '293552', '568956', '548953', '291413', 'A', '548953', '1', 0, 0, 0, 0, 'Undefined'),
(1957, '10-2022-487', '293552', '568956', '548953', '327451', 'A', '548953', '1', 0, 0, 0, 0, 'Undefined'),
(1958, '10-2022-487', '293552', '568956', '548953', '331658', 'A', '548953', '1', 0, 0, 0, 0, 'Undefined'),
(1959, '10-2022-487', '293552', '568956', '548953', '662640', 'A', '548953', '1', 0, 0, 0, 0, 'Undefined'),
(1960, '10-2022-487', '293552', '568956', '548953', '844154', 'A', '548953', '1', 0, 0, 0, 0, 'Undefined'),
(1961, '10-2022-487', '293552', '568956', '548953', '982257', 'A', '548953', '1', 0, 0, 0, 0, 'Undefined'),
(1962, '10-2022-457', '378020', '568956', '548953', '115314', 'A', '548953', '1', 0, 0, 0, 0, 'Undefined'),
(1963, '10-2022-457', '378020', '568956', '548953', '154705', 'A', '548953', '1', 0, 0, 0, 0, 'Undefined'),
(1964, '10-2022-457', '378020', '568956', '548953', '280184', 'A', '548953', '1', 0, 0, 0, 0, 'Undefined'),
(1965, '10-2022-457', '378020', '568956', '548953', '291413', 'A', '548953', '1', 0, 0, 0, 0, 'Undefined'),
(1966, '10-2022-457', '378020', '568956', '548953', '327451', 'A', '548953', '1', 0, 0, 0, 0, 'Undefined'),
(1967, '10-2022-457', '378020', '568956', '548953', '331658', 'A', '548953', '1', 0, 0, 0, 0, 'Undefined'),
(1968, '10-2022-457', '378020', '568956', '548953', '662640', 'A', '548953', '1', 0, 0, 0, 0, 'Undefined'),
(1969, '10-2022-457', '378020', '568956', '548953', '844154', 'A', '548953', '1', 0, 0, 0, 0, 'Undefined'),
(1970, '10-2022-457', '378020', '568956', '548953', '982257', 'A', '548953', '1', 0, 0, 0, 0, 'Undefined'),
(1971, '06-2021-447', '821030', '568956', '548953', '115314', 'A', '548953', '1', 0, 0, 0, 0, 'Undefined'),
(1972, '06-2021-447', '821030', '568956', '548953', '154705', 'A', '548953', '1', 0, 0, 0, 0, 'Undefined'),
(1973, '06-2021-447', '821030', '568956', '548953', '280184', 'A', '548953', '1', 0, 0, 0, 0, 'Undefined'),
(1974, '06-2021-447', '821030', '568956', '548953', '291413', 'A', '548953', '1', 0, 0, 0, 0, 'Undefined'),
(1975, '06-2021-447', '821030', '568956', '548953', '327451', 'A', '548953', '1', 0, 0, 0, 0, 'Undefined'),
(1976, '06-2021-447', '821030', '568956', '548953', '331658', 'A', '548953', '1', 0, 0, 0, 0, 'Undefined'),
(1977, '06-2021-447', '821030', '568956', '548953', '662640', 'A', '548953', '1', 0, 0, 0, 0, 'Undefined'),
(1978, '06-2021-447', '821030', '568956', '548953', '844154', 'A', '548953', '1', 0, 0, 0, 0, 'Undefined'),
(1979, '06-2021-447', '821030', '568956', '548953', '982257', 'A', '548953', '1', 0, 0, 0, 0, 'Undefined'),
(1980, '10-2022-377', '265922', '568956', '548953', '115314', 'A', '548953', '1', 0, 0, 0, 0, 'Undefined'),
(1981, '10-2022-377', '265922', '568956', '548953', '154705', 'A', '548953', '1', 0, 0, 0, 0, 'Undefined'),
(1982, '10-2022-377', '265922', '568956', '548953', '280184', 'A', '548953', '1', 0, 0, 0, 0, 'Undefined'),
(1983, '10-2022-377', '265922', '568956', '548953', '291413', 'A', '548953', '1', 0, 0, 0, 0, 'Undefined'),
(1984, '10-2022-377', '265922', '568956', '548953', '327451', 'A', '548953', '1', 0, 0, 0, 0, 'Undefined'),
(1985, '10-2022-377', '265922', '568956', '548953', '331658', 'A', '548953', '1', 0, 0, 0, 0, 'Undefined'),
(1986, '10-2022-377', '265922', '568956', '548953', '662640', 'A', '548953', '1', 0, 0, 0, 0, 'Undefined'),
(1987, '10-2022-377', '265922', '568956', '548953', '844154', 'A', '548953', '1', 0, 0, 0, 0, 'Undefined'),
(1988, '10-2022-377', '265922', '568956', '548953', '982257', 'A', '548953', '1', 0, 0, 0, 0, 'Undefined'),
(1989, '10-2022-309', '650100', '568956', '548953', '115314', 'A', '548953', '1', 0, 0, 0, 0, 'Undefined'),
(1990, '10-2022-309', '650100', '568956', '548953', '154705', 'A', '548953', '1', 0, 0, 0, 0, 'Undefined'),
(1991, '10-2022-309', '650100', '568956', '548953', '280184', 'A', '548953', '1', 0, 0, 0, 0, 'Undefined'),
(1992, '10-2022-309', '650100', '568956', '548953', '291413', 'A', '548953', '1', 0, 0, 0, 0, 'Undefined'),
(1993, '10-2022-309', '650100', '568956', '548953', '327451', 'A', '548953', '1', 0, 0, 0, 0, 'Undefined'),
(1994, '10-2022-309', '650100', '568956', '548953', '331658', 'A', '548953', '1', 0, 0, 0, 0, 'Undefined'),
(1995, '10-2022-309', '650100', '568956', '548953', '662640', 'A', '548953', '1', 0, 0, 0, 0, 'Undefined'),
(1996, '10-2022-309', '650100', '568956', '548953', '844154', 'A', '548953', '1', 0, 0, 0, 0, 'Undefined'),
(1997, '10-2022-309', '650100', '568956', '548953', '982257', 'A', '548953', '1', 0, 0, 0, 0, 'Undefined'),
(1998, '10-2022-237', '411136', '568956', '548953', '115314', 'A', '548953', '1', 0, 0, 0, 0, 'Undefined'),
(1999, '10-2022-237', '411136', '568956', '548953', '154705', 'A', '548953', '1', 0, 0, 0, 0, 'Undefined'),
(2000, '10-2022-237', '411136', '568956', '548953', '280184', 'A', '548953', '1', 0, 0, 0, 0, 'Undefined'),
(2001, '10-2022-237', '411136', '568956', '548953', '291413', 'A', '548953', '1', 0, 0, 0, 0, 'Undefined'),
(2002, '10-2022-237', '411136', '568956', '548953', '327451', 'A', '548953', '1', 0, 0, 0, 0, 'Undefined'),
(2003, '10-2022-237', '411136', '568956', '548953', '331658', 'A', '548953', '1', 0, 0, 0, 0, 'Undefined'),
(2004, '10-2022-237', '411136', '568956', '548953', '662640', 'A', '548953', '1', 0, 0, 0, 0, 'Undefined'),
(2005, '10-2022-237', '411136', '568956', '548953', '844154', 'A', '548953', '1', 0, 0, 0, 0, 'Undefined'),
(2006, '10-2022-237', '411136', '568956', '548953', '982257', 'A', '548953', '1', 0, 0, 0, 0, 'Undefined'),
(2007, '24-2022-162', '165242', '568956', '548953', '115314', 'A', '548953', '1', 0, 0, 0, 0, 'Undefined'),
(2008, '24-2022-162', '165242', '568956', '548953', '154705', 'A', '548953', '1', 0, 0, 0, 0, 'Undefined'),
(2009, '24-2022-162', '165242', '568956', '548953', '280184', 'A', '548953', '1', 0, 0, 0, 0, 'Undefined'),
(2010, '24-2022-162', '165242', '568956', '548953', '291413', 'A', '548953', '1', 0, 0, 0, 0, 'Undefined'),
(2011, '24-2022-162', '165242', '568956', '548953', '327451', 'A', '548953', '1', 0, 0, 0, 0, 'Undefined'),
(2012, '24-2022-162', '165242', '568956', '548953', '331658', 'A', '548953', '1', 0, 0, 0, 0, 'Undefined'),
(2013, '24-2022-162', '165242', '568956', '548953', '662640', 'A', '548953', '1', 0, 0, 0, 0, 'Undefined'),
(2014, '24-2022-162', '165242', '568956', '548953', '844154', 'A', '548953', '1', 0, 0, 0, 0, 'Undefined'),
(2015, '24-2022-162', '165242', '568956', '548953', '982257', 'A', '548953', '1', 0, 0, 0, 0, 'Undefined'),
(2016, '10-2022-447', '377528', '568956', '548953', '115314', 'A', '548953', '1', 0, 0, 0, 0, 'Undefined'),
(2017, '10-2022-447', '377528', '568956', '548953', '154705', 'A', '548953', '1', 0, 0, 0, 0, 'Undefined'),
(2018, '10-2022-447', '377528', '568956', '548953', '280184', 'A', '548953', '1', 0, 0, 0, 0, 'Undefined'),
(2019, '10-2022-447', '377528', '568956', '548953', '291413', 'A', '548953', '1', 0, 0, 0, 0, 'Undefined'),
(2020, '10-2022-447', '377528', '568956', '548953', '327451', 'A', '548953', '1', 0, 0, 0, 0, 'Undefined'),
(2021, '10-2022-447', '377528', '568956', '548953', '331658', 'A', '548953', '1', 0, 0, 0, 0, 'Undefined'),
(2022, '10-2022-447', '377528', '568956', '548953', '662640', 'A', '548953', '1', 0, 0, 0, 0, 'Undefined'),
(2023, '10-2022-447', '377528', '568956', '548953', '844154', 'A', '548953', '1', 0, 0, 0, 0, 'Undefined'),
(2024, '10-2022-447', '377528', '568956', '548953', '982257', 'A', '548953', '1', 0, 0, 0, 0, 'Undefined'),
(2025, '10-2022-160', '399376', '568956', '548953', '115314', 'A', '548953', '1', 0, 0, 0, 0, 'Undefined'),
(2026, '10-2022-160', '399376', '568956', '548953', '154705', 'A', '548953', '1', 0, 0, 0, 0, 'Undefined'),
(2027, '10-2022-160', '399376', '568956', '548953', '280184', 'A', '548953', '1', 0, 0, 0, 0, 'Undefined'),
(2028, '10-2022-160', '399376', '568956', '548953', '291413', 'A', '548953', '1', 0, 0, 0, 0, 'Undefined'),
(2029, '10-2022-160', '399376', '568956', '548953', '327451', 'A', '548953', '1', 0, 0, 0, 0, 'Undefined'),
(2030, '10-2022-160', '399376', '568956', '548953', '331658', 'A', '548953', '1', 0, 0, 0, 0, 'Undefined'),
(2031, '10-2022-160', '399376', '568956', '548953', '662640', 'A', '548953', '1', 0, 0, 0, 0, 'Undefined'),
(2032, '10-2022-160', '399376', '568956', '548953', '844154', 'A', '548953', '1', 0, 0, 0, 0, 'Undefined'),
(2033, '10-2022-160', '399376', '568956', '548953', '982257', 'A', '548953', '1', 0, 0, 0, 0, 'Undefined'),
(2034, '10-2022-201', '714614', '568956', '548953', '115314', 'A', '548953', '1', 0, 0, 0, 0, 'Undefined'),
(2035, '10-2022-201', '714614', '568956', '548953', '154705', 'A', '548953', '1', 0, 0, 0, 0, 'Undefined'),
(2036, '10-2022-201', '714614', '568956', '548953', '280184', 'A', '548953', '1', 0, 0, 0, 0, 'Undefined'),
(2037, '10-2022-201', '714614', '568956', '548953', '291413', 'A', '548953', '1', 0, 0, 0, 0, 'Undefined'),
(2038, '10-2022-201', '714614', '568956', '548953', '327451', 'A', '548953', '1', 0, 0, 0, 0, 'Undefined'),
(2039, '10-2022-201', '714614', '568956', '548953', '331658', 'A', '548953', '1', 0, 0, 0, 0, 'Undefined'),
(2040, '10-2022-201', '714614', '568956', '548953', '662640', 'A', '548953', '1', 0, 0, 0, 0, 'Undefined'),
(2041, '10-2022-201', '714614', '568956', '548953', '844154', 'A', '548953', '1', 0, 0, 0, 0, 'Undefined'),
(2042, '10-2022-201', '714614', '568956', '548953', '982257', 'A', '548953', '1', 0, 0, 0, 0, 'Undefined'),
(2043, '11-2022-127', '346798', '568956', '548953', '115314', 'A', '548953', '1', 0, 0, 0, 0, 'Undefined'),
(2044, '11-2022-127', '346798', '568956', '548953', '154705', 'A', '548953', '1', 0, 0, 0, 0, 'Undefined'),
(2045, '11-2022-127', '346798', '568956', '548953', '280184', 'A', '548953', '1', 0, 0, 0, 0, 'Undefined'),
(2046, '11-2022-127', '346798', '568956', '548953', '291413', 'A', '548953', '1', 0, 0, 0, 0, 'Undefined'),
(2047, '11-2022-127', '346798', '568956', '548953', '327451', 'A', '548953', '1', 0, 0, 0, 0, 'Undefined'),
(2048, '11-2022-127', '346798', '568956', '548953', '331658', 'A', '548953', '1', 0, 0, 0, 0, 'Undefined'),
(2049, '11-2022-127', '346798', '568956', '548953', '662640', 'A', '548953', '1', 0, 0, 0, 0, 'Undefined'),
(2050, '11-2022-127', '346798', '568956', '548953', '844154', 'A', '548953', '1', 0, 0, 0, 0, 'Undefined'),
(2051, '11-2022-127', '346798', '568956', '548953', '982257', 'A', '548953', '1', 0, 0, 0, 0, 'Undefined'),
(2052, '10-2022-498', '484486', '568956', '548953', '115314', 'A', '548953', '1', 0, 0, 0, 0, 'Undefined'),
(2053, '10-2022-498', '484486', '568956', '548953', '154705', 'A', '548953', '1', 0, 0, 0, 0, 'Undefined'),
(2054, '10-2022-498', '484486', '568956', '548953', '280184', 'A', '548953', '1', 0, 0, 0, 0, 'Undefined'),
(2055, '10-2022-498', '484486', '568956', '548953', '291413', 'A', '548953', '1', 0, 0, 0, 0, 'Undefined'),
(2056, '10-2022-498', '484486', '568956', '548953', '327451', 'A', '548953', '1', 0, 0, 0, 0, 'Undefined'),
(2057, '10-2022-498', '484486', '568956', '548953', '331658', 'A', '548953', '1', 0, 0, 0, 0, 'Undefined'),
(2058, '10-2022-498', '484486', '568956', '548953', '662640', 'A', '548953', '1', 0, 0, 0, 0, 'Undefined'),
(2059, '10-2022-498', '484486', '568956', '548953', '844154', 'A', '548953', '1', 0, 0, 0, 0, 'Undefined'),
(2060, '10-2022-498', '484486', '568956', '548953', '982257', 'A', '548953', '1', 0, 0, 0, 0, 'Undefined'),
(2061, '10-2022-297', '490039', '568956', '548953', '115314', 'A', '548953', '1', 0, 0, 0, 0, 'Undefined'),
(2062, '10-2022-297', '490039', '568956', '548953', '154705', 'A', '548953', '1', 0, 0, 0, 0, 'Undefined'),
(2063, '10-2022-297', '490039', '568956', '548953', '280184', 'A', '548953', '1', 0, 0, 0, 0, 'Undefined'),
(2064, '10-2022-297', '490039', '568956', '548953', '291413', 'A', '548953', '1', 0, 0, 0, 0, 'Undefined'),
(2065, '10-2022-297', '490039', '568956', '548953', '327451', 'A', '548953', '1', 0, 0, 0, 0, 'Undefined'),
(2066, '10-2022-297', '490039', '568956', '548953', '331658', 'A', '548953', '1', 0, 0, 0, 0, 'Undefined'),
(2067, '10-2022-297', '490039', '568956', '548953', '662640', 'A', '548953', '1', 0, 0, 0, 0, 'Undefined'),
(2068, '10-2022-297', '490039', '568956', '548953', '844154', 'A', '548953', '1', 0, 0, 0, 0, 'Undefined'),
(2069, '10-2022-297', '490039', '568956', '548953', '982257', 'A', '548953', '1', 0, 0, 0, 0, 'Undefined'),
(2070, '10-2022-193', '587115', '568956', '548953', '115314', 'A', '548953', '1', 0, 0, 0, 0, 'Undefined'),
(2071, '10-2022-193', '587115', '568956', '548953', '154705', 'A', '548953', '1', 0, 0, 0, 0, 'Undefined'),
(2072, '10-2022-193', '587115', '568956', '548953', '280184', 'A', '548953', '1', 0, 0, 0, 0, 'Undefined'),
(2073, '10-2022-193', '587115', '568956', '548953', '291413', 'A', '548953', '1', 0, 0, 0, 0, 'Undefined'),
(2074, '10-2022-193', '587115', '568956', '548953', '327451', 'A', '548953', '1', 0, 0, 0, 0, 'Undefined'),
(2075, '10-2022-193', '587115', '568956', '548953', '331658', 'A', '548953', '1', 0, 0, 0, 0, 'Undefined'),
(2076, '10-2022-193', '587115', '568956', '548953', '662640', 'A', '548953', '1', 0, 0, 0, 0, 'Undefined'),
(2077, '10-2022-193', '587115', '568956', '548953', '844154', 'A', '548953', '1', 0, 0, 0, 0, 'Undefined'),
(2078, '10-2022-193', '587115', '568956', '548953', '982257', 'A', '548953', '1', 0, 0, 0, 0, 'Undefined'),
(2079, '03-2022-366', '473071', '339936', '666322', '388085', 'A', '666322', '1', 0, 0, 0, 0, 'Undefined'),
(2080, '03-2022-366', '473071', '339936', '666322', '425839', 'A', '666322', '1', 0, 0, 0, 0, 'Undefined'),
(2081, '03-2022-366', '473071', '339936', '666322', '435163', 'A', '666322', '1', 0, 0, 0, 0, 'Undefined'),
(2082, '03-2022-366', '473071', '339936', '666322', '461487', 'A', '666322', '1', 0, 0, 0, 0, 'Undefined'),
(2083, '03-2022-366', '473071', '339936', '666322', '516636', 'A', '666322', '1', 0, 0, 0, 0, 'Undefined'),
(2084, '03-2022-366', '473071', '339936', '666322', '520805', 'A', '666322', '1', 0, 0, 0, 0, 'Undefined');

-- --------------------------------------------------------

--
-- Table structure for table `manage_curriculum`
--

CREATE TABLE `manage_curriculum` (
  `curriculum_id` varchar(10) NOT NULL,
  `program_id` varchar(10) NOT NULL,
  `department_id` varchar(10) NOT NULL,
  `curriculum_year` varchar(50) NOT NULL,
  `curriculum_status` varchar(50) NOT NULL
) ENGINE=InnoDB DEFAULT CHARSET=utf8mb4;

--
-- Dumping data for table `manage_curriculum`
--

INSERT INTO `manage_curriculum` (`curriculum_id`, `program_id`, `department_id`, `curriculum_year`, `curriculum_status`) VALUES
('331466', '548953', '235533', '2018', '1'),
('342140', '902356', '762310', '2018', '1'),
('411952', '937459', '425818', '2021', '1'),
('448838', '281193', '730245', '2021', '1'),
('560891', '289314', '949552', '2021', '0'),
('594452', '902356', '762310', '2020', '0'),
('597899', '289314', '949552', '2018', '1'),
('866919', '666322', '425818', '2021', '1'),
('956658', '548953', '235533', '2012', '2');

-- --------------------------------------------------------

--
-- Table structure for table `manage_department`
--

CREATE TABLE `manage_department` (
  `department_id` varchar(10) NOT NULL,
  `department_code` varchar(20) NOT NULL,
  `department_description` text NOT NULL,
  `department_status` int(1) NOT NULL
) ENGINE=InnoDB DEFAULT CHARSET=utf8mb4;

--
-- Dumping data for table `manage_department`
--

INSERT INTO `manage_department` (`department_id`, `department_code`, `department_description`, `department_status`) VALUES
('235533', 'CICT', 'College Of Information And Communication Technology', 1),
('425818', 'CAS', 'College Of Arts And Sciences', 1),
('949552', 'COA', 'College Of Agriculture', 1);

-- --------------------------------------------------------

--
-- Table structure for table `manage_enrollment`
--

CREATE TABLE `manage_enrollment` (
  `enrollment_id` varchar(10) NOT NULL,
  `student_id` varchar(15) NOT NULL,
  `student_firstname` varchar(50) NOT NULL,
  `student_middlename` varchar(50) NOT NULL,
  `student_lastname` varchar(50) NOT NULL,
  `student_name_extension` varchar(10) NOT NULL,
  `academic_id` varchar(10) NOT NULL,
  `curriculum_id` varchar(10) NOT NULL,
  `program_id` varchar(10) NOT NULL,
  `department_id` varchar(10) NOT NULL,
  `student_status` varchar(20) NOT NULL,
  `student_type` varchar(50) NOT NULL,
  `student_year_level` varchar(50) NOT NULL,
  `student_semester` varchar(50) NOT NULL,
  `student_section` varchar(5) NOT NULL,
  `enrolled_date` varchar(20) NOT NULL,
  `enrolled_time` varchar(20) NOT NULL
) ENGINE=InnoDB DEFAULT CHARSET=utf8mb4;

--
-- Dumping data for table `manage_enrollment`
--

INSERT INTO `manage_enrollment` (`enrollment_id`, `student_id`, `student_firstname`, `student_middlename`, `student_lastname`, `student_name_extension`, `academic_id`, `curriculum_id`, `program_id`, `department_id`, `student_status`, `student_type`, `student_year_level`, `student_semester`, `student_section`, `enrolled_date`, `enrolled_time`) VALUES
('101922', '10-2022-217', 'Marygrace', 'Grace', 'Pineda', '', '568956', '331466', '548953', '235533', 'Regular', 'Old Student', '1', '2nd Semester', 'A', '2022-04-02', '22:35:37'),
('102283', '03-2022-473', 'Nicole ', 'Freya', 'Catubig ', '', '339936', '866919', '666322', '425818', 'Regular', 'New Student', '1', '1st Semester', 'C', '01-03-2022', '20:52:33'),
('104032', '03-2022-297', 'Richard', 'Guevarra', 'Lambert', '', '339936', '597899', '289314', '949552', 'Regular', 'New Student', '1', '1st Semester', 'A', '01-03-2022', '22:26:51'),
('106122', '03-2022-260', 'Rhett', 'Claro', 'Conley', '', '568956', '411952', '937459', '425818', 'Regular', 'Old Student', '1', '2nd Semester', 'A', '2022-04-02', '21:37:48'),
('106148', '03-2022-100', ' Kyla ', 'Eleanor', 'Kasim', '', '339936', '866919', '666322', '425818', 'Regular', 'New Student', '1', '1st Semester', 'C', '01-03-2022', '21:58:57'),
('115713', '03-2022-132', 'Wilkie ', 'Spencer ', 'Dennell', '', '339936', '866919', '666322', '425818', 'Regular', 'New Student', '1', '1st Semester', 'D', '01-03-2022', '22:28:06'),
('118785', '03-2022-274', 'Christian', 'dela Peña', 'Williams', '', '568956', '560891', '289314', '949552', 'Regular', 'Old Student', '1', '2nd Semester', 'A', '2022-04-02', '23:28:19'),
('119481', '06-2021-153', 'Joseph', 'Monta', 'Tamon', '', '339936', '331466', '548953', '235533', 'Regular', 'New Student', '1', '1st Semester', 'B', '12-06-2021', '18:11:17'),
('120372', '03-2022-263', 'Brendan', 'Vergara', 'Rose', '', '568956', '560891', '289314', '949552', 'Regular', 'Old Student', '1', '2nd Semester', 'A', '2022-04-02', '22:27:30'),
('124169', '03-2022-352', 'Kamari', 'Reyes', 'Gay', '', '339936', '411952', '937459', '425818', 'Regular', 'New Student', '1', '1st Semester', 'A', '01-03-2022', '18:23:13'),
('130982', '10-2022-232', 'Hanna', 'Ruth', 'Javier', '', '568956', '331466', '548953', '235533', 'Regular', 'Old Student', '1', '2nd Semester', 'A', '2022-04-02', '22:34:30'),
('131436', '03-2022-314', 'Elizabeth', 'Valencia', 'Savage', '', '568956', '560891', '289314', '949552', 'Regular', 'Old Student', '1', '2nd Semester', 'A', '2022-04-02', '22:28:41'),
('140303', '03-2022-202', 'Michele', 'Fajardo', 'Preston', '', '339936', '597899', '289314', '949552', 'Regular', 'New Student', '1', '1st Semester', 'A', '01-03-2022', '22:23:14'),
('140589', '03-2022-265', 'Daniel', 'Kimberly ', 'Ava', '', '339936', '866919', '666322', '425818', 'Regular', 'New Student', '1', '1st Semester', 'C', '01-03-2022', '21:39:27'),
('143664', '03-2022-469', 'Daniel', 'Dizon', 'Thomas', '', '339936', '411952', '937459', '425818', 'Regular', 'New Student', '1', '1st Semester', 'C', '01-03-2022', '20:09:38'),
('151402', '03-2022-472', 'Ashley', 'de Jesus', 'Cantrell', '', '568956', '560891', '289314', '949552', 'Regular', 'Old Student', '1', '2nd Semester', 'A', '2022-04-02', '22:00:26'),
('153195', '03-2022-441', 'Melissa', 'de Guzman', 'Thomas', '', '339936', '411952', '937459', '425818', 'Regular', 'New Student', '1', '1st Semester', 'B', '01-03-2022', '18:57:12'),
('154095', '06-2021-313', 'Jules', 'Leomel', 'Salvador', '', '568956', '331466', '548953', '235533', 'Regular', 'Old Student', '1', '2nd Semester', 'B', '2022-04-02', '21:56:41'),
('154104', '03-2022-288', 'Justine ', 'Odelia ', 'Jakeman', '', '339936', '866919', '666322', '425818', 'Regular', 'New Student', '1', '1st Semester', 'D', '01-03-2022', '22:15:54'),
('165242', '24-2022-162', 'Thea Marie', 'Columida', 'Dedoyco', '', '568956', '331466', '548953', '235533', 'Regular', 'Old Student', '1', '2nd Semester', 'A', '2022-04-02', '22:31:43'),
('167882', '10-2022-276', 'Ruben', 'Tagalog', 'Jonota', '', '339936', '331466', '548953', '235533', 'Regular', 'New Student', '1', '1st Semester', 'A', '01-10-2022', '16:26:56'),
('168098', '03-2022-234', 'Angel ', 'Alessia', 'Abbas ', '', '339936', '866919', '666322', '425818', 'Regular', 'New Student', '1', '1st Semester', 'C', '01-03-2022', '20:47:49'),
('168201', '03-2022-373', 'Rorie ', 'Danaz', 'Botterill', '', '339936', '866919', '666322', '425818', 'Regular', 'New Student', '1', '1st Semester', 'D', '01-03-2022', '22:36:20'),
('170905', '03-2022-113', 'kris', 'philips', 'williams', 'jr', '568956', '866919', '666322', '425818', 'Regular', 'Old Student', '1', '2nd Semester', 'A', '2022-04-02', '21:45:01'),
('174432', '04-2022-262', 'Kevin', 'Sison', 'Cross', '', '339936', '597899', '289314', '949552', 'Regular', 'New Student', '1', '1st Semester', 'B', '01-04-2022', '02:17:05'),
('183461', '06-2021-222', 'Krentz', 'kalon', 'Villariaz', '', '339936', '331466', '548953', '235533', 'Regular', 'New Student', '1', '1st Semester', 'B', '12-06-2021', '18:39:00'),
('186827', '03-2022-488', 'Jessa ', 'Camila', 'Doria  ', '', '339936', '866919', '666322', '425818', 'Regular', 'New Student', '1', '1st Semester', 'C', '01-03-2022', '21:46:47'),
('186853', '04-2022-420', 'Daniel', 'Villegas', 'Figueroa', '', '339936', '597899', '289314', '949552', 'Regular', 'New Student', '1', '1st Semester', 'B', '01-04-2022', '02:07:57'),
('189177', '03-2022-274', 'Christian', 'dela Peña', 'Williams', '', '339936', '597899', '289314', '949552', 'Regular', 'New Student', '1', '1st Semester', 'A', '01-03-2022', '22:03:57'),
('189608', '03-2022-280', 'Skylar ', 'Jin', 'Claro', '', '339936', '866919', '666322', '425818', 'Regular', 'New Student', '1', '1st Semester', 'D', '01-03-2022', '22:13:14'),
('190712', '03-2022-442', 'Sunday ', ' Reese ', 'Sanderson', '', '339936', '866919', '666322', '425818', 'Regular', 'New Student', '1', '1st Semester', 'D', '01-03-2022', '22:34:39'),
('194148', '03-2022-136', 'Tyler', 'Ramirez', 'Carillo', '', '339936', '411952', '937459', '425818', 'Regular', 'New Student', '1', '1st Semester', 'C', '01-03-2022', '19:35:28'),
('194815', '03-2022-459', 'Erica ', 'Chloe', 'de Dios ', '', '339936', '866919', '666322', '425818', 'Regular', 'New Student', '1', '1st Semester', 'C', '01-03-2022', '21:54:07'),
('198283', '06-2021-339', 'Ken Lowil', 'Julleza', 'Geñorga', '', '339936', '331466', '548953', '235533', 'Regular', 'New Student', '1', '1st Semester', 'B', '12-06-2021', '18:31:51'),
('201458', '03-2022-125', 'Robert', 'Cruz', 'Sloan', '', '339936', '411952', '937459', '425818', 'Regular', 'New Student', '1', '1st Semester', 'B', '01-03-2022', '18:56:06'),
('202834', '03-2022-297', 'Richard', 'Guevarra', 'Lambert', '', '568956', '560891', '289314', '949552', 'Regular', 'Old Student', '1', '2nd Semester', 'A', '2022-04-02', '22:17:28'),
('209355', '03-2022-145', 'Angelica ', 'Alma', 'Quirante ', '', '339936', '866919', '666322', '425818', 'Regular', 'New Student', '1', '1st Semester', 'C', '01-03-2022', '20:49:21'),
('211846', '03-2022-472', 'Ashley', 'de Jesus', 'Cantrell', '', '339936', '597899', '289314', '949552', 'Regular', 'New Student', '1', '1st Semester', 'A', '01-03-2022', '22:02:24'),
('215213', '03-2022-423', 'Mariel ', 'Malia', 'Sarabia ', '', '339936', '866919', '666322', '425818', 'Regular', 'New Student', '1', '1st Semester', 'C', '01-03-2022', '21:32:57'),
('215774', '03-2022-409', 'Belen', 'Freecs', 'Sawyer', '', '568956', '411952', '937459', '425818', 'Regular', 'Old Student', '1', '2nd Semester', 'A', '2022-04-02', '21:42:36'),
('226137', '03-2022-314', 'Elizabeth', 'Valencia', 'Savage', '', '339936', '597899', '289314', '949552', 'Regular', 'New Student', '1', '1st Semester', 'A', '01-03-2022', '22:05:16'),
('226582', '30-2021-308', 'Samson', 'Sardido', 'Banihit', '', '339936', '331466', '548953', '235533', 'Regular', 'New Student', '1', '1st Semester', 'B', '11-30-2021', '16:37:18'),
('227182', '10-2022-297', 'Christine', 'Secret', 'Gamelon', '', '339936', '331466', '548953', '235533', 'Regular', 'New Student', '1', '1st Semester', 'A', '01-10-2022', '16:57:46'),
('229400', '03-2022-500', 'John', 'Santos', 'Ferguson', '', '339936', '411952', '937459', '425818', 'Regular', 'New Student', '1', '1st Semester', 'A', '01-03-2022', '18:31:34'),
('229965', '06-2021-154', 'Jomarie', 'tito', 'Derequito', '', '568956', '331466', '548953', '235533', 'Regular', 'Old Student', '1', '2nd Semester', 'B', '2022-04-02', '21:53:06'),
('233166', '30-2021-308', 'Samson', 'Sardido', 'Banihit', '', '568956', '331466', '548953', '235533', 'Regular', 'Old Student', '1', '2nd Semester', 'B', '2022-04-02', '21:46:07'),
('234373', '03-2022-290', 'Willie', 'Manuel', 'Nenuz', '', '339936', '411952', '937459', '425818', 'Regular', 'New Student', '1', '1st Semester', 'D', '01-03-2022', '21:23:45'),
('234656', '30-2021-383', 'Paul', 'Boi', 'Cosino', '', '568956', '331466', '548953', '235533', 'Regular', 'Old Student', '1', '2nd Semester', 'B', '2022-04-02', '21:51:29'),
('239917', '03-2022-495', 'Everly ', 'Gianna', 'Taruc ', '', '339936', '866919', '666322', '425818', 'Regular', 'New Student', '1', '1st Semester', 'B', '01-03-2022', '20:08:20'),
('240684', '03-2022-498', 'mike', 'taylor', 'miller', '', '568956', '866919', '666322', '425818', 'Regular', 'Old Student', '1', '2nd Semester', 'A', '2022-04-02', '21:43:06'),
('241078', '03-2022-352', 'Kamari', 'Reyes', 'Gay', '', '568956', '411952', '937459', '425818', 'Regular', 'Old Student', '1', '2nd Semester', 'A', '2022-04-02', '21:39:04'),
('242972', '03-2022-421', 'Joy ', 'Gemma', 'Llanes ', '', '339936', '866919', '666322', '425818', 'Regular', 'New Student', '1', '1st Semester', 'C', '01-03-2022', '21:11:18'),
('247146', '06-2021-154', 'Jomarie', 'tito', 'Derequito', '', '339936', '331466', '548953', '235533', 'Regular', 'New Student', '1', '1st Semester', 'B', '12-06-2021', '18:37:53'),
('248753', '04-2022-372', 'Scott', 'Briones', 'Sharp', '', '339936', '597899', '289314', '949552', 'Regular', 'New Student', '1', '1st Semester', 'B', '01-04-2022', '01:53:13'),
('258786', '06-2021-144', 'Jan Paul', 'vepepe', 'Castro', '', '339936', '331466', '548953', '235533', 'Regular', 'New Student', '1', '1st Semester', 'B', '12-06-2021', '18:30:39'),
('259054', '06-2021-364', 'Jayferson', 'Indiano', 'Perater', '', '339936', '331466', '548953', '235533', 'Regular', 'New Student', '1', '1st Semester', 'B', '12-06-2021', '18:33:26'),
('260674', '03-2022-215', 'daniel ', 'Zora ', 'Usop ', '', '339936', '866919', '666322', '425818', 'Regular', 'New Student', '1', '1st Semester', 'B', '01-03-2022', '19:11:00'),
('265922', '10-2022-377', 'Levi', 'Orange', 'Barellano', '', '568956', '331466', '548953', '235533', 'Regular', 'Old Student', '1', '2nd Semester', 'A', '2022-04-02', '22:30:47'),
('266449', '10-2022-237', 'Eunice', 'Anacleto', 'Chang', '', '339936', '331466', '548953', '235533', 'Regular', 'New Student', '1', '1st Semester', 'A', '01-10-2022', '16:53:51'),
('272045', '06-2021-341', 'Methusela', 'Jerica', 'Somcio', '', '339936', '331466', '548953', '235533', 'Regular', 'New Student', '1', '1st Semester', 'B', '12-06-2021', '18:35:56'),
('278511', '03-2022-162', 'James', 'Tolentino', 'Hall', '', '339936', '411952', '937459', '425818', 'Regular', 'New Student', '1', '1st Semester', 'C', '01-03-2022', '19:33:12'),
('283819', '03-2022-366', 'Vicky', 'Bello', 'Abello', '', '568956', '866919', '666322', '425818', 'Regular', 'Old Student', '1', '2nd Semester', 'A', '2022-04-02', '21:37:04'),
('285160', '03-2022-245', 'Victoria', 'Enriquez', 'Adams', '', '339936', '411952', '937459', '425818', 'Regular', 'New Student', '1', '1st Semester', 'D', '01-03-2022', '21:28:50'),
('286410', '04-2022-346', 'Joseph', 'Molina', 'Peters', '', '339936', '597899', '289314', '949552', 'Regular', 'New Student', '1', '1st Semester', 'B', '01-04-2022', '01:47:14'),
('289446', '03-2022-481', 'James', 'Rivera', 'Wheeler', '', '339936', '411952', '937459', '425818', 'Regular', 'New Student', '1', '1st Semester', 'B', '01-03-2022', '19:06:59'),
('293552', '10-2022-487', 'Antonio', 'Yea', 'Aguihon', '', '568956', '331466', '548953', '235533', 'Regular', 'Old Student', '1', '2nd Semester', 'A', '2022-04-02', '22:29:45'),
('294137', '03-2022-329', 'Jayson ', 'Camposano ', 'Xiomara', '', '339936', '866919', '666322', '425818', 'Regular', 'New Student', '1', '1st Semester', 'B', '01-03-2022', '19:19:53'),
('295380', '10-2022-447', 'Jose', 'Francisco', 'Dolorfino', '', '339936', '331466', '548953', '235533', 'Regular', 'New Student', '1', '1st Semester', 'A', '01-10-2022', '16:23:34'),
('297977', '03-2022-444', 'Jesus', 'Peralta', 'Conner', '', '339936', '597899', '289314', '949552', 'Regular', 'New Student', '1', '1st Semester', 'A', '01-03-2022', '22:17:46'),
('310879', '03-2022-341', 'hwasa', 'hu', 'balaba', '', '339936', '866919', '666322', '425818', 'Regular', 'New Student', '1', '1st Semester', 'A', '01-03-2022', '18:49:10'),
('312790', '03-2022-410', 'Elijah', 'Fernandez', 'Fisher', '', '568956', '411952', '937459', '425818', 'Regular', 'Old Student', '1', '2nd Semester', 'A', '2022-04-02', '21:38:46'),
('313538', '10-2022-319', 'Nicole', 'Teh', 'Lopez', '', '339936', '331466', '548953', '235533', 'Regular', 'New Student', '1', '1st Semester', 'A', '01-10-2022', '16:58:54'),
('317517', '11-2022-319', 'Mark', 'Hulk', 'Rufallo', '', '568956', '331466', '548953', '235533', 'Regular', 'Old Student', '1', '2nd Semester', 'A', '2022-04-02', '22:35:55'),
('318062', '03-2022-276', 'magudato', 'bato', 'esmael', '', '568956', '866919', '666322', '425818', 'Regular', 'Old Student', '1', '2nd Semester', 'A', '2022-04-02', '21:41:17'),
('322242', '03-2022-500', 'John', 'Santos', 'Ferguson', '', '568956', '411952', '937459', '425818', 'Regular', 'Old Student', '1', '2nd Semester', 'A', '2022-04-02', '21:38:27'),
('327919', '10-2022-254', 'Cristy', 'Chicha', 'Talahuron', '', '339936', '331466', '548953', '235533', 'Regular', 'New Student', '1', '1st Semester', 'A', '01-10-2022', '16:35:40'),
('330921', '06-2021-291', 'Allen', 'Iverson', 'Consigna', '', '568956', '331466', '548953', '235533', 'Regular', 'Old Student', '1', '2nd Semester', 'B', '2022-04-02', '21:50:56'),
('332390', '06-2021-390', 'Arcier', 'Repoyla', 'Sambilad', '', '568956', '331466', '548953', '235533', 'Regular', 'Old Student', '1', '2nd Semester', 'B', '2022-04-02', '21:57:03'),
('335242', '06-2021-447', 'Harvey', 'Fugako', 'Anacleto', '', '339936', '331466', '548953', '235533', 'Regular', 'New Student', '1', '1st Semester', 'A', '12-06-2021', '18:24:40'),
('338967', '03-2022-380', 'Matthew', 'Vargas', 'Salinas', '', '339936', '597899', '289314', '949552', 'Regular', 'New Student', '1', '1st Semester', 'A', '01-03-2022', '22:19:26'),
('340084', '03-2022-298', 'James ', 'Maeve', 'Wong ', '', '339936', '866919', '666322', '425818', 'Regular', 'New Student', '1', '1st Semester', 'B', '01-03-2022', '19:30:56'),
('341613', '10-2022-457', 'Dave', 'Goliath', 'Alucitain', '', '339936', '331466', '548953', '235533', 'Regular', 'New Student', '1', '1st Semester', 'A', '01-10-2022', '16:29:14'),
('346583', '04-2022-286', 'Bradley', 'Estrada', 'Hall', '', '339936', '597899', '289314', '949552', 'Regular', 'New Student', '1', '1st Semester', 'B', '01-04-2022', '02:11:04'),
('346798', '11-2022-127', 'Chris', 'Cap', 'Evans', '', '568956', '331466', '548953', '235533', 'Regular', 'Old Student', '1', '2nd Semester', 'A', '2022-04-02', '22:32:44'),
('347281', '03-2022-260', 'Rhett', 'Claro', 'Conley', '', '339936', '411952', '937459', '425818', 'Regular', 'New Student', '1', '1st Semester', 'A', '01-03-2022', '18:01:58'),
('351855', '03-2022-229', 'ash', 'gray', 'brown', '', '339936', '866919', '666322', '425818', 'Regular', 'New Student', '1', '1st Semester', 'A', '01-03-2022', '18:24:10'),
('352296', '03-2022-399', 'Shane', 'David', 'Wilson', '', '339936', '411952', '937459', '425818', 'Regular', 'New Student', '1', '1st Semester', 'C', '01-03-2022', '21:03:05'),
('357988', '03-2022-131', 'Robert', 'Angeles', 'Reid', '', '568956', '560891', '289314', '949552', 'Regular', 'Old Student', '1', '2nd Semester', 'A', '2022-04-02', '22:18:49'),
('361290', '06-2021-150', 'Patrick', 'Starfish', 'Guintivano', '', '568956', '331466', '548953', '235533', 'Regular', 'Old Student', '1', '2nd Semester', 'B', '2022-04-02', '21:55:05'),
('363508', '10-2022-201', 'Edrian', 'Toto', 'Escototo', '', '339936', '331466', '548953', '235533', 'Regular', 'New Student', '1', '1st Semester', 'A', '01-10-2022', '16:21:26'),
('366239', '03-2022-208', 'Jason', 'Salvador', 'Johnson', '', '339936', '411952', '937459', '425818', 'Regular', 'New Student', '1', '1st Semester', 'C', '01-03-2022', '20:58:29'),
('372940', '03-2022-229', 'ash', 'gray', 'brown', '', '568956', '866919', '666322', '425818', 'Regular', 'Old Student', '1', '2nd Semester', 'A', '2022-04-02', '21:38:53'),
('377528', '10-2022-447', 'Jose', 'Francisco', 'Dolorfino', '', '568956', '331466', '548953', '235533', 'Regular', 'Old Student', '1', '2nd Semester', 'A', '2022-04-02', '22:31:59'),
('378020', '10-2022-457', 'Dave', 'Goliath', 'Alucitain', '', '568956', '331466', '548953', '235533', 'Regular', 'Old Student', '1', '2nd Semester', 'A', '2022-04-02', '22:30:12'),
('385048', '03-2022-270', 'lynnette', 'marie', 'reyes', '', '568956', '866919', '666322', '425818', 'Regular', 'Old Student', '1', '2nd Semester', 'A', '2022-04-02', '21:43:44'),
('385860', '04-2022-314', 'Brittany', 'Ortiz', 'Holt', '', '339936', '597899', '289314', '949552', 'Regular', 'New Student', '1', '1st Semester', 'B', '01-04-2022', '02:14:57'),
('389966', '03-2022-255', ' Christian ', 'Maya', 'Leano ', '', '339936', '866919', '666322', '425818', 'Regular', 'New Student', '1', '1st Semester', 'B', '01-03-2022', '19:57:48'),
('395777', '03-2022-240', 'Helve ', 'Hilda ', 'Schuler', '', '339936', '866919', '666322', '425818', 'Regular', 'New Student', '1', '1st Semester', 'D', '01-03-2022', '22:44:19'),
('399376', '10-2022-160', 'Eid', 'Klaled', 'Ehav', '', '568956', '331466', '548953', '235533', 'Regular', 'Old Student', '1', '2nd Semester', 'A', '2022-04-02', '22:32:14'),
('400127', '03-2022-108', 'sebastian', 'falcor', 'lopues ', '', '568956', '866919', '666322', '425818', 'Regular', 'Old Student', '1', '2nd Semester', 'A', '2022-04-02', '21:42:38'),
('401165', '03-2022-176', 'rey  ', 'Berkley ', 'guevara ', '', '339936', '866919', '666322', '425818', 'Regular', 'New Student', '1', '1st Semester', 'B', '01-03-2022', '19:07:07'),
('404501', '03-2022-387', 'Lizeth', 'Garcia', 'Castaneda', '', '568956', '411952', '937459', '425818', 'Regular', 'Old Student', '1', '2nd Semester', 'A', '2022-04-02', '21:36:43'),
('411136', '10-2022-237', 'Eunice', 'Anacleto', 'Chang', '', '568956', '331466', '548953', '235533', 'Regular', 'Old Student', '1', '2nd Semester', 'A', '2022-04-02', '22:31:25'),
('413243', '30-2021-260', 'Reynan', 'Jojo', 'Cainoy', '', '339936', '331466', '548953', '235533', 'Regular', 'New Student', '1', '1st Semester', 'B', '11-30-2021', '16:41:35'),
('416522', '10-2022-498', 'Jeron', 'Yow', 'Flores', '', '339936', '331466', '548953', '235533', 'Regular', 'New Student', '1', '1st Semester', 'A', '01-10-2022', '16:28:10'),
('438200', '04-2022-106', 'Dominic', 'Atienza', 'Brown', '', '339936', '597899', '289314', '949552', 'Regular', 'New Student', '1', '1st Semester', 'B', '01-04-2022', '02:05:15'),
('443409', '29-2021-440', 'Rojj', 'Magsico', 'Dedoyco', '', '568956', '331466', '548953', '235533', 'Regular', 'Old Student', '1', '2nd Semester', 'B', '2022-04-02', '21:52:16'),
('444115', '03-2022-359', 'James', 'Domingo', 'Alvarado', '', '339936', '411952', '937459', '425818', 'Regular', 'New Student', '1', '1st Semester', 'B', '01-03-2022', '19:16:29'),
('444293', '03-2022-379', 'John', 'Mercado', 'Sanchez', '', '339936', '411952', '937459', '425818', 'Regular', 'New Student', '1', '1st Semester', 'C', '01-03-2022', '20:03:04'),
('447759', '06-2021-341', 'Methusela', 'Jerica', 'Somcio', '', '568956', '331466', '548953', '235533', 'Regular', 'Old Student', '1', '2nd Semester', 'B', '2022-04-02', '21:57:21'),
('451501', '29-2021-440', 'Rojj', 'Magsico', 'Dedoyco', '', '339936', '331466', '548953', '235533', 'Regular', 'New Student', '1', '1st Semester', 'B', '11-29-2021', '07:07:59pm'),
('455668', '30-2021-499', 'Alfredo', 'Jabs', 'Bloron', 'Jr.', '568956', '331466', '548953', '235533', 'Regular', 'Old Student', '1', '2nd Semester', 'B', '2022-04-02', '21:46:56'),
('457897', '10-2022-313', 'Melvin', 'Mel', 'Padilla', '', '568956', '331466', '548953', '235533', 'Regular', 'Old Student', '1', '2nd Semester', 'A', '2022-04-02', '22:35:10'),
('463915', '06-2021-222', 'Krentz', 'kalon', 'Villariaz', '', '568956', '331466', '548953', '235533', 'Regular', 'Old Student', '1', '2nd Semester', 'B', '2022-04-02', '21:58:22'),
('468290', '03-2022-108', 'sebastian', 'falcor', 'lopues ', '', '339936', '866919', '666322', '425818', 'Regular', 'New Student', '1', '1st Semester', 'A', '01-03-2022', '18:03:02'),
('473071', '03-2022-366', 'Vicky', 'Bello', 'Abello', '', '339936', '866919', '666322', '425818', 'Regular', 'New Student', '1', '1st Semester', 'A', '01-03-2022', '18:47:36'),
('484486', '10-2022-498', 'Jeron', 'Yow', 'Flores', '', '568956', '331466', '548953', '235533', 'Regular', 'Old Student', '1', '2nd Semester', 'A', '2022-04-02', '22:33:04'),
('490039', '10-2022-297', 'Christine', 'Secret', 'Gamelon', '', '568956', '331466', '548953', '235533', 'Regular', 'Old Student', '1', '2nd Semester', 'A', '2022-04-02', '22:33:19'),
('495140', '11-2022-127', 'Chris', 'Cap', 'Evans', '', '339936', '331466', '548953', '235533', 'Regular', 'Transferee', '1', '1st Semester', 'A', '02-11-2022', '18:00:52'),
('496116', '27-2022-403', 'Vhong', 'Bibo', 'Navarro', '', '339936', '866919', '666322', '425818', 'Regular', 'Transferee', '2', '1st Semester', 'A', '01-27-2022', '18:40:48'),
('498390', '03-2022-375', 'Jonathan', 'Diaz', 'Peters', '', '339936', '411952', '937459', '425818', 'Regular', 'New Student', '1', '1st Semester', 'B', '01-03-2022', '19:29:18'),
('503144', '03-2022-154', 'Michael', 'Gonzaga', 'Hamilton', '', '568956', '560891', '289314', '949552', 'Regular', 'Old Student', '1', '2nd Semester', 'A', '2022-04-02', '22:03:55'),
('503536', '03-2022-332', 'Maci', 'Feng', 'Morrow', '', '339936', '411952', '937459', '425818', 'Regular', 'New Student', '1', '1st Semester', 'A', '01-03-2022', '18:10:07'),
('505780', '03-2022-216', 'ryan', 'bang', 'sulgado ', '', '339936', '866919', '666322', '425818', 'Regular', 'New Student', '1', '1st Semester', 'B', '01-03-2022', '19:00:43'),
('512130', '10-2022-309', 'Arvy', 'Rock', 'Bato', '', '339936', '331466', '548953', '235533', 'Regular', 'New Student', '1', '1st Semester', 'A', '01-10-2022', '16:18:49'),
('518826', '04-2022-376', 'Gabriel', 'Serrano', 'Brown', '', '339936', '597899', '289314', '949552', 'Regular', 'New Student', '1', '1st Semester', 'B', '01-04-2022', '01:49:29'),
('522667', '03-2022-343', 'Matthew', 'Soriano', 'Lewis', '', '339936', '411952', '937459', '425818', 'Regular', 'New Student', '1', '1st Semester', 'B', '01-03-2022', '19:25:59'),
('526317', '04-2022-320', 'Julie', 'Arellano', 'Olson', '', '339936', '597899', '289314', '949552', 'Regular', 'New Student', '1', '1st Semester', 'B', '01-04-2022', '02:02:44'),
('528289', '21-2022-195', 'Donna', 'Newstudent', 'Jean', '', '339936', '866919', '666322', '425818', 'Regular', 'New Student', '1', '1st Semester', 'B', '02-21-2022', '03:32:54'),
('534316', '04-2022-466', 'Robin', 'Acosta', 'Snyder', '', '339936', '597899', '289314', '949552', 'Regular', 'New Student', '1', '1st Semester', 'B', '01-04-2022', '02:13:22'),
('536155', '03-2022-409', 'Belen', 'Freecs', 'Sawyer', '', '339936', '411952', '937459', '425818', 'Regular', 'New Student', '1', '1st Semester', 'A', '01-03-2022', '17:59:44'),
('537831', '06-2021-129', 'Dweny', 'Larse', 'Mondia', '', '568956', '331466', '548953', '235533', 'Regular', 'Old Student', '1', '2nd Semester', 'B', '2022-04-02', '21:55:50'),
('541317', '03-2022-241', 'Cindy', 'Sanchez', 'Olson', '', '339936', '411952', '937459', '425818', 'Regular', 'New Student', '1', '1st Semester', 'B', '01-03-2022', '19:11:43'),
('542310', '30-2021-260', 'Reynan', 'Jojo', 'Cainoy', '', '568956', '331466', '548953', '235533', 'Regular', 'Old Student', '1', '2nd Semester', 'B', '2022-04-02', '21:49:14'),
('542792', '03-2022-163', 'Audrey ', 'Chan', 'Escobar ', '', '339936', '866919', '666322', '425818', 'Regular', 'New Student', '1', '1st Semester', 'D', '01-03-2022', '22:10:30'),
('544445', '03-2022-143', 'mark', 'zone', 'david', 'jr', '568956', '866919', '666322', '425818', 'Regular', 'Old Student', '1', '2nd Semester', 'A', '2022-04-02', '21:40:07'),
('545729', '03-2022-380', 'Matthew', 'Vargas', 'Salinas', '', '568956', '560891', '289314', '949552', 'Regular', 'Old Student', '1', '2nd Semester', 'A', '2022-04-02', '22:28:20'),
('547078', '10-2022-319', 'Nicole', 'Teh', 'Lopez', '', '568956', '331466', '548953', '235533', 'Regular', 'Old Student', '1', '2nd Semester', 'A', '2022-04-02', '22:34:57'),
('547176', '03-2022-339', 'crasiana', 'roming', 'amerol', '', '568956', '866919', '666322', '425818', 'Regular', 'Old Student', '1', '2nd Semester', 'A', '2022-04-02', '21:37:54'),
('562330', '03-2022-470', 'Derek', 'Morales', 'Campbell', '', '339936', '411952', '937459', '425818', 'Regular', 'New Student', '1', '1st Semester', 'C', '01-03-2022', '19:36:36'),
('564167', '03-2022-131', 'Robert', 'Angeles', 'Reid', '', '339936', '597899', '289314', '949552', 'Regular', 'New Student', '1', '1st Semester', 'A', '01-03-2022', '22:11:11'),
('571974', '11-2022-319', 'Mark', 'Hulk', 'Rufallo', '', '339936', '331466', '548953', '235533', 'Regular', 'New Student', '1', '1st Semester', 'A', '02-11-2022', '17:53:46'),
('573410', '04-2022-451', 'Brittany', 'Asuncion', 'Walker', '', '339936', '597899', '289314', '949552', 'Regular', 'New Student', '1', '1st Semester', 'B', '01-04-2022', '02:23:19'),
('587115', '10-2022-193', 'Werner', 'Grape', 'Grapa', '', '568956', '331466', '548953', '235533', 'Regular', 'Old Student', '1', '2nd Semester', 'A', '2022-04-02', '22:33:38'),
('596834', '03-2022-411', ' Albin ', 'Brook ', 'Ewart', '', '339936', '866919', '666322', '425818', 'Regular', 'New Student', '1', '1st Semester', 'D', '01-03-2022', '22:40:37'),
('597247', '03-2022-341', 'hwasa', 'hu', 'balaba', '', '568956', '866919', '666322', '425818', 'Regular', 'Old Student', '1', '2nd Semester', 'A', '2022-04-02', '21:38:21'),
('600946', '03-2022-451', 'William', 'Ignacio', 'Nunez', '', '339936', '597899', '289314', '949552', 'Regular', 'New Student', '1', '1st Semester', 'A', '01-03-2022', '22:07:14'),
('608471', '03-2022-301', 'Jas', 'Mariam', 'Pardillo ', '', '339936', '866919', '666322', '425818', 'Regular', 'New Student', '1', '1st Semester', 'C', '01-03-2022', '21:35:40'),
('613407', '03-2022-263', 'Brendan', 'Vergara', 'Rose', '', '339936', '597899', '289314', '949552', 'Regular', 'New Student', '1', '1st Semester', 'A', '01-03-2022', '22:08:21'),
('613743', '30-2021-499', 'Alfredo', 'Jabs', 'Bloron', 'Jr.', '339936', '331466', '548953', '235533', 'Regular', 'New Student', '1', '1st Semester', 'B', '11-30-2021', '16:40:16'),
('617441', '22-2022-495', 'Tony', 'Fa', 'Hawk', '', '339936', '331466', '548953', '235533', 'Regular', 'New Student', '1', '1st Semester', 'A', '01-22-2022', '22:43:25'),
('624032', '03-2022-293', 'Michael', 'Jimenez', 'Gordon', '', '339936', '411952', '937459', '425818', 'Regular', 'New Student', '1', '1st Semester', 'D', '01-03-2022', '21:17:48'),
('628013', '03-2022-321', 'Nancy', 'Martinez', 'Harvey', '', '339936', '411952', '937459', '425818', 'Regular', 'New Student', '1', '1st Semester', 'B', '01-03-2022', '19:19:49'),
('635997', '03-2022-166', 'Leslie', 'Ocampo', 'Smith', '', '339936', '411952', '937459', '425818', 'Regular', 'New Student', '1', '1st Semester', 'D', '01-03-2022', '21:29:56'),
('643540', '10-2022-377', 'Levi', 'Orange', 'Barellano', '', '339936', '331466', '548953', '235533', 'Regular', 'New Student', '1', '1st Semester', 'A', '01-10-2022', '16:12:57'),
('647238', '24-2022-162', 'Thea Marie', 'Columida', 'Dedoyco', '', '339936', '331466', '548953', '235533', 'Irregular', 'Transferee', '1', '1st Semester', 'A', '02-24-2022', '14:22:03'),
('650100', '10-2022-309', 'Arvy', 'Rock', 'Bato', '', '568956', '331466', '548953', '235533', 'Regular', 'Old Student', '1', '2nd Semester', 'A', '2022-04-02', '22:31:09'),
('652573', '03-2022-443', 'Kevin', 'Gutierrez', 'Lee', '', '339936', '411952', '937459', '425818', 'Regular', 'New Student', '1', '1st Semester', 'C', '01-03-2022', '20:57:27'),
('652952', '03-2022-386', 'Victoria', 'Lopez', 'Cox', '', '568956', '411952', '937459', '425818', 'Regular', 'Old Student', '1', '2nd Semester', 'A', '2022-04-02', '21:38:13'),
('654357', '04-2022-352', 'Paul', 'Samson', 'Wilis', '', '339936', '597899', '289314', '949552', 'Regular', 'New Student', '1', '1st Semester', 'B', '01-04-2022', '01:41:33'),
('655216', '10-2022-276', 'Ruben', 'Tagalog', 'Jonota', '', '568956', '331466', '548953', '235533', 'Regular', 'Old Student', '1', '2nd Semester', 'A', '2022-04-02', '22:34:44'),
('655344', '10-2022-431', 'Abby', 'Barellano', 'Javelona', '', '339936', '331466', '548953', '235533', 'Regular', 'New Student', '1', '1st Semester', 'A', '01-10-2022', '16:41:07'),
('662510', '03-2022-127', 'Michael', 'Padilla', 'Rodriguez', '', '568956', '560891', '289314', '949552', 'Regular', 'Old Student', '1', '2nd Semester', 'A', '2022-04-02', '22:26:36'),
('666591', '03-2022-389', 'marcus', 'bueno', 'buendia', '', '339936', '866919', '666322', '425818', 'Regular', 'New Student', '1', '1st Semester', 'A', '01-03-2022', '18:41:11'),
('670768', '10-2022-275', 'Arjiel', 'Jod', 'Peralta', '', '568956', '331466', '548953', '235533', 'Regular', 'Old Student', '1', '2nd Semester', 'A', '2022-04-02', '22:35:24'),
('670939', '03-2022-127', 'Michael', 'Padilla', 'Rodriguez', '', '339936', '597899', '289314', '949552', 'Regular', 'New Student', '1', '1st Semester', 'A', '01-03-2022', '22:09:24'),
('671635', '03-2022-262', 'Tina', 'Manalo', 'Tucker', '', '339936', '411952', '937459', '425818', 'Regular', 'New Student', '1', '1st Semester', 'C', '01-03-2022', '20:07:41'),
('673988', '03-2022-106', 'Tracy', 'de Vera', 'Salazar', '', '568956', '560891', '289314', '949552', 'Regular', 'Old Student', '1', '2nd Semester', 'A', '2022-04-02', '22:27:50'),
('674235', '22-2022-113', 'Samson', 'Banihit', 'Gomez', '', '339936', '331466', '548953', '235533', 'Regular', 'Cross Enrollee', '1', '1st Semester', 'B', '02-22-2022', '16:36:40'),
('691646', '03-2022-387', 'Lizeth', 'Garcia', 'Castaneda', '', '339936', '411952', '937459', '425818', 'Regular', 'New Student', '1', '1st Semester', 'A', '01-03-2022', '18:20:52'),
('697053', '10-2022-160', 'Eid', 'Klaled', 'Ehav', '', '339936', '331466', '548953', '235533', 'Regular', 'New Student', '1', '1st Semester', 'A', '01-10-2022', '16:19:44'),
('700143', '03-2022-389', 'marcus', 'bueno', 'buendia', '', '568956', '866919', '666322', '425818', 'Regular', 'Old Student', '1', '2nd Semester', 'A', '2022-04-02', '21:39:15'),
('700676', '03-2022-270', 'lynnette', 'marie', 'reyes', '', '339936', '866919', '666322', '425818', 'Regular', 'New Student', '1', '1st Semester', 'A', '01-03-2022', '18:08:50'),
('702568', '06-2021-339', 'Ken Lowil', 'Julleza', 'Geñorga', '', '568956', '331466', '548953', '235533', 'Regular', 'Old Student', '1', '2nd Semester', 'B', '2022-04-02', '21:54:03'),
('705784', '23-2022-485', 'Man', 'Transferee', 'Iron', '', '339936', '331466', '548953', '235533', 'Regular', 'Transferee', '1', '1st Semester', 'A', '01-23-2022', '16:56:20'),
('707620', '04-2022-167', 'Angela', 'Tamayo', 'Morgan', '', '339936', '597899', '289314', '949552', 'Regular', 'New Student', '1', '1st Semester', 'B', '01-04-2022', '01:59:47'),
('709449', '30-2021-383', 'Paul', 'Boi', 'Cosino', '', '339936', '331466', '548953', '235533', 'Regular', 'New Student', '1', '1st Semester', 'B', '11-30-2021', '16:42:56'),
('712585', '10-2022-313', 'Melvin', 'Mel', 'Padilla', '', '339936', '331466', '548953', '235533', 'Regular', 'New Student', '1', '1st Semester', 'A', '01-10-2022', '16:22:43'),
('714614', '10-2022-201', 'Edrian', 'Toto', 'Escototo', '', '568956', '331466', '548953', '235533', 'Regular', 'Old Student', '1', '2nd Semester', 'A', '2022-04-02', '22:32:29'),
('716389', '06-2021-266', 'Reynan Earl', 'Idol', 'Caile', '', '568956', '331466', '548953', '235533', 'Regular', 'Old Student', '1', '2nd Semester', 'B', '2022-04-02', '21:48:12'),
('723322', '03-2022-287', 'Jeffrey', 'Rodriguez', 'Evans', '', '339936', '866919', '937459', '425818', 'Regular', 'New Student', '1', '1st Semester', 'B', '01-03-2022', '19:21:48'),
('723997', '03-2022-346', 'Daisy', 'Rosales', 'Campos', '', '339936', '411952', '937459', '425818', 'Regular', 'New Student', '1', '1st Semester', 'D', '01-03-2022', '21:22:44'),
('724012', '06-2021-150', 'Patrick', 'Starfish', 'Guintivano', '', '339936', '331466', '548953', '235533', 'Regular', 'New Student', '1', '1st Semester', 'B', '12-06-2021', '18:09:51'),
('728975', '06-2021-266', 'Reynan Earl', 'Idol', 'Caile', '', '339936', '331466', '548953', '235533', 'Regular', 'New Student', '1', '1st Semester', 'B', '12-06-2021', '18:40:14'),
('734705', '03-2022-386', 'Victoria', 'Lopez', 'Cox', '', '339936', '411952', '937459', '425818', 'Regular', 'New Student', '1', '1st Semester', 'A', '01-03-2022', '18:58:24'),
('737102', '04-2022-373', 'Patrick', 'Abad', 'Goodwin', '', '339936', '597899', '289314', '949552', 'Regular', 'New Student', '1', '1st Semester', 'B', '01-04-2022', '02:25:21'),
('741779', '06-2021-390', 'Arcier', 'Repoyla', 'Sambilad', '', '339936', '331466', '548953', '235533', 'Regular', 'New Student', '1', '1st Semester', 'B', '12-06-2021', '18:08:04'),
('742336', '03-2022-138', ' Brooklyn ', 'Kaing	', 'Rabino ', '', '339936', '866919', '666322', '425818', 'Regular', 'New Student', '1', '1st Semester', 'D', '01-03-2022', '22:07:05'),
('743870', '03-2022-312', 'Justin ', 'Cabaluna ', 'Ophelia', '', '339936', '866919', '666322', '425818', 'Regular', 'New Student', '1', '1st Semester', 'B', '01-03-2022', '19:39:51'),
('745024', '03-2022-154', 'Michael', 'Gonzaga', 'Hamilton', '', '339936', '597899', '289314', '949552', 'Regular', 'New Student', '1', '1st Semester', 'A', '01-03-2022', '22:24:36'),
('745130', '23-2022-485', 'Man', 'Transferee', 'Iron', '', '568956', '331466', '548953', '235533', 'Regular', 'Old Student', '1', '2nd Semester', 'A', '2022-04-02', '22:34:05'),
('746387', '03-2022-451', 'William', 'Ignacio', 'Nunez', '', '568956', '560891', '289314', '949552', 'Regular', 'Old Student', '1', '2nd Semester', 'A', '2022-04-02', '22:17:50'),
('748089', '03-2022-390', 'Michele', 'Pacual', 'Mcintosh', '', '339936', '411952', '937459', '425818', 'Regular', 'New Student', '1', '1st Semester', 'D', '01-03-2022', '21:12:36'),
('751265', '03-2022-283', 'Jessica', 'Mariano', 'Smith', '', '339936', '411952', '937459', '425818', 'Regular', 'New Student', '1', '1st Semester', 'D', '01-03-2022', '21:25:01'),
('751659', '03-2022-394', 'Lauren', 'Romero', 'Rodriguez', '', '339936', '597899', '289314', '949552', 'Regular', 'New Student', '1', '1st Semester', 'A', '01-03-2022', '22:00:24'),
('753524', '22-2022-113', 'Samson', 'Banihit', 'Gomez', '', '568956', '331466', '548953', '235533', 'Regular', 'Old Student', '1', '2nd Semester', 'B', '2022-04-02', '21:54:41'),
('758869', '10-2022-193', 'Werner', 'Grape', 'Grapa', '', '339936', '331466', '548953', '235533', 'Regular', 'New Student', '1', '1st Semester', 'A', '01-10-2022', '16:20:37'),
('761711', '04-2022-452', 'Maria', 'Ortega', 'Ingram', '', '339936', '597899', '289314', '949552', 'Regular', 'New Student', '1', '1st Semester', 'B', '01-04-2022', '01:44:20'),
('762518', '10-2022-487', 'Antonio', 'Yea', 'Aguihon', '', '339936', '331466', '548953', '235533', 'Regular', 'New Student', '1', '1st Semester', 'A', '01-10-2022', '16:52:39'),
('773494', '06-2021-291', 'Allen', 'Iverson', 'Consigna', '', '339936', '331466', '548953', '235533', 'Regular', 'New Student', '1', '1st Semester', 'B', '12-06-2021', '18:05:26'),
('774522', '06-2021-144', 'Jan Paul', 'vepepe', 'Castro', '', '568956', '331466', '548953', '235533', 'Regular', 'Old Student', '1', '2nd Semester', 'B', '2022-04-02', '21:50:23'),
('775605', '03-2022-158', 'Patricia', 'Bautista', 'Hamilton', '', '568956', '411952', '937459', '425818', 'Regular', 'Old Student', '1', '2nd Semester', 'A', '2022-04-02', '21:39:46'),
('783630', '03-2022-371', 'Raven', 'Cortez', 'Grant', '', '339936', '411952', '937459', '425818', 'Regular', 'New Student', '1', '1st Semester', 'D', '01-03-2022', '21:19:08'),
('784692', '03-2022-414', 'Janelle ', 'Zoey', 'Posadas ', '', '339936', '866919', '666322', '425818', 'Regular', 'New Student', '1', '1st Semester', 'C', '01-03-2022', '21:57:17'),
('785015', '03-2022-233', 'Serena  ', 'Dixie', 'Boon', '', '339936', '866919', '666322', '425818', 'Regular', 'New Student', '1', '1st Semester', 'D', '01-03-2022', '22:22:14'),
('789705', '03-2022-419', 'peter', 'tee', 'Sanchez', '', '568956', '866919', '666322', '425818', 'Regular', 'Old Student', '1', '2nd Semester', 'A', '2022-04-02', '21:43:59'),
('791128', '06-2021-153', 'Joseph', 'Monta', 'Tamon', '', '568956', '331466', '548953', '235533', 'Regular', 'Old Student', '1', '2nd Semester', 'B', '2022-04-02', '21:57:57'),
('793379', '03-2022-158', 'Patricia', 'Bautista', 'Hamilton', '', '339936', '411952', '937459', '425818', 'Regular', 'New Student', '1', '1st Semester', 'A', '01-03-2022', '18:51:22'),
('794027', '30-2021-311', 'Nicole', 'Rivera', 'Guniabo', 'updated', '339936', '331466', '548953', '235533', 'Regular', 'New Student', '1', '1st Semester', 'B', '11-30-2021', '19:26:07'),
('797043', '30-2021-405', 'Thea Marie', 'Columida', 'Gabinete', '', '568956', '331466', '548953', '235533', 'Regular', 'Old Student', '1', '2nd Semester', 'B', '2022-04-02', '21:53:29'),
('801414', '04-2022-226', 'Beth', 'Chavez', 'Pearson', '', '339936', '597899', '289314', '949552', 'Regular', 'New Student', '1', '1st Semester', 'B', '01-04-2022', '01:51:31'),
('808288', '03-2022-253', 'Jasmine', 'Gonzales', 'James', '', '568956', '411952', '937459', '425818', 'Regular', 'Old Student', '1', '2nd Semester', 'A', '2022-04-02', '21:40:13'),
('821030', '06-2021-447', 'Harvey', 'Fugako', 'Anacleto', '', '568956', '331466', '548953', '235533', 'Regular', 'Old Student', '1', '2nd Semester', 'A', '2022-04-02', '22:30:30'),
('830590', '03-2022-149', 'Mark ', 'Mercader ', 'Antonella ', '', '339936', '866919', '666322', '425818', 'Regular', 'New Student', '1', '1st Semester', 'B', '01-03-2022', '19:17:25'),
('832953', '03-2022-267', 'Aya ', ' Iounia', 'Bassi', '', '339936', '866919', '666322', '425818', 'Regular', 'New Student', '1', '1st Semester', 'D', '01-03-2022', '22:45:50'),
('840933', '04-2022-277', 'Kristie', 'Medina', 'Burnett', '', '339936', '597899', '289314', '949552', 'Regular', 'New Student', '1', '1st Semester', 'B', '01-04-2022', '01:55:22'),
('841161', '03-2022-303', 'john', 'anais', 'villacorta', '', '339936', '866919', '666322', '425818', 'Regular', 'New Student', '1', '1st Semester', 'B', '01-03-2022', '19:02:41'),
('848394', '03-2022-105', 'Bonnie', 'Javier', 'Brown', '', '339936', '411952', '937459', '425818', 'Regular', 'New Student', '1', '1st Semester', 'C', '01-03-2022', '20:55:24'),
('851777', '06-2021-313', 'Jules', 'Leomel', 'Salvador', '', '339936', '331466', '548953', '235533', 'Regular', 'New Student', '1', '1st Semester', 'B', '12-06-2021', '18:28:06'),
('854264', '03-2022-457', 'Keith', 'Alcantara', 'Nunez', '', '339936', '411952', '937459', '425818', 'Regular', 'New Student', '1', '1st Semester', 'D', '01-03-2022', '21:31:25'),
('866980', '03-2022-110', 'Patrick', 'Perez', 'Howell', '', '339936', '411952', '937459', '425818', 'Regular', 'New Student', '1', '1st Semester', 'B', '01-03-2022', '18:59:58'),
('870561', '03-2022-203', 'Angeline ', 'Luna', 'Estabillo ', '', '339936', '866919', '666322', '425818', 'Regular', 'New Student', '1', '1st Semester', 'C', '01-03-2022', '21:52:14'),
('874128', '03-2022-410', 'Elijah', 'Fernandez', 'Fisher', '', '339936', '411952', '937459', '425818', 'Regular', 'New Student', '1', '1st Semester', 'A', '01-03-2022', '18:54:26'),
('875984', '30-2021-311', 'Nicole', 'Rivera', 'Guniabo', 'updated', '568956', '331466', '548953', '235533', 'Regular', 'Old Student', '1', '2nd Semester', 'B', '2022-04-02', '21:55:29'),
('876018', '04-2022-169', 'Meghan', 'Palma', 'Odonnell', '', '339936', '597899', '289314', '949552', 'Regular', 'New Student', '1', '1st Semester', 'B', '01-04-2022', '01:57:38'),
('876122', '04-2022-409', 'Yesenia', 'Trinidad', 'Lamb', '', '339936', '597899', '289314', '949552', 'Regular', 'New Student', '1', '1st Semester', 'B', '01-04-2022', '02:20:21'),
('879133', '03-2022-416', 'Eric', 'Santiago', 'Bennett', '', '339936', '411952', '937459', '425818', 'Regular', 'New Student', '1', '1st Semester', 'B', '01-03-2022', '19:24:09'),
('883154', '03-2022-444', 'Jesus', 'Peralta', 'Conner', '', '568956', '560891', '289314', '949552', 'Regular', 'Old Student', '1', '2nd Semester', 'A', '2022-04-02', '22:02:38'),
('884437', '30-2021-405', 'Thea Marie', 'Columida', 'Gabinete', '', '339936', '331466', '548953', '235533', 'Regular', 'New Student', '1', '1st Semester', 'B', '11-30-2021', '19:27:50'),
('886754', '03-2022-465', 'Christine ', 'Sophia', 'Alano ', '', '339936', '866919', '666322', '425818', 'Regular', 'New Student', '1', '1st Semester', 'C', '01-03-2022', '21:42:43'),
('887366', '03-2022-332', 'Maci', 'Feng', 'Morrow', '', '568956', '411952', '937459', '425818', 'Regular', 'Old Student', '1', '2nd Semester', 'A', '2022-04-02', '21:40:53'),
('893499', '06-2021-364', 'Jayferson', 'Indiano', 'Perater', '', '568956', '331466', '548953', '235533', 'Regular', 'Old Student', '1', '2nd Semester', 'B', '2022-04-02', '21:56:16'),
('894998', '03-2022-106', 'Tracy', 'de Vera', 'Salazar', '', '339936', '597899', '289314', '949552', 'Regular', 'New Student', '1', '1st Semester', 'A', '01-03-2022', '21:58:40'),
('898053', '06-2021-129', 'Dweny', 'Larse', 'Mondia', '', '339936', '331466', '548953', '235533', 'Regular', 'New Student', '1', '1st Semester', 'B', '12-06-2021', '18:17:21'),
('903906', '03-2022-137', 'Nicole', 'Espiritu', 'Powell', '', '339936', '597899', '289314', '949552', 'Regular', 'New Student', '1', '1st Semester', 'A', '01-03-2022', '22:12:46'),
('915801', '10-2022-217', 'Marygrace', 'Grace', 'Pineda', '', '339936', '331466', '548953', '235533', 'Regular', 'New Student', '1', '1st Semester', 'A', '01-10-2022', '16:50:15'),
('916703', '03-2022-113', 'kris', 'philips', 'williams', 'jr', '339936', '866919', '666322', '425818', 'Regular', 'New Student', '1', '1st Semester', 'A', '01-03-2022', '18:21:38'),
('918317', '10-2022-254', 'Cristy', 'Chicha', 'Talahuron', '', '568956', '331466', '548953', '235533', 'Regular', 'Old Student', '1', '2nd Semester', 'A', '2022-04-02', '22:36:29'),
('920191', '03-2022-419', 'peter', 'tee', 'Sanchez', '', '339936', '866919', '666322', '425818', 'Regular', 'New Student', '1', '1st Semester', 'A', '01-03-2022', '17:55:10'),
('922912', '03-2022-394', 'Lauren', 'Romero', 'Rodriguez', '', '568956', '560891', '289314', '949552', 'Regular', 'Old Student', '1', '2nd Semester', 'A', '2022-04-02', '22:27:09'),
('924454', '03-2022-487', 'Carlo ', 'Isla', 'Simbulan ', '', '339936', '866919', '666322', '425818', 'Regular', 'New Student', '1', '1st Semester', 'B', '01-03-2022', '19:33:44'),
('930282', '10-2022-275', 'Arjiel', 'Jod', 'Peralta', '', '339936', '331466', '548953', '235533', 'Regular', 'New Student', '1', '1st Semester', 'A', '01-10-2022', '16:32:15'),
('934361', '10-2022-431', 'Abby', 'Barellano', 'Javelona', '', '568956', '331466', '548953', '235533', 'Regular', 'Old Student', '1', '2nd Semester', 'A', '2022-04-02', '22:34:17'),
('935298', '03-2022-420', 'Samuel', 'Flores', 'Patterson', '', '568956', '411952', '937459', '425818', 'Regular', 'Old Student', '1', '2nd Semester', 'A', '2022-04-02', '21:41:56'),
('943657', '03-2022-143', 'mark', 'zone', 'david', 'jr', '339936', '866919', '666322', '425818', 'Regular', 'New Student', '1', '1st Semester', 'A', '01-03-2022', '18:32:47'),
('948490', '03-2022-278', 'Ann', 'Evangelista', 'Fletcher', '', '339936', '411952', '937459', '425818', 'Regular', 'New Student', '1', '1st Semester', 'D', '01-03-2022', '21:26:21'),
('949728', '10-2022-232', 'Hanna', 'Ruth', 'Javier', '', '339936', '331466', '548953', '235533', 'Regular', 'New Student', '1', '1st Semester', 'A', '01-10-2022', '16:48:14'),
('949902', '03-2022-445', 'Hunter', 'Delos Santos', 'White', '', '339936', '411952', '937459', '425818', 'Regular', 'New Student', '1', '1st Semester', 'B', '01-03-2022', '19:27:29'),
('949943', '03-2022-446', 'Devon ', 'Kay', 'Kiley ', '', '339936', '866919', '666322', '425818', 'Regular', 'New Student', '1', '1st Semester', 'D', '01-03-2022', '22:24:06'),
('963641', '03-2022-104', 'Anthony ', 'Dolor ', 'Kehlani ', '', '339936', '866919', '666322', '425818', 'Regular', 'New Student', '1', '1st Semester', 'B', '01-03-2022', '19:14:20'),
('965824', '03-2022-137', 'Nicole', 'Espiritu', 'Powell', '', '568956', '560891', '289314', '949552', 'Regular', 'Old Student', '1', '2nd Semester', 'A', '2022-04-02', '22:18:10'),
('971465', '04-2022-366', 'Christopher', 'Zamora', 'Smith', '', '339936', '597899', '289314', '949552', 'Regular', 'New Student', '1', '1st Semester', 'B', '01-04-2022', '02:21:46'),
('971687', '03-2022-210', 'Kyle', 'Salazar', 'Wallace', '', '339936', '411952', '937459', '425818', 'Regular', 'New Student', '1', '1st Semester', 'C', '01-03-2022', '21:05:32'),
('975229', '03-2022-150', 'Phyllis', 'Sarmiento', 'Reese', '', '339936', '411952', '937459', '425818', 'Regular', 'New Student', '1', '1st Semester', 'D', '01-03-2022', '21:11:35'),
('979645', '03-2022-420', 'Samuel', 'Flores', 'Patterson', '', '339936', '411952', '937459', '425818', 'Regular', 'New Student', '1', '1st Semester', 'A', '01-03-2022', '18:32:48'),
('980943', '03-2022-251', 'Peter', 'del Rosario', 'Barnett', '', '339936', '411952', '937459', '425818', 'Regular', 'New Student', '1', '1st Semester', 'C', '01-03-2022', '20:54:16'),
('982183', '03-2022-498', 'mike', 'taylor', 'miller', '', '339936', '866919', '666322', '425818', 'Regular', 'New Student', '1', '1st Semester', 'A', '01-03-2022', '18:30:50'),
('988397', '03-2022-339', 'crasiana', 'roming', 'amerol', '', '339936', '866919', '666322', '425818', 'Regular', 'New Student', '1', '1st Semester', 'A', '01-03-2022', '18:46:05'),
('993236', '03-2022-276', 'magudato', 'bato', 'esmael', '', '339936', '866919', '666322', '425818', 'Regular', 'New Student', '1', '1st Semester', 'A', '01-03-2022', '18:44:24'),
('997645', '03-2022-202', 'Michele', 'Fajardo', 'Preston', '', '568956', '560891', '289314', '949552', 'Regular', 'Old Student', '1', '2nd Semester', 'A', '2022-04-02', '22:18:32'),
('999326', '03-2022-253', 'Jasmine', 'Gonzales', 'James', '', '339936', '411952', '937459', '425818', 'Regular', 'New Student', '1', '1st Semester', 'A', '01-03-2022', '18:42:35'),
('999366', '03-2022-207', 'Emily', 'Alvarez', 'Hawkins', '', '339936', '411952', '937459', '425818', 'Regular', 'New Student', '1', '1st Semester', 'D', '01-03-2022', '21:10:20');

-- --------------------------------------------------------

--
-- Table structure for table `manage_program`
--

CREATE TABLE `manage_program` (
  `program_id` varchar(10) NOT NULL,
  `department_id` varchar(10) NOT NULL,
  `program_code` varchar(20) NOT NULL,
  `program_description` text NOT NULL,
  `program_status` int(1) NOT NULL
) ENGINE=InnoDB DEFAULT CHARSET=utf8mb4;

--
-- Dumping data for table `manage_program`
--

INSERT INTO `manage_program` (`program_id`, `department_id`, `program_code`, `program_description`, `program_status`) VALUES
('289314', '949552', 'BSA', 'Bachelor Of Science In Agriculture', 1),
('548444', '235533', 'BSCS', 'Bachelor Of Science In Computer Science', 1),
('548953', '235533', 'BSIT', 'Bachelor Of Science In Information Technology', 1),
('589515', '235533', 'BSIS', 'Bachelor Of Science In Information System', 1),
('666322', '425818', 'ABELS', 'Bachelor Of Arts In English Language Studies', 1),
('902356', '762310', 'BSED', 'Bachelor Of Science In Elementary Education', 1),
('937459', '425818', 'ABE', 'Bachelor Of Arts Major In English', 1);

-- --------------------------------------------------------

--
-- Table structure for table `manage_subject`
--

CREATE TABLE `manage_subject` (
  `subject_id` varchar(10) NOT NULL,
  `curriculum_id` varchar(10) NOT NULL,
  `program_id` varchar(10) NOT NULL,
  `department_id` varchar(10) NOT NULL,
  `subject_code` varchar(20) NOT NULL,
  `subject_description` text NOT NULL,
  `subject_unit` int(2) NOT NULL,
  `subject_id_prerequisite` varchar(20) NOT NULL,
  `subject_year_level` varchar(50) NOT NULL,
  `subject_semester` varchar(50) NOT NULL,
  `subject_status` int(1) NOT NULL
) ENGINE=InnoDB DEFAULT CHARSET=utf8mb4;

--
-- Dumping data for table `manage_subject`
--

INSERT INTO `manage_subject` (`subject_id`, `curriculum_id`, `program_id`, `department_id`, `subject_code`, `subject_description`, `subject_unit`, `subject_id_prerequisite`, `subject_year_level`, `subject_semester`, `subject_status`) VALUES
('101341', '597899', '289314', '949552', 'PHYED032', 'Individual Games and Dual Sports', 2, '379400', '2', '1st Semester', 1),
('101669', '411952', '937459', '425818', 'INLASOCU 3', 'Introduction to Language, Society and Culture', 3, 'None', '2', '2nd Semester', 1),
('101738', '866919', '666322', '425818', 'THEOL 030', 'The Creed', 3, 'None', '1', '1st Semester', 1),
('102263', '597899', '289314', '949552', 'POHST23Y', 'Post-Harvest Handling and Seed Technology', 3, '419362', '4', '1st Semester', 1),
('103670', '331466', '548953', '235533', 'INTE 1021', 'System Integration and Architecture', 3, 'None', '2', '2nd Semester', 1),
('104755', '866919', '666322', '425818', 'ELTAS 030', 'English Language Testing & Assessment', 3, '686408', '4', '1st Semester', 1),
('113952', '597899', '289314', '949552', 'NAREM13M', 'Natural Resource and Environmental Management', 3, 'None', '2', '2nd Semester', 1),
('115314', '331466', '548953', '235533', 'PHED 1002', 'Physical Education 2 (Rhythmic Dancing)', 2, 'None', '1', '2nd Semester', 1),
('115821', '331466', '548953', '235533', 'GEDC 1006', 'Readings in Philippine History', 3, 'None', '3', '1st Semester', 1),
('119879', '597899', '289314', '949552', 'ANAFE23Y', 'Animal Nutrition and Feeding', 3, '697192', '3', '1st Semester', 1),
('122994', '331466', '548953', '235533', 'INTE 1039', 'IT Capstone Project 2', 3, 'None', '4', '1st Semester', 1),
('123998', '411952', '937459', '425818', 'MAJOR 1', 'Introduction to Pragmatics', 3, '637137', '2', '1st Semester', 1),
('130622', '597899', '289314', '949552', 'INTAG110', 'Introduction to Agriculture', 1, 'None', '1', '1st Semester', 1),
('143382', '866919', '666322', '425818', 'REPHI 030', 'Readings in Philippine History', 3, 'None', '1', '1st Semester', 1),
('149025', '331466', '548953', '235533', 'INSY 1010', 'Information Assurance and Security (Cybersecurity Fundamentals)', 3, 'None', '3', '1st Semester', 1),
('149435', '331466', '548953', '235533', 'INSY 1024', 'Event-Driven Programming', 3, 'None', '3', '2nd Semester', 1),
('154062', '331466', '548953', '235533', 'INSY 1003', 'Professional Issues in Information System and Technology', 3, 'None', '3', '1st Semester', 1),
('154705', '331466', '548953', '235533', 'COSC 1002', 'Discrete Structures 1 (Discrete Mathematics)', 3, 'None', '1', '2nd Semester', 1),
('155636', '334321', '488809', '285262', 'TRY', 'Try lang guys ha hehe', 3, 'None', '1', '1st Semester', 1),
('159300', '331466', '548953', '235533', 'PHED 1004', 'Physical Education 4 (Team Sports)', 2, '605840', '2', '2nd Semester', 1),
('160907', '597899', '289314', '949552', 'ENSCI13M', 'Environmental Science', 3, 'None', '2', '1st Semester', 1),
('170993', '597899', '289314', '949552', 'BAFAM23Y', 'Basic Farm Machineries and Mechanization', 3, 'None', '2', '2nd Semester', 1),
('177967', '331466', '548953', '235533', 'GEDC 1003', 'The Entrepreneurial Mind', 3, 'None', '2', '1st Semester', 1),
('178629', '331466', '548953', '235533', 'CITE 1011', 'Information Management', 3, 'None', '2', '2nd Semester', 1),
('185362', '331466', '548953', '235533', 'INTE 1020', 'Quantitative Methods', 3, 'None', '2', '2nd Semester', 1),
('189651', '597899', '289314', '949552', 'CROPR23M', 'Principles of Crop Production', 3, 'None', '1', '2nd Semester', 1),
('209104', '331466', '548953', '235533', 'INTE 1005', 'Network Technology 1', 3, 'None', '2', '2nd Semester', 1),
('209187', '597899', '289314', '949552', 'RIZAL030', 'Life and Works of Rizal', 3, 'None', '4', '1st Semester', 1),
('210494', '597899', '289314', '949552', 'OJT (MAJOR)', 'On the Job Training', 3, 'None', '4', '2nd Semester', 1),
('214623', '597899', '289314', '949552', 'ORFAG23Y', 'Organic Framing and Gardening', 3, '563572', '4', '1st Semester', 1),
('215276', '331466', '548953', '235533', 'INTE 1013', 'IT Service Management', 3, 'None', '4', '1st Semester', 1),
('223517', '866919', '666322', '425818', 'FORLA 030', 'Foreign Language 3', 3, '872218', '3', '2nd Semester', 1),
('225252', '866919', '666322', '425818', 'FORLA 030', 'Foreign Language 1', 3, 'None', '2', '2nd Semester', 1),
('231514', '866919', '666322', '425818', 'LNLIT 030', 'Language of Non-Literary', 3, '742060', '3', '1st Semester', 1),
('233865', '597899', '289314', '949552', 'BASMA030', 'Basic Mandarin', 3, 'None', '3', '1st Semester', 1),
('238034', '331466', '548953', '235533', 'BUSS 1013', 'Technopreneurship', 3, 'None', '2', '2nd Semester', 1),
('240452', '597899', '289314', '949552', 'CRPRO13M', 'Crop Protection', 3, 'None', '1', '1st Semester', 1),
('244481', '866919', '666322', '425818', 'GENAS 030', 'Gender and Society (Language and Gender)', 3, '473630', '4', '2nd Semester', 1),
('245450', '411952', '937459', '425818', 'LR II: THES', 'Language Research II: Thesis', 3, '451408', '4', '1st Semester', 1),
('247929', '411952', '937459', '425818', 'NSTP 2', 'National Service Training Program', 3, '905200', '1', '2nd Semester', 1),
('251059', '411952', '937459', '425818', 'ENGSYN 3', 'English Syntax', 3, '637137', '2', '1st Semester', 1),
('252541', '411952', '937459', '425818', 'COG 2', 'Business Communication', 3, '529080', '4', '1st Semester', 1),
('253386', '411952', '937459', '425818', 'THELAC', 'Theories of Language and Language Acquisition', 3, 'None', '1', '2nd Semester', 1),
('253980', '331466', '548953', '235533', 'INTE 1041', 'Computers Graphics Programming', 3, 'None', '4', '1st Semester', 1),
('260893', '331466', '548953', '235533', 'STIC 1006', 'Purposive Communication 2', 3, '327451', '2', '2nd Semester', 1),
('266675', '411952', '937459', '425818', 'PE 4', 'Team Sports', 2, '917800', '2', '2nd Semester', 1),
('267215', '866919', '666322', '425818', 'PUCOM 030', 'Purposive Communication', 3, 'None', '1', '1st Semester', 1),
('269113', '411952', '937459', '425818', 'COG 5', 'Language & Journalism', 3, 'None', '4', '2nd Semester', 1),
('277962', '331466', '548953', '235533', 'INTE1043', 'IT Practicum (486 Hours)', 9, 'None', '4', '2nd Semester', 1),
('278782', '331466', '548953', '235533', 'INSY 1007', 'Management Information Systems', 3, 'None', '3', '2nd Semester', 1),
('280184', '331466', '548953', '235533', 'GEDC 1013', 'Science, Technology and Society', 3, 'None', '1', '2nd Semester', 1),
('282576', '331466', '548953', '235533', 'PHED 1001', 'Physical Education 1 (Physical Fitness and Conditioning)', 2, 'None', '1', '1st Semester', 1),
('286524', '331466', '548953', '235533', 'INTE 1056', 'Advanced Systems Integration and Architecture', 3, 'None', '3', '2nd Semester', 1),
('287533', '597899', '289314', '949552', 'PRIGN13M', 'Principles of Genetics', 3, '474453', '2', '1st Semester', 1),
('291413', '331466', '548953', '235533', 'INTE 1006', 'System Administration and Maintenance 1', 3, 'None', '1', '2nd Semester', 1),
('293310', '411952', '937459', '425818', 'COG 4', 'Technical Writing in the Profession', 3, '252541', '4', '2nd Semester', 1),
('294512', '866919', '666322', '425818', 'PHYED 220', 'Individual Games and Dual Sports', 2, 'None', '2', '1st Semester', 1),
('298729', '866919', '666322', '425818', 'ARTAP 030', 'Art Appreciation', 3, 'None', '1', '1st Semester', 1),
('309858', '331466', '548953', '235533', 'STIC 1007', 'Euthenics 2', 1, '700885', '4', '1st Semester', 1),
('311398', '331466', '548953', '235533', 'INTE 1027', 'IT Elective 3', 3, '919993', '3', '1st Semester', 1),
('317776', '411952', '937459', '425818', 'FORLA 1', 'Foreign Language 1', 3, 'None', '2', '2nd Semester', 1),
('318407', '597899', '289314', '949552', 'THESS020', 'Thesis 2 (Experimental)', 2, '838553', '3', '2nd Semester', 1),
('320651', '411952', '937459', '425818', 'GE 3', 'Mathematics in the Modern World', 3, 'None', '1', '1st Semester', 1),
('327451', '331466', '548953', '235533', 'GEDC 1012', 'Purposive Communication', 3, 'None', '1', '2nd Semester', 1),
('331658', '331466', '548953', '235533', 'NSTP 1010', 'National Service Training Program 2', 3, '855295', '1', '2nd Semester', 1),
('340580', '331466', '548953', '235533', 'INTE 1040', 'IT Elective 4', 3, '311398', '4', '1st Semester', 1),
('352013', '597899', '289314', '949552', 'APRAM23M', 'Approaches and Practices in Pest Management', 3, '240452', '1', '2nd Semester', 1),
('356585', '597899', '289314', '949552', 'SEMNR120', 'Seminar B', 1, '575475', '3', '2nd Semester', 1),
('372535', '866919', '666322', '425818', 'REVIA 030', 'Reading Visual Art', 3, 'None', '4', '2nd Semester', 1),
('376715', '597899', '289314', '949552', 'SOFCM23Y', 'Soil Fertility and Conservation Management', 3, '727843', '1', '2nd Semester', 1),
('378779', '866919', '666322', '425818', 'IMDAE 030', 'Instructional Materials Development and Evaluation', 3, '435163', '3', '2nd Semester', 1),
('379400', '597899', '289314', '949552', 'PHYED022', 'Rhythmic Activities: Folk and Social Dancing', 2, '474820', '1', '2nd Semester', 1),
('385903', '597899', '289314', '949552', 'NSTPCW230', 'National Service Training Program', 3, '839219', '1', '2nd Semester', 1),
('388085', '866919', '666322', '425818', 'TLLAC 130', 'Theories of Language and Language Acquisition', 3, '948586', '1', '2nd Semester', 1),
('390846', '448838', '281193', '730245', 'ENGCHU', 'Engineering in Chuchu', 3, 'None', '1', '2nd Semester', 1),
('396319', '866919', '666322', '425818', 'MULTI', 'Multilingualism and Multiculturalism', 3, 'None', '3', '1st Semester', 1),
('402393', '866919', '666322', '425818', 'FORLA 030', 'Foreign Language 4', 3, '223517', '4', '1st Semester', 1),
('405337', '597899', '289314', '949552', 'USELF030', 'Understanding the Self', 3, 'None', '1', '1st Semester', 1),
('413008', '411952', '937459', '425818', 'PE 1', 'Physical Fitness', 2, 'None', '1', '1st Semester', 1),
('419362', '597899', '289314', '949552', 'PRACP23M', 'Practices of Crop Production', 3, '189651', '2', '1st Semester', 1),
('422876', '597899', '289314', '949552', 'COLOQ110', 'Colloquium', 1, '356585', '3', '2nd Semester', 1),
('425839', '866919', '666322', '425818', 'NSTPCW 130', 'National Service Training Program', 3, 'None', '1', '2nd Semester', 1),
('426540', '331466', '548953', '235533', 'COSC 1008', 'Platform Technology 1 (Operating Systems)', 3, 'None', '2', '1st Semester', 1),
('426920', '331466', '548953', '235533', 'INTE 1025', 'Data and Digital Communication (Data Communication)', 3, 'None', '3', '1st Semester', 1),
('430295', '331466', '548953', '235533', 'COSC 1001', 'Principles of Communication', 3, 'None', '2', '1st Semester', 1),
('435163', '866919', '666322', '425818', 'FOETL 030', 'Foundation of English Teaching & Learning ', 3, 'None', '1', '2nd Semester', 1),
('436968', '411952', '937459', '425818', 'PE 2', 'Rhythmic Activities: Folk and Social Dancing', 2, '413008', '1', '2nd Semester', 1),
('441563', '331466', '548953', '235533', 'INTE 1010', 'Integrative Programming 1', 3, 'None', '2', '2nd Semester', 1),
('445094', '331466', '548953', '235533', 'COSC 1007', 'Human-Computer Interaction', 3, 'None', '2', '1st Semester', 1),
('445829', '331466', '548953', '235533', 'INTE 1083', 'Web Systems and Technologies', 3, 'None', '3', '2nd Semester', 1),
('451408', '411952', '937459', '425818', 'LR I: METHOD', 'Language Research 1: Methodology', 3, 'None', '3', '2nd Semester', 1),
('451566', '597899', '289314', '949552', 'APDEV230', 'Introduction to Agricultural Policy and Development', 3, 'None', '3', '2nd Semester', 1),
('459108', '331466', '548953', '235533', 'CITE 1008', 'Application Development and Emerging Technologies', 3, 'None', '3', '1st Semester', 1),
('461487', '866919', '666322', '425818', 'INLAS 030', 'Introduction to the English Language System', 3, 'None', '1', '2nd Semester', 1),
('465277', '597899', '289314', '949552', 'ORCHE030', 'Organic Chemistry', 3, 'None', '1', '1st Semester', 1),
('470392', '866919', '666322', '425818', 'ENSCI 030', 'Environmental Science', 3, 'None', '3', '2nd Semester', 1),
('473630', '866919', '666322', '425818', 'ILSAC 030', 'Introduction to Language, Society and Culture', 3, 'None', '2', '2nd Semester', 1),
('474453', '597899', '289314', '949552', 'INSCI13M', 'Introduction to Animal Science', 3, 'None', '1', '2nd Semester', 1),
('474820', '597899', '289314', '949552', 'PHYED012', 'Physical Fitness', 2, 'None', '1', '1st Semester', 1),
('485292', '866919', '666322', '425818', 'MATMW 030', 'Mathematics in the Modern World', 3, 'None', '1', '1st Semester', 1),
('485882', '331466', '548953', '235533', 'CITE1004', 'Introduction to Computing', 3, 'None', '1', '1st Semester', 1),
('495102', '866919', '666322', '425818', 'INPRG 030', 'Introduction to Pragmatics', 3, '461487', '2', '1st Semester', 1),
('498054', '597899', '289314', '949552', 'PAGEC23', 'Principles of Agricultural Extension and Communication', 3, 'None', '2', '2nd Semester', 1),
('501173', '411952', '937459', '425818', 'LALITE 3', 'Language of Literary Texts', 3, 'None', '2', '2nd Semester', 1),
('502246', '411952', '937459', '425818', 'THEO 1', 'Salvation History', 3, 'None', '1', '1st Semester', 1),
('506302', '411952', '937459', '425818', 'MAJOR 4', 'ELT Approaches and Methods', 3, 'None', '3', '2nd Semester', 1),
('509254', '411952', '937459', '425818', 'BAMAN 331', 'Basic Mandarin', 3, 'None', '3', '1st Semester', 1),
('512371', '331466', '548953', '235533', 'INSY 1011', 'Advanced Database Systems', 3, 'None', '3', '1st Semester', 1),
('514887', '331466', '548953', '235533', 'INTE 1031', 'IT Capstone Project 1', 3, 'None', '3', '2nd Semester', 1),
('516636', '866919', '666322', '425818', 'USELF 030', 'Understanding the Self', 3, 'None', '1', '2nd Semester', 1),
('520718', '597899', '289314', '949552', 'COMCO030', 'Basic Computer Concept', 3, 'None', '1', '2nd Semester', 1),
('520805', '866919', '666322', '425818', 'ETHCS 030', 'Ethics', 3, 'None', '1', '2nd Semester', 1),
('525940', '411952', '937459', '425818', 'HISLA 1', 'History of the Language', 3, 'None', '1', '1st Semester', 1),
('529080', '411952', '937459', '425818', 'COCOM 4', 'Computer-mediated Communication', 3, 'None', '3', '1st Semester', 1),
('543795', '597899', '289314', '949552', 'PHYED042', 'Team Sports', 2, '101341', '2', '2nd Semester', 1),
('545372', '866919', '666322', '425818', 'PAPTP 130', 'Pagbasa at Pagsulat Tungo sa Pananaliksik', 3, '677116', '1', '2nd Semester', 1),
('547621', '866919', '666322', '425818', 'NSTPCW 030', 'National Service Training Program', 3, 'None', '1', '1st Semester', 1),
('556813', '597899', '289314', '949552', 'THEOL2C0', 'The Sacraments', 3, '727063', '1', '2nd Semester', 1),
('557062', '411952', '937459', '425818', 'GE 5 ', 'Understanding the Self', 3, 'None', '1', '2nd Semester', 1),
('561893', '866919', '666322', '425818', 'COCOM 030', 'Computer-mediated Communication', 3, 'None', '3', '1st Semester', 1),
('563572', '597899', '289314', '949552', 'IORAG23M', 'Introduction to Organic Agriculture', 3, 'None', '2', '1st Semester', 1),
('566162', '597899', '289314', '949552', 'SAPRO23Y', 'Slaughter of Animals and Animal Production Processing', 3, '119879', '3', '2nd Semester', 1),
('571907', '866919', '666322', '425818', 'PHYED 120', 'Rhythmic Activities: Folk and Social Dancing', 2, '584012', '1', '2nd Semester', 1),
('575475', '597899', '289314', '949552', 'SEMNR110', 'Seminar A', 1, 'None', '3', '1st Semester', 1),
('582900', '411952', '937459', '425818', 'THEO 3', 'The Sacraments', 3, '799535', '2', '1st Semester', 1),
('584012', '866919', '666322', '425818', 'PHYED 020', 'Physical Fitness', 2, 'None', '1', '1st Semester', 1),
('587578', '411952', '937459', '425818', 'ENDIS 4', 'English Discourse', 3, 'None', '3', '1st Semester', 1),
('590390', '866919', '666322', '425818', 'ENPAM 030', 'English Phonology and Morphology', 3, '461487', '2', '1st Semester', 1),
('590862', '597899', '289314', '949552', 'KAFIL030', 'Komunikasyon sa Akademikong Filipino', 3, 'None', '1', '1st Semester', 1),
('592492', '411952', '937459', '425818', 'COG 1', 'Foundation of English Teaching & Learning', 3, 'None', '1', '2nd Semester', 1),
('597236', '597899', '289314', '949552', 'FIMAE23Y', 'Financial Management for Agri-based Enterprise', 3, 'None', '4', '1st Semester', 1),
('600550', '331466', '548953', '235533', 'GEDC 1002', 'The Contemporary World', 3, 'None', '1', '1st Semester', 1),
('605840', '331466', '548953', '235533', 'PHED 1003', 'Physical Education 3 (Individual/Dual Sports)', 2, '115314', '2', '1st Semester', 1),
('610492', '331466', '548953', '235533', 'GEDC 1004', 'Filipino 1: Istruktura ng Wikang Filipino', 3, 'None', '1', '1st Semester', 2),
('612690', '411952', '937459', '425818', 'COG 3', 'English Language Testing & Assessment', 3, '506302', '4', '1st Semester', 1),
('613764', '411952', '937459', '425818', 'LANLITE 4', 'Language of Non-Literary', 3, '501173', '3', '1st Semester', 1),
('615613', '597899', '289314', '949552', 'ESHOP23Y', 'Ecological and Sustainable Horticulture Production', 3, '563572', '4', '1st Semester', 1),
('616411', '866919', '666322', '425818', 'PHYED 320', 'Team Sports', 2, '294512', '2', '2nd Semester', 1),
('618262', '597899', '289314', '949552', 'IACED230', 'Introduction to Agricultural Commodity and Enterprise Development', 3, 'None', '3', '1st Semester', 1),
('624215', '597899', '289314', '949552', 'PUCOM030', 'Purposive Communication', 3, 'None', '1', '2nd Semester', 1),
('632614', '866919', '666322', '425818', 'SCITA 030', 'Science, Technology and Society ', 3, 'None', '2', '2nd Semester', 1),
('637137', '411952', '937459', '425818', 'INLAS 2', 'Introduction to the English Language System', 3, 'None', '1', '2nd Semester', 1),
('641613', '411952', '937459', '425818', 'GEEL 2', 'Gender and Society', 3, '101669', '4', '2nd Semester', 1),
('652550', '866919', '666322', '425818', 'ENSYN 130', 'English Syntax', 3, '461487', '2', '1st Semester', 1),
('656045', '866919', '666322', '425818', 'INTAL 030', 'Introduction to Anthropological Linguistics', 3, 'None', '2', '2nd Semester', 1),
('662191', '411952', '937459', '425818', 'THEO 4', 'Mariology and Christology', 3, '582900', '2', '2nd Semester', 1),
('662640', '331466', '548953', '235533', 'GEDC 1010', 'Art Appreciation', 3, 'None', '1', '2nd Semester', 1),
('666522', '411952', '937459', '425818', 'GE 1', 'Purposive Communication', 3, 'None', '1', '1st Semester', 1),
('667193', '597899', '289314', '949552', 'REPHI030', 'Readings in Philippine History', 3, 'None', '1', '1st Semester', 1),
('667918', '411952', '937459', '425818', 'EPHOMO 3 ', 'English Phonology and Morphology', 3, '637137', '2', '1st Semester', 1),
('670166', '411952', '937459', '425818', 'MAJOR 3', 'Instructional Materials Development and Evaluation', 3, 'None', '3', '2nd Semester', 1),
('671158', '866919', '666322', '425818', 'ENDIS 030', 'English Discourse', 3, 'None', '3', '1st Semester', 1),
('677116', '866919', '666322', '425818', 'KAFIL 030', 'Komunikasyon sa Akademikong Filipino', 3, 'None', '1', '1st Semester', 1),
('681180', '866919', '666322', '425818', 'COWOR 030', 'Contemporary World', 3, 'None', '2', '1st Semester', 1),
('686408', '866919', '666322', '425818', 'ELTAM 030', 'ELT Approaches and Methods', 3, '435163', '3', '2nd Semester', 1),
('687812', '331466', '548953', '235533', 'GEDC 1014', 'Rizal\'s Life and Works', 3, 'None', '4', '1st Semester', 1),
('689459', '411952', '937459', '425818', 'STYL 4', 'Stylistics', 3, '914919', '3', '1st Semester', 1),
('696440', '866919', '666322', '425818', 'SOENG 030', 'Semantic of English', 3, '495102', '2', '2nd Semester', 1),
('697192', '597899', '289314', '949552', 'ANSCI23M', 'Animal Science 2', 3, '474453', '2', '1st Semester', 1),
('700885', '331466', '548953', '235533', 'STIC 1002', 'Euthenics 1', 1, 'None', '1', '1st Semester', 1),
('714579', '597899', '289314', '949552', 'PLBER23Y', 'Principles and Practices of Plant Breeding, Propagation and Nursery Management', 3, '287533', '3', '1st Semester', 1),
('722922', '866919', '666322', '425818', 'TWINP 030', 'Technical Writing in the Profession', 3, '806012', '4', '2nd Semester', 1),
('723298', '331466', '548953', '235533', 'INSY 1005', 'Information Assurance and Security (Data Privacy)', 3, 'None', '3', '2nd Semester', 1),
('724333', '597899', '289314', '949552', 'ETHCS030', 'Ethics', 3, 'None', '3', '1st Semester', 1),
('727063', '597899', '289314', '949552', 'THEOL1C0', 'The Creed', 3, 'None', '1', '1st Semester', 1),
('727843', '597899', '289314', '949552', 'SOILS13M', 'Principles of Soil Science', 3, 'None', '1', '1st Semester', 1),
('731035', '597899', '289314', '949552', 'MAGRE23Y', 'Methods of Agricultural Research', 3, 'None', '2', '1st Semester', 1),
('742060', '866919', '666322', '425818', 'LALIT 030', 'Language of Literary Texts', 3, 'None', '2', '2nd Semester', 1),
('746437', '411952', '937459', '425818', 'GE 4', 'Art Appreciation', 3, 'None', '1', '1st Semester', 1),
('756006', '411952', '937459', '425818', 'FORLA 4', 'Foreign Language 4', 3, '943886', '4', '1st Semester', 1),
('757658', '411952', '937459', '425818', 'GEEL 3', 'Reading Visual Art', 3, 'None', '4', '2nd Semester', 1),
('768856', '866919', '666322', '425818', 'LJORN 030', 'Language & Journalism', 3, 'None', '4', '2nd Semester', 1),
('771839', '331466', '548953', '235533', 'INTE 1015', 'IT Elective 1', 3, 'None', '2', '1st Semester', 1),
('782512', '331466', '548953', '235533', 'GEDC 1009', 'Ethics', 3, 'None', '3', '2nd Semester', 1),
('783377', '597899', '289314', '949552', 'ARTAP030', 'Art Appreciation', 3, 'None', '2', '1st Semester', 1),
('789117', '866919', '666322', '425818', 'LOTIN 030', 'Language of the Internet', 3, 'None', '2', '1st Semester', 1),
('799535', '411952', '937459', '425818', 'THEO 2', 'The Creed', 3, '502246', '1', '2nd Semester', 1),
('806012', '866919', '666322', '425818', 'BSCOM 030', 'Business Communication', 3, '561893', '4', '1st Semester', 1),
('811875', '331466', '548953', '235533', 'INTE 1030', 'Network Technology 2', 3, '209104', '3', '2nd Semester', 1),
('822548', '866919', '666322', '425818', 'FORLA 030', 'Life and Works of Rizal', 3, 'None', '4', '1st Semester', 1),
('828563', '331466', '548953', '235533', 'INTE 1084', 'Mobile System and Technologies', 3, 'None', '4', '1st Semester', 1),
('834165', '331466', '548953', '235533', 'CITE1003', 'Computer Programming 1', 3, 'None', '1', '1st Semester', 1),
('838553', '597899', '289314', '949552', 'THESS010', 'Thesis 1 (Outline)', 2, '731035', '3', '1st Semester', 1),
('838614', '331466', '548953', '235533', 'COSC 1003', 'Data Structures and Algorithms', 3, 'None', '2', '1st Semester', 1),
('839219', '597899', '289314', '949552', 'NSTPCW130', 'National Service Training Program', 3, 'None', '1', '1st Semester', 1),
('840998', '342140', '902356', '762310', 'TRYPE1', 'Physical Education 1', 3, 'None', '1', '2nd Semester', 1),
('841115', '597899', '289314', '949552', 'BITES23M', 'Basic Biotechnology and Society', 3, 'None', '3', '1st Semester', 1),
('841139', '411952', '937459', '425818', 'GE 7 ', 'Contemporary World', 3, 'None', '2', '1st Semester', 1),
('844154', '331466', '548953', '235533', 'CITE 1006', 'Computer Programming 2', 3, '834165', '1', '2nd Semester', 1),
('847852', '597899', '289314', '949552', 'ADMAN030', 'Advanced Mandarin', 3, '233865', '3', '2nd Semester', 1),
('852304', '866919', '666322', '425818', 'LRTHE 130', 'Language Research II: Thesis', 3, '907591', '4', '1st Semester', 1),
('853180', '866919', '666322', '425818', 'THEOL 130', 'The Sacraments', 3, '101738', '1', '2nd Semester', 1),
('855295', '331466', '548953', '235533', 'NSTP 1008', 'National Service Training Program 1', 3, 'None', '1', '1st Semester', 1),
('864239', '597899', '289314', '949552', 'PESMA23Y', 'Pest Management', 3, '419362', '4', '1st Semester', 1),
('871624', '597899', '289314', '949552', 'SSCLU23Y', 'Soil Survey, Classification and Land Use', 3, '376715', '3', '2nd Semester', 1),
('872218', '866919', '666322', '425818', 'FORLA 030', 'Foreign Language 2', 3, '225252', '3', '1st Semester', 1),
('875810', '597899', '289314', '949552', 'COWOR030', 'The Contemporary World', 3, 'None', '1', '1st Semester', 1),
('900403', '411952', '937459', '425818', 'FIL 2', 'Pagbasa at Pagsulat Tungo sa Pananaliksik', 3, '965454', '1', '2nd Semester', 1),
('901767', '411952', '937459', '425818', 'GE 8', 'Science, Technology and Society', 3, 'None', '2', '2nd Semester', 1),
('905200', '411952', '937459', '425818', 'NSTP 1', 'National Service Training Program', 3, 'None', '1', '1st Semester', 1),
('906561', '411952', '937459', '425818', 'MAJOR 2', 'Psychology of Language', 3, '253386', '2', '1st Semester', 1),
('906814', '331466', '548953', '235533', 'GEDC 1007', 'Panitikang Pilipino', 3, 'None', '2', '1st Semester', 1),
('907591', '866919', '666322', '425818', 'LRMED 030', 'Language Research 1: Methodology', 3, 'None', '3', '2nd Semester', 1),
('910196', '411952', '937459', '425818', 'GE 6 ', 'Ethics', 3, 'None', '1', '2nd Semester', 1),
('910584', '411952', '937459', '425818', 'ADMAN 332', 'Advanced Mandarin', 3, '509254', '3', '2nd Semester', 1),
('912127', '597899', '289314', '949552', 'THESS030', 'Thesis 3 (Manuscript and Defense)', 2, '318407', '4', '1st Semester', 1),
('914313', '597899', '289314', '949552', 'MATMW030', 'Mathematics in the Modern World', 3, 'None', '1', '2nd Semester', 1),
('914919', '411952', '937459', '425818', 'SEMEN 3', 'Semantics of English', 3, '251059', '2', '2nd Semester', 1),
('917800', '411952', '937459', '425818', 'PE 3', 'Individual Games and Dual Sports', 2, '436968', '2', '1st Semester', 1),
('919993', '331466', '548953', '235533', 'INTE 1019', 'IT Elective 2', 3, '771839', '2', '2nd Semester', 1),
('920095', '597899', '289314', '949552', 'BARMO23Y', 'Beneficial Arthropods and Micro-Organism', 3, '352013', '4', '1st Semester', 1),
('933924', '331466', '548953', '235533', 'GEDC 1005', 'Mathematics in the Modern World', 3, 'None', '1', '1st Semester', 1),
('940718', '597899', '289314', '949552', 'PAPTP030', 'Pagbasa at Pagsulat Tungo sa Pananaliksik', 3, 'None', '1', '2nd Semester', 1),
('943886', '411952', '937459', '425818', 'FORLA 3', 'Foreign Language 3', 3, '981103', '3', '2nd Semester', 1),
('948586', '866919', '666322', '425818', 'HISLA 030', 'History of the Language', 3, 'None', '1', '1st Semester', 1),
('948667', '331466', '548953', '235533', 'GEDC 1008', 'Understanding the Self', 3, 'None', '1', '1st Semester', 1),
('952841', '866919', '666322', '425818', 'PSYLA 030', 'Psychology of Language', 3, '388085', '2', '1st Semester', 1),
('964792', '866919', '666322', '425818', 'TRANS 030', 'Translation Studies', 3, 'None', '3', '2nd Semester', 1),
('965454', '411952', '937459', '425818', 'FIL 1', 'Komunikasyon sa Akademikong Filipino', 3, 'None', '1', '1st Semester', 1),
('967208', '597899', '289314', '949552', 'SCITS030', 'Science, Technology and Society', 3, '160907', '2', '2nd Semester', 1),
('976912', '597899', '289314', '949552', 'REVIA030', 'Reading Visual Art', 3, 'None', '2', '2nd Semester', 1),
('978559', '411952', '937459', '425818', 'GE 2 ', 'Readings in Philippine History', 3, 'None', '1', '1st Semester', 1),
('979699', '597899', '289314', '949552', 'WAMIR23M', 'Introduction to Water Management and Irrigation', 3, 'None', '3', '2nd Semester', 1),
('981103', '411952', '937459', '425818', 'FORLA 2', 'Foreign Language 2', 3, '317776', '3', '1st Semester', 1),
('982257', '331466', '548953', '235533', 'GEDC 1011', 'Filipino 2: Introduksyon sa Pamamahayag', 3, '610492', '1', '2nd Semester', 1),
('983803', '597899', '289314', '949552', 'GENBC23M', 'General Biochemistry', 3, 'None', '2', '2nd Semester', 1),
('988081', '342140', '902356', '762310', 'TRY1', 'The Contemporary World', 3, 'None', '1', '1st Semester', 1),
('995064', '411952', '937459', '425818', 'EL 1', 'Environmental Science', 3, 'None', '3', '2nd Semester', 1),
('996874', '597899', '289314', '949552', 'MANEP23M', 'Management of Extension Programs', 3, '498054', '3', '2nd Semester', 1),
('998831', '866919', '666322', '425818', 'STYLS 030', 'Stylistics', 3, '652550', '3', '1st Semester', 1);

-- --------------------------------------------------------

--
-- Table structure for table `student_info`
--

CREATE TABLE `student_info` (
  `student_id` varchar(15) NOT NULL,
  `curriculum_id` varchar(10) NOT NULL,
  `firstname` varchar(50) NOT NULL,
  `middlename` varchar(50) NOT NULL,
  `lastname` varchar(50) NOT NULL,
  `name_extension` varchar(10) NOT NULL,
  `address` text NOT NULL,
  `birthdate` date NOT NULL,
  `birthplace` text NOT NULL,
  `gender` varchar(50) NOT NULL,
  `civil_status` varchar(50) NOT NULL,
  `citizenship` varchar(50) NOT NULL,
  `religion` varchar(50) NOT NULL,
  `phone_number` varchar(15) NOT NULL,
  `email` varchar(50) NOT NULL,
  `password` varchar(50) NOT NULL
) ENGINE=InnoDB DEFAULT CHARSET=utf8;

--
-- Dumping data for table `student_info`
--

INSERT INTO `student_info` (`student_id`, `curriculum_id`, `firstname`, `middlename`, `lastname`, `name_extension`, `address`, `birthdate`, `birthplace`, `gender`, `civil_status`, `citizenship`, `religion`, `phone_number`, `email`, `password`) VALUES
('03-2022-100', '866919', ' Kyla ', 'Eleanor', 'Kasim', '', 'Bacolod City', '1999-07-04', 'Bacolod ', 'Female', 'Single', 'Filipino     ', 'Roman Catholic ', '092636272712', 'k.kasim@gmail.com', 'koikoi'),
('03-2022-104', '866919', 'Anthony ', 'Dolor ', 'Kehlani ', '', 'Bacolod City', '1999-09-17', 'Bacolod', 'Male', 'Single', 'Filipino', 'Roman Catholic', '09778567611', 'kehlani.a@gmail.com', 'cmycstudent'),
('03-2022-105', '411952', 'Bonnie', 'Javier', 'Brown', '', 'Bacolod City', '2000-02-27', 'Silay City', 'Female', 'Single', 'Filipino', 'Roman Catholic', '09892338970', 'brownbonnie@gmail.com', 'cmycstudent'),
('03-2022-106', '560891', 'Tracy', 'de Vera', 'Salazar', '', 'Silay City', '2000-12-01', 'Bacolod City', 'Female', 'Single', 'Filipino', 'Roman Catholic', '09506343507', 'salazartracy@gmail.com', 'cmycstudent'),
('03-2022-108', '866919', 'sebastian', 'falcor', 'lopues ', '', 'Bacolod', '1999-01-04', 'bacolod', 'Male', 'Single', 'filipino', 'Roman', '091239875698', 'seblopues@gmail.com', 'cmycstudent'),
('03-2022-110', '411952', 'Patrick', 'Perez', 'Howell', '', 'Silay City', '2000-06-22', 'Silay City', 'Male', 'Single', 'Filipino', 'Roman Catholic', '09967529454', 'howellpatrick@gmail.com', 'cmycstudent'),
('03-2022-113', '866919', 'kris', 'philips', 'williams', 'jr', 'bacolod', '1999-11-01', 'bacolod', 'Female', 'Single', 'filipino', 'roman', '09876543211', 'kris@gmail', 'cmycstudent'),
('03-2022-125', '411952', 'Robert', 'Cruz', 'Sloan', '', 'Silay City', '2000-10-20', 'Bacolod City', 'Male', 'Single', 'Filipino', 'Roman Catholic', '09979803499', 'sloanrobert@gmail.com', 'cmycstudent'),
('03-2022-127', '560891', 'Michael', 'Padilla', 'Rodriguez', '', 'Talisay City', '2000-09-27', 'Silay City', 'Male', 'Single', 'Filipino', 'Roman Catholic', '09235771001', 'rodriguezmichael@gmail.com', 'cmycstudent'),
('03-2022-131', '560891', 'Robert', 'Angeles', 'Reid', '', 'Silay City', '2000-10-12', 'Silay City', 'Male', 'Single', 'Filipino', 'Roman Catholic', '09955025514', 'reidrobert@gmail.com', 'cmycstudent'),
('03-2022-132', '866919', 'Wilkie ', 'Spencer ', 'Dennell', '', ' Bacolod City ', '1999-05-05', 'Bacolod ', 'Male', 'Single', 'Filipino      ', 'Roman Catholic ', '0925151721', 'w.dennell@gmail.com', 'cmycstudent'),
('03-2022-136', '411952', 'Tyler', 'Ramirez', 'Carillo', '', 'Talisay City', '2000-04-04', 'Bacolod City', 'Male', 'Single', 'Filipino', 'Roman Catholic', '09980830379', 'carillotyler@gmail.com', 'cmycstudent'),
('03-2022-137', '560891', 'Nicole', 'Espiritu', 'Powell', '', 'Victorias City', '2000-08-26', 'Silay City', 'Male', 'Single', 'Filipino', 'Roman Catholic', '09788616906', 'powellnicole@gmail.com', 'cmycstudent'),
('03-2022-138', '866919', ' Brooklyn ', 'Kaing	', 'Rabino ', '', 'Bacolod City', '1999-05-07', 'Bacolod ', 'Male', 'Single', 'Filipino     ', 'Roman Catholic ', '09026352822', 'B.rabino@gmail.com', 'cmycstudent'),
('03-2022-143', '866919', 'mark', 'zone', 'david', 'jr', 'bacolod', '1999-12-06', 'bacolod', 'Male', 'Single', 'filipino', 'muslim', '09876513316', 'markdavid@gmail.com', 'cmycstudent'),
('03-2022-145', '866919', 'Angelica ', 'Alma', 'Quirante ', '', 'Bacolod City', '1999-12-18', 'Bacolod City', 'Female', 'Single', 'Filipino', 'Roman Catholic', '0927524271', 'ange.alma@gmail.com', 'cmycstudent'),
('03-2022-149', '866919', 'Mark ', 'Mercader ', 'Antonella ', '', 'Bacolod City', '1999-08-19', 'Bacolod', 'Male', 'Single', 'Filipino', 'Roman Catholic', '09765433121', 'mark@gmail.com', 'cmycstudent'),
('03-2022-150', '411952', 'Phyllis', 'Sarmiento', 'Reese', '', 'Silay City', '2000-05-31', 'Bacolod City', 'Male', 'Single', 'Filipino', 'Roman Catholic', '09668143842', 'reesephyllis@gmail.com', 'cmycstudent'),
('03-2022-154', '560891', 'Michael', 'Gonzaga', 'Hamilton', '', 'Bacolod City', '2000-09-27', 'Talisay City', 'Male', 'Single', 'Filipino', 'Roman Catholic', '09966712701', 'hamiltonmichael@gmail.com', 'cmycstudent'),
('03-2022-158', '411952', 'Patricia', 'Bautista', 'Hamilton', '', 'Silay City', '2000-06-28', 'Silay City', 'Female', 'Single', 'Filipino', 'Roman Catholic', '09977506317', 'hamiltonpatricia@gmail.com', 'cmycstudent'),
('03-2022-162', '411952', 'James', 'Tolentino', 'Hall', '', 'Victorias City', '2000-02-01', 'Silay City', 'Male', 'Single', 'Filipino', 'Roman Catholic', '09983459988', 'halljames@gmail.com', 'cmycstudent'),
('03-2022-163', '866919', 'Audrey ', 'Chan', 'Escobar ', '', 'Bacolod City', '1999-05-07', 'Bacolod ', 'Female', 'Single', 'Filipino     ', 'Roman Catholic ', '09366436312', 'audrey_escobar@gmail.com', 'cmycstudent'),
('03-2022-166', '411952', 'Leslie', 'Ocampo', 'Smith', '', 'Victorias City', '2000-08-29', 'Victorias City', 'Female', 'Single', 'Filipino', 'Roman Catholic', '09058370445', 'smithleslie@gmail.com', 'cmycstudent'),
('03-2022-176', '866919', 'rey  ', 'Berkley ', 'guevara ', '', 'bacolod', '1999-03-18', 'bacolod', 'Male', 'Single', 'Filipino', 'catholic', '09876541133', 'rey_g@gmail.com', 'cmycstudent'),
('03-2022-202', '560891', 'Michele', 'Fajardo', 'Preston', '', 'Victorias City', '2000-07-13', 'Bacolod City', 'Female', 'Single', 'Filipino', 'Roman Catholic', '09982588648', 'prestonmichele@gmail.com', 'cmycstudent'),
('03-2022-203', '866919', 'Angeline ', 'Luna', 'Estabillo ', '', 'Bacolod City', '1999-07-14', 'Bacolod ', 'Female', 'Single', 'Filipino     ', 'Roman Catholic ', '0925366121', 'ange.estabillo@gmail.com', 'cmycstudent'),
('03-2022-207', '411952', 'Emily', 'Alvarez', 'Hawkins', '', 'Talisay City', '2000-05-08', 'Bacolod City', 'Female', 'Single', 'Filipino', 'Roman Catholic', '09175376261', 'hawkinsemily@gmail.com', 'cmycstudent'),
('03-2022-208', '411952', 'Jason', 'Salvador', 'Johnson', '', 'Victorias City', '2000-01-20', 'Silay City', 'Male', 'Single', 'Filipino', 'Roman Catholic', '09067465257', 'johnsonjason@gmail.com', 'cmycstudent'),
('03-2022-210', '411952', 'Kyle', 'Salazar', 'Wallace', '', 'Victorias Ctiy', '2000-11-16', 'Victorias City', 'Male', 'Single', 'Filipino', 'Roman Catholic', '09749697790', 'wallacekyle@gmail.com', 'cmycstudent'),
('03-2022-215', '866919', 'daniel ', 'Zora ', 'Usop ', '', 'Bacolod', '1999-10-07', 'Bacolod', 'Male', 'Single', 'Filipino', 'Roman Catholic', '09876511228', 'd.usop@gmail.com', 'cmycstudent'),
('03-2022-216', '866919', 'ryan', 'bang', 'sulgado ', '', 'bacolod', '1999-06-20', 'bacolod', 'Male', 'Single', 'filipino', 'catholic', '09167261987', 'sulgado.r@gmail.com', 'cmycstudent'),
('03-2022-229', '866919', 'ash', 'gray', 'brown', '', 'bacolod', '1999-12-13', 'bacolod', 'Female', 'Single', 'bacolod', 'muslim', '09876531561', 'ash@gmail.com', 'cmycstudent'),
('03-2022-233', '866919', 'Serena  ', 'Dixie', 'Boon', '', 'Bacolod City ', '1999-04-14', 'Bacolod ', 'Female', 'Single', 'Filipino      ', 'Roman Catholic', '09262671511', 's.boon@gmail.com', 'cmycstudent'),
('03-2022-234', '866919', 'Angel ', 'Alessia', 'Abbas ', '', 'Bacolod City', '1999-08-17', 'Bacolod', 'Female', 'Single', 'Filipino', 'Roman Catholic', '09112763511', 'angel_abbas@gmial.com', 'meow1'),
('03-2022-240', '866919', 'Helve ', 'Hilda ', 'Schuler', '', '  Bacolod City', '2000-04-06', '  Bacolod', 'Female', 'Single', '     Filipino    ', ' Roman Catholic ', '0982524222', 'helve.sc@gmail.com', 'cmycstudent'),
('03-2022-241', '411952', 'Cindy', 'Sanchez', 'Olson', '', 'Silay City', '2000-02-13', 'Silay City', 'Female', 'Single', 'Filipino', 'Roman Catholic', '09954269696', 'olsoncindy@gmail.com', 'cmycstudent'),
('03-2022-245', '411952', 'Victoria', 'Enriquez', 'Adams', '', 'Silay City', '2000-06-11', 'Victorias City', 'Female', 'Single', 'Filipino', 'Roman Catholic', '09974748212', 'adamsvictoria@gmail.com', 'cmycstudent'),
('03-2022-251', '411952', 'Peter', 'del Rosario', 'Barnett', '', 'Victorias City', '2000-06-28', 'Talisay City', 'Male', 'Single', 'Filipino', 'Roman Catholic', '09107887920', 'barnettpeter@gmail.com', 'cmycstudent'),
('03-2022-253', '411952', 'Jasmine', 'Gonzales', 'James', '', 'Talisay City', '2000-10-23', 'Silay City', 'Female', 'Single', 'Filipino', 'Roman Catholic', '09189486088', 'jamesjasmine@gmail.com', 'cmycstudent'),
('03-2022-255', '866919', ' Christian ', 'Maya', 'Leano ', '', 'Bacolod City', '1999-11-29', 'Bacolod', 'Male', 'Single', 'Filipino', 'Roman Catholic ', '09956450708', 'chris_leano@gmail.com', 'cmycstudent'),
('03-2022-260', '411952', 'Rhett', 'Claro', 'Conley', '', 'Silay City', '2000-10-15', 'Silay City', 'Male', 'Single', 'Filipino', 'Roman Catholic', '09950734651', 'conleyrhett@gmail.com', 'cmycstudent'),
('03-2022-262', '411952', 'Tina', 'Manalo', 'Tucker', '', 'Silay City', '2000-07-05', 'Talisay City', 'Female', 'Single', 'Filipino', 'Roman Catholic', '09979238580', 'tuckertina@gmail.com', 'cmycstudent'),
('03-2022-263', '560891', 'Brendan', 'Vergara', 'Rose', '', 'Bacolod City', '2000-02-04', 'Silay City', 'Female', 'Single', 'Filipino', 'Roman Catholic', '09169020569', 'rosebrendan@gmail.com', 'cmycstudent'),
('03-2022-265', '866919', 'Daniel', 'Kimberly ', 'Ava', '', 'Bacolod City ', '1999-03-17', 'Bacolod', 'Male', 'Single', 'Filipino', 'Roman Catholic', '097252626721', 'ava.daniel@gmail.com', 'cmycstudent'),
('03-2022-267', '866919', 'Aya ', ' Iounia', 'Bassi', '', '    Bacolod City ', '1999-04-07', '    Bacolod', 'Female', 'Single', '   Filipino    ', 'Roman Catholic ', '09265272511', 'aya.bassi@gmail.com', 'cmycstudent'),
('03-2022-270', '866919', 'lynnette', 'marie', 'reyes', '', 'bacolod ', '1999-02-04', 'bacolod', 'Female', 'Single', 'filipino', 'muslim', '09123432098', 'Lynmarie@gmail.com', 'cmycstudent'),
('03-2022-274', '560891', 'Christian', 'dela Peña', 'Williams', '', 'Talisay City', '2000-01-20', 'Talisay City', 'Male', 'Single', 'Filipino', 'Roman Catholic', '09147917726', 'williamschristian@gmail.com', 'cmycstudent'),
('03-2022-276', '866919', 'magudato', 'bato', 'esmael', '', 'bacolod', '1999-09-09', 'bacolod', 'Male', 'Single', 'Filipino', 'muslim', '09988121267', 'esmael.m@gmail.com', 'cmycstudent'),
('03-2022-278', '411952', 'Ann', 'Evangelista', 'Fletcher', '', 'Bacolod City', '2000-08-21', 'Victorias City', 'Female', 'Single', 'Filipino', 'Roman Catholic', '09176826107', 'fletcherann@gmail.com', 'cmycstudent'),
('03-2022-280', '866919', 'Skylar ', 'Jin', 'Claro', '', 'Bacolod City', '1999-04-07', 'Bacolod ', 'Female', 'Single', 'Filipino     ', 'Roman Catholic ', '0926238122', 'sky.claro@gmail.com', 'cmycstudent'),
('03-2022-283', '411952', 'Jessica', 'Mariano', 'Smith', '', 'Victorias City', '2000-05-01', 'Silay City', 'Female', 'Single', 'Filipino', 'Roman Catholic', '09139090958', 'smithjessica@gmail.com', 'cmycstudent'),
('03-2022-287', '411952', 'Jeffrey', 'Rodriguez', 'Evans', '', 'Silay City', '2000-10-01', 'Bacolod City', 'Male', 'Single', 'Filipino', 'Roman Catholic', '09982538404', 'evansjeffrey@gmail.com', 'cmycstudent'),
('03-2022-288', '866919', 'Justine ', 'Odelia ', 'Jakeman', '', 'Bacolod City', '1999-06-05', 'Bacolod ', 'Female', 'Single', '     Filipino     ', 'Roman Catholic ', '09362826211', 'j.odelia@gmail.com', 'cmycstudent'),
('03-2022-290', '411952', 'Willie', 'Manuel', 'Nenuz', '', 'Silay City', '2000-12-21', 'Silay City', 'Male', 'Single', 'Filipino', 'Roman Catholic', '09264149339', 'nenuzwillie@gmail.com', 'cmycstudent'),
('03-2022-293', '411952', 'Michael', 'Jimenez', 'Gordon', '', 'Talisay City', '2000-07-15', 'Talisay City', 'Male', 'Single', 'Filipino', 'Roman Catholic', '09971664095', 'gordonmichael@gmail.com', 'cmycstudent'),
('03-2022-297', '560891', 'Richard', 'Guevarra', 'Lambert', '', 'Silay City', '2000-11-25', 'Talisay City', 'Male', 'Single', 'Filipino', 'Roman Catholic', '09960888394', 'lambertrichard@gmail.com', 'cmycstudent'),
('03-2022-298', '866919', 'James ', 'Maeve', 'Wong ', '', 'Bacolod City', '1999-02-17', 'Bacolod', 'Male', 'Single', 'Filipino', 'Roman Catholic', '09877651123', 'james.w@gmail.com', 'cmycstudent'),
('03-2022-301', '866919', 'Jas', 'Mariam', 'Pardillo ', '', 'Bacolod', '1999-06-07', 'Bacolod', 'Male', 'Single', 'Filipino', 'Roman Catholic', '09252761451', 'jas.par@gmail.com', 'cmycstudent'),
('03-2022-303', '866919', 'john', 'anais', 'villacorta', '', 'bacolod', '1999-07-19', 'bacolod', 'Male', 'Single', 'Filipino', 'catholic', '09876543213', 'john_villa@gmail.com', 'cmycstudent'),
('03-2022-312', '866919', 'Justin ', 'Cabaluna ', 'Ophelia', '', 'Bacolod City', '1999-09-28', 'Bacolod', 'Male', 'Single', 'Filipino', 'Roman Catholic ', '09617252436', 'Justin.0@gmail.com', 'cmycstudent'),
('03-2022-314', '560891', 'Elizabeth', 'Valencia', 'Savage', '', 'Silay City', '2000-07-06', 'Talisay City', 'Female', 'Single', 'Filipino', 'Roman Catholic', '09972232120', 'savageelizabeth@gmail.com', 'cmycstudent'),
('03-2022-321', '411952', 'Nancy', 'Martinez', 'Harvey', '', 'Talisay City', '2000-06-18', 'Silay City', 'Female', 'Single', 'Filipino', 'Roman Catholic', '09156893983', 'harveynancy@gmail.com', 'cmycstudent'),
('03-2022-329', '866919', 'Jayson ', 'Camposano ', 'Xiomara', '', 'Bacolod', '1999-09-19', 'Bacolod', 'Male', 'Single', 'Filipino', 'Roman Catholic', '09716426111', 'jayson_xio@gmail.com', 'cmycstudent'),
('03-2022-332', '411952', 'Maci', 'Feng', 'Morrow', '', 'Talisay City', '2000-05-13', 'Silay City', 'Female', 'Single', 'Filipino', 'Roman Catholic', '09968607653', 'morrowmaci@gmail.com', 'cmycstudent'),
('03-2022-339', '866919', 'crasiana', 'roming', 'amerol', '', 'bacolod', '1999-02-17', 'bacolod', 'Female', 'Single', 'Filipino', 'catholic', '09116654272', 'crasiana@gmail.com', 'cmycstudent'),
('03-2022-341', '866919', 'hwasa', 'hu', 'balaba', '', 'bacolod', '1999-01-31', 'bacolod', 'Female', 'Single', 'filipino', 'catholic', '09787722345', 'hwasa.b@gmail.com', 'cmycstudent'),
('03-2022-343', '411952', 'Matthew', 'Soriano', 'Lewis', '', 'Bacolod City', '2000-05-11', 'Silay City', 'Male', 'Single', 'Filipino', 'Roman Catholic', '09172791946', 'lewismatthew@gmail.com', 'cmycstudent'),
('03-2022-346', '411952', 'Daisy', 'Rosales', 'Campos', '', 'Talisay City', '2000-05-09', 'Silay City', 'Female', 'Single', 'Filipino', 'Roman Catholic', '09709805227', 'camposdaisy@gmail.com', 'cmycstudent'),
('03-2022-352', '411952', 'Kamari', 'Reyes', 'Gay', '', 'Silay City', '2000-09-05', 'Bacolod City', 'Female', 'Single', 'Filipino', 'Roman Catholic', '09176120147', 'gaykamari@gmail.com', 'cmycstudent'),
('03-2022-359', '411952', 'James', 'Domingo', 'Alvarado', '', 'Silay City', '2000-08-07', 'Bacolod City', 'Male', 'Single', 'Filipino', 'Roman Catholic', '09796864431', 'alvaradojames@gmail.com', 'cmycstudent'),
('03-2022-366', '866919', 'Vicky', 'Bello', 'Abello', '', 'bacolod', '1999-06-27', 'bacolod', 'Female', 'Single', 'Filipino', 'catholic', '09667212128', 'V.bello@gmail.com', 'cmycstudent'),
('03-2022-371', '411952', 'Raven', 'Cortez', 'Grant', '', 'Silay City', '2000-11-26', 'Talisay City', 'Male', 'Single', 'Filipino', 'Roman Catholic', '09975753434', 'grantraven@gmail.com', 'cmycstudent'),
('03-2022-373', '866919', 'Rorie ', 'Danaz', 'Botterill', '', '   Bacolod City ', '1999-05-07', 'Bacolod ', 'Female', 'Single', '     Filipino   ', 'Roman Catholic ', '097252615170', 'rorie.b@gmail.com', 'meow123'),
('03-2022-375', '411952', 'Jonathan', 'Diaz', 'Peters', '', 'Silay City', '2000-08-31', 'Talisay City', 'Male', 'Single', 'Filipino', 'Roman Catholic', '09465675357', 'petersjonathan@gmail.com', 'cmycstudent'),
('03-2022-379', '411952', 'John', 'Mercado', 'Sanchez', '', 'Silay City', '2000-05-22', 'Bacolod City', 'Male', 'Single', 'Filipino', 'Roman Catholic', '09974265638', 'sanchezjohn@gmail.com', 'cmycstudent'),
('03-2022-380', '560891', 'Matthew', 'Vargas', 'Salinas', '', 'Silay City', '2000-04-18', 'Bacolod City', 'Male', 'Single', 'Filipino', 'Roman Catholic', '09912687079', 'salinasmatthew@gmail.com', 'cmycstudent'),
('03-2022-386', '411952', 'Victoria', 'Lopez', 'Cox', '', 'Talisay City', '2000-06-13', 'Bacolod City', 'Female', 'Single', 'Filipino', 'Roman Catholic', '09974145371', 'coxvictoria@gmail.com', 'cmycstudent'),
('03-2022-387', '411952', 'Lizeth', 'Garcia', 'Castaneda', '', 'Talisay City', '2000-10-27', 'Silay City', 'Female', 'Single', 'Filipino', 'Roman Catholic', '09700870212', 'castanedalizeth@gmail.com', 'cmycstudent'),
('03-2022-389', '866919', 'marcus', 'bueno', 'buendia', '', 'bacolod', '1999-07-29', 'bacolod', 'Male', 'Single', 'filipino', 'catholic', '09773392182', 'marcus.b@gmail.com', 'cmycstudent'),
('03-2022-390', '411952', 'Michele', 'Pacual', 'Mcintosh', '', 'Silay City', '2000-07-19', 'Bacolod City', 'Female', 'Single', 'Filipino', 'Roman Catholic', '09667505342', 'mcintoshmichele@gmail.com', 'cmycstudent'),
('03-2022-394', '560891', 'Lauren', 'Romero', 'Rodriguez', '', 'Victorias City', '2000-09-21', 'Bacolod City', 'Male', 'Single', 'Filipino', 'Roman Catholic', '09244866939', 'rodriguezlauren@gmail.com', 'cmycstudent'),
('03-2022-399', '411952', 'Shane', 'David', 'Wilson', '', 'Silay City', '2000-03-19', 'Victorias City', 'Female', 'Single', 'Filipino', 'Roman Catholic', '09064823800', 'wilsonshane@gmail.com', 'cmycstudent'),
('03-2022-409', '411952', 'Belen', 'Freecs', 'Sawyer', '', 'Talisay Ctiy', '2000-12-06', 'Bacolod City', 'Female', 'Single', 'Filipino', 'Roman Catholic', '09449832908', 'sawyerbelen@gmail.com', 'cmycstudent'),
('03-2022-410', '411952', 'Elijah', 'Fernandez', 'Fisher', '', 'Talisay City', '2000-07-28', 'Silay City', 'Male', 'Single', 'Filipino', 'Roman Catholic', '09066687803', 'fisherelijah@gmail.com', 'cmycstudent'),
('03-2022-411', '866919', ' Albin ', 'Brook ', 'Ewart', '', 'Bacolod City ', '1999-07-07', 'Bacolod ', 'Male', 'Single', '  Filipino      ', 'Roman Catholic', '09261252725', 'albin,ewart@gmail.com', 'cmycstudent'),
('03-2022-414', '866919', 'Janelle ', 'Zoey', 'Posadas ', '', 'Bacolod City', '1999-08-12', 'Bacolod', 'Female', 'Single', 'Filipino     ', 'Roman Catholic ', '0965251162', 'j.posadas@gmail.com', 'cmycstudent'),
('03-2022-416', '411952', 'Eric', 'Santiago', 'Bennett', '', 'Victorias City', '2000-12-24', 'Bacolod City', 'Male', 'Single', 'Filipino', 'Roman Catholic', '09171587389', 'bennetteric@gmail.com', 'cmycstudent'),
('03-2022-419', '866919', 'peter', 'tee', 'Sanchez', '', 'Bacolod City', '1999-01-01', 'Bacolod', 'Male', 'Single', 'Filipino', 'Muslim', '09876543210', 'sanchezPT@gmail.com', 'cmycstudent'),
('03-2022-420', '411952', 'Samuel', 'Flores', 'Patterson', '', 'Silay City', '2000-09-25', 'Bacolod City', 'Male', 'Single', 'Filipino', 'Roman Catholic', '09138818743', 'pattersonsamuel@gmail.com', 'cmycstudent'),
('03-2022-421', '866919', 'Joy ', 'Gemma', 'Llanes ', '', 'Bacolod City', '1999-12-16', 'Bacolod ', 'Female', 'Single', 'Filipino     ', 'Roman Catholic ', '0986526262', 'joyllanes@gmail.com', 'cmycstudent'),
('03-2022-423', '866919', 'Mariel ', 'Malia', 'Sarabia ', '', 'Bacolod City', '1999-06-17', 'Bacolod', 'Female', 'Single', 'Filipino', 'Roman Catholic', '09615373515', 'mariel.s@gmail.com', 'cmycstudent'),
('03-2022-441', '411952', 'Melissa', 'de Guzman', 'Thomas', '', 'Bacolod City', '2000-03-25', 'Silay City', 'Female', 'Single', 'Filipino', 'Roman Catholic', '09071464803', 'thomasmelissa@gmail.com', 'cmycstudent'),
('03-2022-442', '866919', 'Sunday ', ' Reese ', 'Sanderson', '', '  Bacolod City ', '1999-02-25', 'Bacolod ', 'Female', 'Single', '     Filipino ', 'Roman Catholic ', '09435676542', 'sunday.s@gmail.com', 'cmycstudent'),
('03-2022-443', '411952', 'Kevin', 'Gutierrez', 'Lee', '', 'Silay City', '2000-05-13', 'Silay City', 'Male', 'Single', 'Filipino', 'Roman Catholic', '09138563897', 'leekevin@gmail.com', 'cmycstudent'),
('03-2022-444', '560891', 'Jesus', 'Peralta', 'Conner', '', 'Talisay City', '2000-10-19', 'Bacolod City', 'Male', 'Single', 'Filipino', 'Roman Catholic', '09962874179', 'connerjesus@gmail.com', 'cmycstudent'),
('03-2022-445', '411952', 'Hunter', 'Delos Santos', 'White', '', 'Talisay City', '2000-08-31', 'Bacolod City', 'Male', 'Single', 'Filipino', 'Roman Catholic', '09967411358', 'whitehunter@gmail.com', 'cmycstudent'),
('03-2022-446', '866919', 'Devon ', 'Kay', 'Kiley ', '', '  Bacolod City', '1999-01-17', 'Bacolod ', 'Male', 'Single', '     Filipino    ', ' Roman Catholic ', '09262528212', 'd.kiley@gmail.com', 'cmycstudent'),
('03-2022-451', '560891', 'William', 'Ignacio', 'Nunez', '', 'Victorias City', '2000-03-23', 'Talisay City', 'Male', 'Single', 'Filipino', 'Roman Catholic', '09961664658', 'nunezwilliam@gmail.com', 'cmycstudent'),
('03-2022-457', '411952', 'Keith', 'Alcantara', 'Nunez', '', 'Bacolod City', '2000-08-11', 'Bacolod City', 'Male', 'Single', 'Filipino', 'Roman Catholic', '09096604775', 'nunezkeith@gmail.com', 'cmycstudent'),
('03-2022-459', '866919', 'Erica ', 'Chloe', 'de Dios ', '', 'Bacolod City', '1999-06-14', 'Bacolod ', 'Female', 'Single', 'Filipino     ', 'Roman Catholic ', '09337252821', 'erica.ds@gmail.com', 'cmycstudent'),
('03-2022-465', '866919', 'Christine ', 'Sophia', 'Alano ', '', 'Bacolod City', '1999-12-26', 'Bacolod ', 'Female', 'Single', 'Filipino     ', 'Roman Catholic ', '0966361711', 'christine.alano@gmail.com', 'cmycstudent'),
('03-2022-469', '411952', 'Daniel', 'Dizon', 'Thomas', '', 'Victorias City', '2000-06-21', 'Talisay City', 'Male', 'Single', 'Filipino', 'Roman Catholic', '09458416999', 'thomasdaniel@gmail.com', 'cmycstudent'),
('03-2022-470', '411952', 'Derek', 'Morales', 'Campbell', '', 'Silay City', '2000-09-15', 'Bacolod City', 'Male', 'Single', 'Filipino', 'Roman Catholic', '09956197201', 'campbellderek@gmail.com', 'cmycstudent'),
('03-2022-472', '560891', 'Ashley', 'de Jesus', 'Cantrell', '', 'Bacolod City', '2000-10-07', 'Talisay City', 'Female', 'Single', 'Filipino', 'Roman Catholic', '09968085728', 'cantrellashley@gmail.com', 'cmycstudent'),
('03-2022-473', '866919', 'Nicole ', 'Freya', 'Catubig ', '', 'Bacolod City', '1999-12-17', 'Bacolod ', 'Female', 'Single', 'Filipino ', 'Roman Catholic ', '09715166516', 'nicole.catubig@gmial.com', 'cmycstudent'),
('03-2022-481', '411952', 'James', 'Rivera', 'Wheeler', '', 'Silay City', '2000-03-24', 'Bacolod City', 'Male', 'Single', 'Filipino', 'Roman Catholic', '09964802899', 'wheelerjames@gmail.com', 'cmycstudent'),
('03-2022-487', '866919', 'Carlo ', 'Isla', 'Simbulan ', '', 'Bacolod City', '1999-04-19', 'Bacolod', 'Male', 'Single', 'Filipino', 'Roman Catholic', '09888565425', 'carlo@gmail.com', 'cmycstudent'),
('03-2022-488', '866919', 'Jessa ', 'Camila', 'Doria  ', '', 'Bacolod City', '1999-07-25', 'Bacolod ', 'Female', 'Single', 'Filipino     ', 'Roman Catholic ', '09715625161', 'jessa_doria@gmail.com', 'cmycstudent'),
('03-2022-495', '866919', 'Everly ', 'Gianna', 'Taruc ', '', 'Bacolod City', '1999-08-17', 'Bacolod City', 'Female', 'Single', 'Filipino', 'Roman Catholic', '09871123616', 'Eve.g@gmail.com', 'cmycstudent'),
('03-2022-498', '866919', 'mike', 'taylor', 'miller', '', 'bacolod', '1999-05-25', 'bacolod', 'Male', 'Single', 'filipino', 'catholic', '09765333413', 'mike.m@gmail.com', 'cmycstudent'),
('03-2022-500', '411952', 'John', 'Santos', 'Ferguson', '', 'Talisay City', '2000-06-24', 'Silay City', 'Male', 'Single', 'Filipino', 'Roman Catholic', '09050730429', 'fergusonjohn@gmail.com', 'cmycstudent'),
('04-2022-106', '560891', 'Dominic', 'Atienza', 'Brown', '', 'Silay City', '2000-08-22', 'Victorias City', 'Male', 'Single', 'Filipino', 'Roman Catholic', '09981472627', 'browndominic@gmail.com', 'cmycstudent'),
('04-2022-167', '560891', 'Angela', 'Tamayo', 'Morgan', '', 'Bacolod City', '2000-01-09', 'Silay City', 'Female', 'Single', 'Filipino', 'Roman Catholic', '09964230883', 'morganangela@gmail.com', 'cmycstudent'),
('04-2022-169', '560891', 'Meghan', 'Palma', 'Odonnell', '', 'Victorias City', '2000-01-29', 'Talisay City', 'Female', 'Single', 'Filipino', 'Roman Catholic', '09981585322', 'odonnellmeghan@gmail.com', 'cmycstudent'),
('04-2022-226', '560891', 'Beth', 'Chavez', 'Pearson', '', 'Bacolod City', '2000-06-16', 'Talisay City', 'Female', 'Single', 'Filipino', 'Roman Catholic', '09965175896', 'pearsonbeth@gmail.com', 'cmycstudent'),
('04-2022-262', '560891', 'Kevin', 'Sison', 'Cross', '', 'Bacolod City', '2000-11-08', 'Talisay City', 'Male', 'Single', 'Filipino', 'Roman Catholic', '09433618329', 'crosskevin@gmail.com', 'cmycstudent'),
('04-2022-277', '560891', 'Kristie', 'Medina', 'Burnett', '', 'Silay City', '2000-05-01', 'Talisay City', 'Female', 'Single', 'Filipino', 'Roman Catholic', '09954406658', 'burnettkristie@gmail.com', 'cmycstudent'),
('04-2022-286', '560891', 'Bradley', 'Estrada', 'Hall', '', 'Talisay City', '2000-11-06', 'Bacolod City', 'Male', 'Single', 'Filipino', 'Roman Catholic', '09172220558', 'hallbradley@gmail.com', 'cmycstudent'),
('04-2022-314', '560891', 'Brittany', 'Ortiz', 'Holt', '', 'Victorias City', '2000-12-03', 'Bacolod City', 'Female', 'Single', 'Filipino', 'Roman Catholic', '09448368959', 'holtbrittany@gmail.com', 'cmycstudent'),
('04-2022-320', '560891', 'Julie', 'Arellano', 'Olson', '', 'Talisay City', '2000-10-25', 'Silay City', 'Female', 'Single', 'Filipino', 'Roman Catholic', '09053534384', 'olsonjulie@gmail.com', 'cmycstudent'),
('04-2022-346', '560891', 'Joseph', 'Molina', 'Peters', '', 'Silay City', '2000-04-29', 'Bacolod City', 'Male', 'Single', 'Filipino', 'Roman Catholic', '09701954503', 'petersjoseph@gmail.com', 'cmycstudent'),
('04-2022-352', '560891', 'Paul', 'Samson', 'Wilis', '', 'Baacolod City', '2000-10-12', 'Bacolod City', 'Male', 'Single', 'Filipino', 'Roman Catholic', '09422078247', 'wilispaul@gmail.com', 'cmycstudent'),
('04-2022-366', '560891', 'Christopher', 'Zamora', 'Smith', '', 'Silay City', '2000-04-13', 'Talisay City', 'Male', 'Single', 'Filipino', 'Roman Catholic', '09977391139', 'smithchristopher@gmail.com', 'cmycstudent'),
('04-2022-372', '560891', 'Scott', 'Briones', 'Sharp', '', 'Talisay City', '2000-11-10', 'Talisay City', 'Male', 'Single', 'Filipino', 'Roman Catholic', '09969397001', 'sharpscott@gmail.com', 'cmycstudent'),
('04-2022-373', '560891', 'Patrick', 'Abad', 'Goodwin', '', 'Victorias City', '2000-12-19', 'Talisay City', 'Male', 'Single', 'Filipino', 'Roman Catholic', '09956093075', 'goodwinpatrick@gmail.com', 'cmycstudent'),
('04-2022-376', '560891', 'Gabriel', 'Serrano', 'Brown', '', 'Victorias City', '2000-07-07', 'Bacolod City', 'Male', 'Single', 'Filipino', 'Roman Catholic', '09562726620', 'browngrabriel@gmail.com', 'cmycstudent'),
('04-2022-409', '560891', 'Yesenia', 'Trinidad', 'Lamb', '', 'Talisay City', '2000-01-28', 'Talisay City', 'Female', 'Single', 'Filipino', 'Roman Catholic', '09963088734', 'lambyesenia@gmail.com', 'cmycstudent'),
('04-2022-420', '560891', 'Daniel', 'Villegas', 'Figueroa', '', 'Bacolod City', '2000-10-09', 'Bacolod City', 'Male', 'Single', 'Filipino', 'Roman Catholic', '09538307707', 'figueroadaniel@gmail.com', 'cmycstudent'),
('04-2022-451', '560891', 'Brittany', 'Asuncion', 'Walker', '', 'Silay City', '2000-05-01', 'Talisay City', 'Female', 'Single', 'Filipino', 'Roman Catholic', '09154518395', 'walkerbrittany@gmail.com', 'cmycstudent'),
('04-2022-452', '560891', 'Maria', 'Ortega', 'Ingram', '', 'Talisay City', '2000-09-28', 'Bacolod City', 'Female', 'Single', 'Filipino', 'Roman Catholic', '09978983204', 'ingrammaria@gmail.com', 'cmycstudent'),
('04-2022-466', '560891', 'Robin', 'Acosta', 'Snyder', '', 'Silay City', '2000-10-16', 'Silay City', 'Male', 'Single', 'Filipino', 'Roman Catholic', '09061009867', 'snyderrobin@gmail.com', 'cmycstudent'),
('06-2021-129', '331466', 'Dweny', 'Larse', 'Mondia', '', 'Murcia Negros Occidental', '2021-12-06', 'Bacolod City', 'Male', 'Single', 'Filipino', 'Roman Catholic', '09233261621', 'dwen@gmail.com', 'cmycstudent'),
('06-2021-144', '331466', 'Jan Paul', 'vepepe', 'Castro', '', 'SIngcang Airport', '2021-12-06', 'Bacolod City', 'Male', 'Single', 'Filipino', 'Roman Catholic', '09233261809', 'Castro@gmail.com', 'cmycstudent'),
('06-2021-150', '331466', 'Patrick', 'Starfish', 'Guintivano', '', 'Bago City', '2021-12-06', 'Bago City', 'Male', 'Single', 'Filipinoo', 'Roman Catholic', '09233261822', 'Patrick@gmail.com', 'cmycstudent'),
('06-2021-153', '331466', 'Joseph', 'Monta', 'Tamon', '', 'Hinigaran', '2021-12-06', 'Hinigaran City', 'Male', 'Single', 'Chinese', 'Roman Catholic', '09233261824', 'tamon@gmail.com', 'cmycstudent'),
('06-2021-154', '331466', 'Jomarie', 'tito', 'Derequito', '', 'Brgy Mandalagan', '2021-12-06', 'Bacolod City', 'Male', 'Single', 'Filipino', 'INC', '09233261765', 'jomarie@gmail.com', 'cmycstudent'),
('06-2021-222', '331466', 'Krentz', 'kalon', 'Villariaz', '', 'silay City', '2021-12-06', 'SiIay CIty', 'Male', 'Single', 'filipino', 'INC', '09233261906', 'rents@gmail.com', 'cmycstudent'),
('06-2021-266', '331466', 'Reynan Earl', 'Idol', 'Caile', '', 'Silay CIty', '2021-12-06', 'SIlay CIty', 'Male', 'Single', 'FIlipino', 'INC', '09233261870', 'rey@gmail.com', 'cmycstudent'),
('06-2021-291', '331466', 'Allen', 'Iverson', 'Consigna', '', 'Camella Homes Mandalagan, Bacolod City', '2021-12-06', 'Sipalay', 'Male', 'Single', 'Filipino', 'Roman Catholic', '09283716212', 'allen@yahoo.com', 'cmycstudent'),
('06-2021-313', '331466', 'Jules', 'Leomel', 'Salvador', '', 'Regent Pearl Wood side', '2021-12-06', 'Bacolod CIty', 'Male', 'Single', 'Filipino', 'Roman Catholic', '09233261999', 'jules@gmail.com', 'cmycstudent'),
('06-2021-339', '331466', 'Ken Lowil', 'Julleza', 'Geñorga', '', 'Hinigaran dot com', '2021-12-06', 'Hinigaran', 'Male', 'Single', 'Japanese', 'INC', '09233261800', 'ken@gmail.com', 'cmycstudent'),
('06-2021-341', '331466', 'Methusela', 'Jerica', 'Somcio', '', 'Brgy Granada Ga Lupok', '2021-12-06', 'Bacolod City', 'Male', 'Single', 'Filipino', 'Roman Catholic', '09233261091', 'methus@gmail.com', 'cmycstudent'),
('06-2021-364', '331466', 'Jayferson', 'Indiano', 'Perater', '', 'Banago port', '2021-12-06', 'Bacolod', 'Male', 'Single', 'Filipino', 'INC', '09233261811', 'perater@gmail.com', 'cmycstudent'),
('06-2021-390', '331466', 'Arcier', 'Repoyla', 'Sambilad', '', 'Villamonte ', '2021-12-06', 'Bacolod City', 'Male', 'Single', 'Filipino', 'INC', '09233261821', 'arcier@gmail.com', 'cmycstudent'),
('06-2021-447', '331466', 'Harvey', 'Fugako', 'Anacleto', '', 'SIlay City', '2021-12-06', 'Silay', 'Male', 'Single', 'Filipino', 'INC', '09233261982', 'harvey@gmail.com', 'meow123'),
('09-2022-174', '331466', 'Jean', 'Update', 'Donna', '', 'Bacolod', '2022-01-31', 'Bacolod', 'Female', 'Married', 'Filipino', 'Catholic', '09123456789', 'samsonbandfihit11@gmail.com', 'cmycstudent'),
('10-2022-160', '331466', 'Eid', 'Klaled', 'Ehav', '', 'Granada', '2022-01-05', 'Granada', 'Male', 'Single', 'Filipino', 'Catholic', '9123456789', 'ed@gmail.com', 'cmycstudent'),
('10-2022-191', '565167', 'Jean', 'Ujfdsojg', 'Donna', '', 'Bacolod', '2022-02-07', 'Bacolod', 'Female', 'Single', 'Filipino', 'Catholic', '09123456789', 'donna@gmail.com', 'cmycstudent'),
('10-2022-193', '331466', 'Werner', 'Grape', 'Grapa', '', 'Murcia', '2021-12-29', 'Murcia', 'Male', 'Single', 'Filipino', 'Catholic', '9123456789', 'werner@gmail.com', 'cmycstudent'),
('10-2022-201', '331466', 'Edrian', 'Toto', 'Escototo', '', 'Bago', '2021-12-29', 'Bago', 'Male', 'Single', 'Filipino', 'Catholic', '9123456789', 'toto@gmail.com', 'cmycstudent'),
('10-2022-217', '331466', 'Marygrace', 'Grace', 'Pineda', '', 'Silay', '2021-12-28', 'Silay', 'Female', 'Single', 'Filipino', 'Catholic', '9123456789', 'grace@gmail.com', 'cmycstudent'),
('10-2022-232', '331466', 'Hanna', 'Ruth', 'Javier', '', 'Silay', '2022-01-03', 'Silay', 'Male', 'Married', 'Filipino', 'Catholic', '9123456789', 'hanna@gmail.com', 'cmycstudent'),
('10-2022-237', '331466', 'Eunice', 'Anacleto', 'Chang', '', 'Fortune', '2021-12-30', 'Fortune', 'Female', 'Single', 'Filipino', 'Catholic', '9123456789', 'eunice@gmail.com', 'cmycstudent'),
('10-2022-254', '331466', 'Cristy', 'Chicha', 'Talahuron', '', 'Villamonte', '2022-01-04', 'Villamonte', 'Male', 'Married', 'Filipino', 'Catholic', '9123456789', 'cristy@gmail.com', 'cmycstudent'),
('10-2022-275', '331466', 'Arjiel', 'Jod', 'Peralta', '', 'Cadiz', '2022-01-05', 'Cadiz', 'Male', 'Single', 'Filipino', 'Catholic', '9123456789', 'arjiel@gmail.com', 'cmycstudent'),
('10-2022-276', '331466', 'Ruben', 'Tagalog', 'Jonota', '', 'Sagay', '2021-12-28', 'Sagay', 'Male', 'Single', 'Filipino', 'Catholic', '9123456789', 'ruben@gmail.com', 'cmycstudent'),
('10-2022-297', '331466', 'Christine', 'Secret', 'Gamelon', '', 'Banago', '2021-12-29', 'Banago', 'Female', 'Single', 'Filipino', 'Catholic', '9123456789', 'gamelon@gmail.com', 'cmycstudent'),
('10-2022-309', '331466', 'Arvy', 'Rock', 'Bato', '', 'Kabankalan', '2021-12-28', 'Kabankalan', 'Male', 'Single', 'Filipino', 'Catholic', '09123456789', 'arvy@gmail.com', 'cmycstudent'),
('10-2022-313', '331466', 'Melvin', 'Mel', 'Padilla', '', 'Banago', '2021-12-28', 'Banago', 'Male', 'Single', 'Filipino', 'Catholic', '9123456789', 'melvin@gmail.com', 'cmycstudent'),
('10-2022-319', '331466', 'Nicole', 'Teh', 'Lopez', '', 'Silay', '2021-12-29', 'Silay', 'Female', 'Single', 'Filipino', 'Catholic', '9123456789', 'nicolelopez@gmail.com', 'cmycstudent'),
('10-2022-331', '866919', 'Magbanua', 'Gomez', 'Ryan', '', 'Bacolod', '2022-02-07', 'Bacolod', 'Male', 'Single', 'Filipino', 'Catholic', '09123456789', 'ryan@gmail.com', 'cmycstudent'),
('10-2022-377', '331466', 'Levi', 'Orange', 'Barellano', '', 'San Carlos', '2022-01-03', 'San Carlos', 'Male', 'Single', 'Filipino', 'Catholic', '09123456789', 'levi@gmail.com', 'cmycstudent'),
('10-2022-431', '331466', 'Abby', 'Barellano', 'Javelona', '', 'San Carlos', '2022-01-05', 'San Carlos', 'Female', 'Single', 'Filipino', 'Catholic', '9123456789', 'abby@gmail.com', 'cmycstudent'),
('10-2022-447', '331466', 'Jose', 'Francisco', 'Dolorfino', '', 'Fortune', '2022-01-05', 'Fortune', 'Male', 'Married', 'Filipino', 'Catholic', '9123456789', 'jose@gmail.com', 'cmycstudent'),
('10-2022-457', '331466', 'Dave', 'Goliath', 'Alucitain', '', 'Silay', '2021-12-30', 'Silay', 'Male', 'Single', 'Filipino', 'Catholic', '9123456789', 'dave@gmail.com', 'cmycstudent'),
('10-2022-487', '331466', 'Antonio', 'Yea', 'Aguihon', '', 'Silay', '2021-12-28', 'Silay', 'Male', 'Single', 'Filipino', 'Catholic', '9123456789', 'antonio@gmail.com', 'antonio'),
('10-2022-498', '331466', 'Jeron', 'Yow', 'Flores', '', 'kabankalan', '2021-12-29', 'kabankalan', 'Male', 'Single', 'Filipino', 'Catholic', '9123456789', 'jeron@gmail.com', 'cmycstudent'),
('11-2022-127', '331466', 'Chris', 'Cap', 'Evans', '', 'Bacolod', '2022-02-09', 'Bacolod', 'Male', 'Married', 'Filipino', 'Catholic', '09123456789', 'evans@gmail.com', 'cmycstudent'),
('11-2022-319', '331466', 'Mark', 'Hulk', 'Rufallo', '', 'Bacolod', '2022-02-08', 'Bacolod', 'Male', 'Single', 'Filipino', 'Catholic', '09123456789', 'markrufallo@gmail.com', 'cmycstudent'),
('16-2022-392', '342140', 'Donna', 'Jean', 'Gomez', '', 'Bacolod', '2022-02-10', 'Bacolod', 'Female', 'Married', 'Filipino', 'Catholic', '09123456789', 'donna@gmail.com', 'cmycstudent'),
('21-2022-195', '866919', 'Donna', 'Newstudent', 'Jean', '', 'Bacolod', '2022-02-15', 'Bacolod', 'Female', 'Single', 'Filipino', 'Catholic', '09123456789', 'sandboxit3b@gmail.com', 'cmycstudent'),
('22-2022-113', '331466', 'Samson', 'Banihit', 'Gomez', '', 'Bacolod', '2022-02-08', 'Bacolod', 'Male', 'Single', 'Filipino', 'Catholic', '09123456789', 'banihit.305430@wnu.sti.edu.ph', 'cmycstudent'),
('22-2022-319', '532575', 'Tony', 'Snith', 'Hawk', '', 'Bacolod', '2022-02-08', 'Bacolod', 'Male', 'Single', 'Filipino', 'Catholic', '09123456789', 'tony@gmail.com', 'cmycstudent'),
('22-2022-495', '331466', 'Tony', 'Fa', 'Hawk', '', 'Bacolod', '2022-01-09', 'Bacolod', 'Male', 'Single', 'Filipino', 'Catholic', '09123456789', 'hawk@gmail.com', 'cmycstudent'),
('23-2022-485', '331466', 'Man', 'Transferee', 'Iron', '', 'Bacolod', '2022-01-11', 'Bacolod', 'Female', 'Married', 'Filipino', 'Catholic', '09123456789', 'nelsonbanihit@gmail.com', 'meow123'),
('24-2022-155', '541932', 'Nicole', 'Dedoyco', 'Gabinete', '', 'Bacolod', '2022-02-07', 'Bacolod', 'Female', 'Single', 'Filipino', 'Catholic', '09123456789', 'thea@gmail.com', 'cmycstudent'),
('24-2022-162', '331466', 'Thea Marie', 'Columida', 'Dedoyco', '', 'Bacolod', '2022-02-09', 'Bacolod', 'Female', 'Married', 'Filipino', 'Catholic', '09123456789', 'mari@gmail.com', 'cmycstudent'),
('27-2022-403', '866919', 'Vhong', 'Bibo', 'Navarro', '', 'Bacolod', '2022-01-10', 'Bacolod', 'Male', 'Single', 'Filipino', 'Catholic', '09123456789', 'vhong@gmail.com', 'cmycstudent'),
('27-2022-424', '645328', 'Man', 'Spidey', 'Spider', '', 'Bacolod', '2022-01-04', 'Bacolod', 'Male', 'Single', 'Filipino', 'Catholic', '09123456789', 'spiderman@gmail.com', 'cmycstudent'),
('29-2021-440', '331466', 'Rojj', 'Magsico', 'Dedoyco', '', 'Meadows of camelot Brgy. Estefania Bacolod City Negross Occidental', '1998-10-22', 'Ilo-ilo', 'Male', 'Single', 'Filipino', 'Roman Catholic', '09295962711', 'rojjdedoyco9@gmail.com', 'dedoyco'),
('30-2021-260', '331466', 'Reynan', 'Jojo', 'Cainoy', '', 'Pulupandan Records', '2021-11-10', 'Pulupandan', 'Male', 'Single', 'Filipino', 'Iglesia ni Chris Tiu', '09123456789', 'cainoy@gmail.com', 'cmycstudent'),
('30-2021-308', '331466', 'Samson', 'Sardido', 'Banihit', '', 'Villamonte', '1998-12-11', 'Bacolod', 'Male', 'Single', 'Filipino', 'Romantic Cathoooc', '09276106685', 'sambanihit@gmail.com', 'sammy'),
('30-2021-311', '331466', 'Nicole', 'Rivera', 'Guniabo', 'updated', 'Silay City updated', '2021-11-09', 'Silay City', 'Female', 'Single', 'Filipino', 'Roman Catholic', '09123456789', 'nicole@gmail.com', 'elocin08'),
('30-2021-383', '331466', 'Paul', 'Boi', 'Cosino', '', 'Banago Elementary School', '2021-11-23', 'Banago', 'Male', 'Single', 'Filipino', 'Catholic', '09123456789', 'cosino@gmail.com', 'cmycstudent'),
('30-2021-405', '331466', 'Thea Marie', 'Columida', 'Gabinete', '', 'Murcia', '2021-11-10', 'Murcia', 'Female', 'Single', 'Filipino', 'Catholic', '09123456789', 'thea@gmail.com', 'gabinete'),
('30-2021-499', '331466', 'Alfredo', 'Jabs', 'Bloron', 'Jr.', 'Mansilingan', '2021-11-10', 'planet namek', 'Male', 'Single', 'Filipino', 'Roman Catholic', '09123456789', 'bloron@gmail.com', 'cmycstudent');

-- --------------------------------------------------------

--
-- Table structure for table `student_subject_load`
--

CREATE TABLE `student_subject_load` (
  `student_subject_load_id` int(50) NOT NULL,
  `student_subject_section` varchar(5) NOT NULL,
  `student_subject_section_course` varchar(10) NOT NULL,
  `student_subject_section_year` varchar(50) NOT NULL,
  `enrollment_id` varchar(10) NOT NULL,
  `student_id` varchar(15) NOT NULL,
  `academic_id` varchar(10) NOT NULL,
  `curriculum_id` varchar(10) NOT NULL,
  `program_id` varchar(10) NOT NULL,
  `department_id` varchar(10) NOT NULL,
  `subject_id` varchar(10) NOT NULL
) ENGINE=InnoDB DEFAULT CHARSET=utf8;

--
-- Dumping data for table `student_subject_load`
--

INSERT INTO `student_subject_load` (`student_subject_load_id`, `student_subject_section`, `student_subject_section_course`, `student_subject_section_year`, `enrollment_id`, `student_id`, `academic_id`, `curriculum_id`, `program_id`, `department_id`, `subject_id`) VALUES
(419, 'B', '548953', '1', '226582', '30-2021-308', '339936', '331466', '548953', '235533', '485882'),
(420, 'B', '548953', '1', '226582', '30-2021-308', '339936', '331466', '548953', '235533', '600550'),
(421, 'B', '548953', '1', '226582', '30-2021-308', '339936', '331466', '548953', '235533', '610492'),
(422, 'B', '548953', '1', '226582', '30-2021-308', '339936', '331466', '548953', '235533', '700885'),
(423, 'B', '548953', '1', '226582', '30-2021-308', '339936', '331466', '548953', '235533', '834165'),
(424, 'B', '548953', '1', '226582', '30-2021-308', '339936', '331466', '548953', '235533', '855295'),
(425, 'B', '548953', '1', '226582', '30-2021-308', '339936', '331466', '548953', '235533', '933924'),
(426, 'B', '548953', '1', '226582', '30-2021-308', '339936', '331466', '548953', '235533', '948667'),
(428, 'B', '548953', '1', '451501', '29-2021-440', '339936', '331466', '548953', '235533', '485882'),
(429, 'B', '548953', '1', '451501', '29-2021-440', '339936', '331466', '548953', '235533', '600550'),
(430, 'B', '548953', '1', '451501', '29-2021-440', '339936', '331466', '548953', '235533', '610492'),
(431, 'B', '548953', '1', '451501', '29-2021-440', '339936', '331466', '548953', '235533', '700885'),
(432, 'B', '548953', '1', '451501', '29-2021-440', '339936', '331466', '548953', '235533', '834165'),
(433, 'B', '548953', '1', '451501', '29-2021-440', '339936', '331466', '548953', '235533', '855295'),
(434, 'B', '548953', '1', '451501', '29-2021-440', '339936', '331466', '548953', '235533', '933924'),
(435, 'B', '548953', '1', '451501', '29-2021-440', '339936', '331466', '548953', '235533', '948667'),
(437, 'B', '548953', '1', '613743', '30-2021-499', '339936', '331466', '548953', '235533', '485882'),
(438, 'B', '548953', '1', '613743', '30-2021-499', '339936', '331466', '548953', '235533', '600550'),
(439, 'B', '548953', '1', '613743', '30-2021-499', '339936', '331466', '548953', '235533', '610492'),
(440, 'B', '548953', '1', '613743', '30-2021-499', '339936', '331466', '548953', '235533', '700885'),
(441, 'B', '548953', '1', '613743', '30-2021-499', '339936', '331466', '548953', '235533', '834165'),
(442, 'B', '548953', '1', '613743', '30-2021-499', '339936', '331466', '548953', '235533', '855295'),
(443, 'B', '548953', '1', '613743', '30-2021-499', '339936', '331466', '548953', '235533', '933924'),
(444, 'B', '548953', '1', '613743', '30-2021-499', '339936', '331466', '548953', '235533', '948667'),
(446, 'B', '548953', '1', '413243', '30-2021-260', '339936', '331466', '548953', '235533', '485882'),
(447, 'B', '548953', '1', '413243', '30-2021-260', '339936', '331466', '548953', '235533', '600550'),
(448, 'B', '548953', '1', '413243', '30-2021-260', '339936', '331466', '548953', '235533', '610492'),
(449, 'B', '548953', '1', '413243', '30-2021-260', '339936', '331466', '548953', '235533', '700885'),
(450, 'B', '548953', '1', '413243', '30-2021-260', '339936', '331466', '548953', '235533', '834165'),
(451, 'B', '548953', '1', '413243', '30-2021-260', '339936', '331466', '548953', '235533', '855295'),
(452, 'B', '548953', '1', '413243', '30-2021-260', '339936', '331466', '548953', '235533', '933924'),
(453, 'B', '548953', '1', '413243', '30-2021-260', '339936', '331466', '548953', '235533', '948667'),
(455, 'B', '548953', '1', '709449', '30-2021-383', '339936', '331466', '548953', '235533', '485882'),
(456, 'B', '548953', '1', '709449', '30-2021-383', '339936', '331466', '548953', '235533', '600550'),
(457, 'B', '548953', '1', '709449', '30-2021-383', '339936', '331466', '548953', '235533', '610492'),
(458, 'B', '548953', '1', '709449', '30-2021-383', '339936', '331466', '548953', '235533', '700885'),
(459, 'B', '548953', '1', '709449', '30-2021-383', '339936', '331466', '548953', '235533', '834165'),
(460, 'B', '548953', '1', '709449', '30-2021-383', '339936', '331466', '548953', '235533', '855295'),
(461, 'B', '548953', '1', '709449', '30-2021-383', '339936', '331466', '548953', '235533', '933924'),
(462, 'B', '548953', '1', '709449', '30-2021-383', '339936', '331466', '548953', '235533', '948667'),
(464, 'B', '548953', '1', '794027', '30-2021-311', '339936', '331466', '548953', '235533', '485882'),
(465, 'B', '548953', '1', '794027', '30-2021-311', '339936', '331466', '548953', '235533', '600550'),
(466, 'B', '548953', '1', '794027', '30-2021-311', '339936', '331466', '548953', '235533', '610492'),
(467, 'B', '548953', '1', '794027', '30-2021-311', '339936', '331466', '548953', '235533', '700885'),
(468, 'B', '548953', '1', '794027', '30-2021-311', '339936', '331466', '548953', '235533', '834165'),
(469, 'B', '548953', '1', '794027', '30-2021-311', '339936', '331466', '548953', '235533', '855295'),
(470, 'B', '548953', '1', '794027', '30-2021-311', '339936', '331466', '548953', '235533', '933924'),
(471, 'B', '548953', '1', '794027', '30-2021-311', '339936', '331466', '548953', '235533', '948667'),
(473, 'B', '548953', '1', '884437', '30-2021-405', '339936', '331466', '548953', '235533', '485882'),
(474, 'B', '548953', '1', '884437', '30-2021-405', '339936', '331466', '548953', '235533', '600550'),
(475, 'B', '548953', '1', '884437', '30-2021-405', '339936', '331466', '548953', '235533', '610492'),
(476, 'B', '548953', '1', '884437', '30-2021-405', '339936', '331466', '548953', '235533', '700885'),
(477, 'B', '548953', '1', '884437', '30-2021-405', '339936', '331466', '548953', '235533', '834165'),
(478, 'B', '548953', '1', '884437', '30-2021-405', '339936', '331466', '548953', '235533', '855295'),
(479, 'B', '548953', '1', '884437', '30-2021-405', '339936', '331466', '548953', '235533', '933924'),
(480, 'B', '548953', '1', '884437', '30-2021-405', '339936', '331466', '548953', '235533', '948667'),
(481, 'B', '548953', '1', '728975', '06-2021-266', '339936', '331466', '548953', '235533', '282576'),
(482, 'B', '548953', '1', '728975', '06-2021-266', '339936', '331466', '548953', '235533', '485882'),
(483, 'B', '548953', '1', '728975', '06-2021-266', '339936', '331466', '548953', '235533', '600550'),
(484, 'B', '548953', '1', '728975', '06-2021-266', '339936', '331466', '548953', '235533', '610492'),
(485, 'B', '548953', '1', '728975', '06-2021-266', '339936', '331466', '548953', '235533', '700885'),
(486, 'B', '548953', '1', '728975', '06-2021-266', '339936', '331466', '548953', '235533', '834165'),
(487, 'B', '548953', '1', '728975', '06-2021-266', '339936', '331466', '548953', '235533', '855295'),
(488, 'B', '548953', '1', '728975', '06-2021-266', '339936', '331466', '548953', '235533', '933924'),
(489, 'B', '548953', '1', '728975', '06-2021-266', '339936', '331466', '548953', '235533', '948667'),
(498, 'B', '548953', '1', '258786', '06-2021-144', '339936', '331466', '548953', '235533', '282576'),
(499, 'B', '548953', '1', '258786', '06-2021-144', '339936', '331466', '548953', '235533', '485882'),
(500, 'B', '548953', '1', '258786', '06-2021-144', '339936', '331466', '548953', '235533', '600550'),
(501, 'B', '548953', '1', '258786', '06-2021-144', '339936', '331466', '548953', '235533', '610492'),
(502, 'B', '548953', '1', '258786', '06-2021-144', '339936', '331466', '548953', '235533', '700885'),
(503, 'B', '548953', '1', '258786', '06-2021-144', '339936', '331466', '548953', '235533', '834165'),
(504, 'B', '548953', '1', '258786', '06-2021-144', '339936', '331466', '548953', '235533', '855295'),
(505, 'B', '548953', '1', '258786', '06-2021-144', '339936', '331466', '548953', '235533', '933924'),
(506, 'B', '548953', '1', '258786', '06-2021-144', '339936', '331466', '548953', '235533', '948667'),
(507, 'B', '548953', '1', '773494', '06-2021-291', '339936', '331466', '548953', '235533', '282576'),
(508, 'B', '548953', '1', '773494', '06-2021-291', '339936', '331466', '548953', '235533', '485882'),
(509, 'B', '548953', '1', '773494', '06-2021-291', '339936', '331466', '548953', '235533', '600550'),
(510, 'B', '548953', '1', '773494', '06-2021-291', '339936', '331466', '548953', '235533', '610492'),
(511, 'B', '548953', '1', '773494', '06-2021-291', '339936', '331466', '548953', '235533', '700885'),
(512, 'B', '548953', '1', '773494', '06-2021-291', '339936', '331466', '548953', '235533', '834165'),
(513, 'B', '548953', '1', '773494', '06-2021-291', '339936', '331466', '548953', '235533', '855295'),
(514, 'B', '548953', '1', '773494', '06-2021-291', '339936', '331466', '548953', '235533', '933924'),
(515, 'B', '548953', '1', '773494', '06-2021-291', '339936', '331466', '548953', '235533', '948667'),
(516, 'B', '548953', '1', '247146', '06-2021-154', '339936', '331466', '548953', '235533', '282576'),
(517, 'B', '548953', '1', '247146', '06-2021-154', '339936', '331466', '548953', '235533', '485882'),
(518, 'B', '548953', '1', '247146', '06-2021-154', '339936', '331466', '548953', '235533', '600550'),
(519, 'B', '548953', '1', '247146', '06-2021-154', '339936', '331466', '548953', '235533', '610492'),
(520, 'B', '548953', '1', '247146', '06-2021-154', '339936', '331466', '548953', '235533', '700885'),
(521, 'B', '548953', '1', '247146', '06-2021-154', '339936', '331466', '548953', '235533', '834165'),
(522, 'B', '548953', '1', '247146', '06-2021-154', '339936', '331466', '548953', '235533', '855295'),
(523, 'B', '548953', '1', '247146', '06-2021-154', '339936', '331466', '548953', '235533', '933924'),
(524, 'B', '548953', '1', '247146', '06-2021-154', '339936', '331466', '548953', '235533', '948667'),
(525, 'B', '548953', '1', '198283', '06-2021-339', '339936', '331466', '548953', '235533', '282576'),
(526, 'B', '548953', '1', '198283', '06-2021-339', '339936', '331466', '548953', '235533', '485882'),
(527, 'B', '548953', '1', '198283', '06-2021-339', '339936', '331466', '548953', '235533', '600550'),
(528, 'B', '548953', '1', '198283', '06-2021-339', '339936', '331466', '548953', '235533', '610492'),
(529, 'B', '548953', '1', '198283', '06-2021-339', '339936', '331466', '548953', '235533', '700885'),
(530, 'B', '548953', '1', '198283', '06-2021-339', '339936', '331466', '548953', '235533', '834165'),
(531, 'B', '548953', '1', '198283', '06-2021-339', '339936', '331466', '548953', '235533', '855295'),
(532, 'B', '548953', '1', '198283', '06-2021-339', '339936', '331466', '548953', '235533', '933924'),
(533, 'B', '548953', '1', '198283', '06-2021-339', '339936', '331466', '548953', '235533', '948667'),
(534, 'B', '548953', '1', '724012', '06-2021-150', '339936', '331466', '548953', '235533', '282576'),
(535, 'B', '548953', '1', '724012', '06-2021-150', '339936', '331466', '548953', '235533', '485882'),
(536, 'B', '548953', '1', '724012', '06-2021-150', '339936', '331466', '548953', '235533', '600550'),
(537, 'B', '548953', '1', '724012', '06-2021-150', '339936', '331466', '548953', '235533', '610492'),
(538, 'B', '548953', '1', '724012', '06-2021-150', '339936', '331466', '548953', '235533', '700885'),
(539, 'B', '548953', '1', '724012', '06-2021-150', '339936', '331466', '548953', '235533', '834165'),
(540, 'B', '548953', '1', '724012', '06-2021-150', '339936', '331466', '548953', '235533', '855295'),
(541, 'B', '548953', '1', '724012', '06-2021-150', '339936', '331466', '548953', '235533', '933924'),
(542, 'B', '548953', '1', '724012', '06-2021-150', '339936', '331466', '548953', '235533', '948667'),
(543, 'B', '548953', '1', '898053', '06-2021-129', '339936', '331466', '548953', '235533', '282576'),
(544, 'B', '548953', '1', '898053', '06-2021-129', '339936', '331466', '548953', '235533', '485882'),
(545, 'B', '548953', '1', '898053', '06-2021-129', '339936', '331466', '548953', '235533', '600550'),
(546, 'B', '548953', '1', '898053', '06-2021-129', '339936', '331466', '548953', '235533', '610492'),
(547, 'B', '548953', '1', '898053', '06-2021-129', '339936', '331466', '548953', '235533', '700885'),
(548, 'B', '548953', '1', '898053', '06-2021-129', '339936', '331466', '548953', '235533', '834165'),
(549, 'B', '548953', '1', '898053', '06-2021-129', '339936', '331466', '548953', '235533', '855295'),
(550, 'B', '548953', '1', '898053', '06-2021-129', '339936', '331466', '548953', '235533', '933924'),
(551, 'B', '548953', '1', '898053', '06-2021-129', '339936', '331466', '548953', '235533', '948667'),
(552, 'B', '548953', '1', '259054', '06-2021-364', '339936', '331466', '548953', '235533', '282576'),
(553, 'B', '548953', '1', '259054', '06-2021-364', '339936', '331466', '548953', '235533', '485882'),
(554, 'B', '548953', '1', '259054', '06-2021-364', '339936', '331466', '548953', '235533', '600550'),
(555, 'B', '548953', '1', '259054', '06-2021-364', '339936', '331466', '548953', '235533', '610492'),
(556, 'B', '548953', '1', '259054', '06-2021-364', '339936', '331466', '548953', '235533', '700885'),
(557, 'B', '548953', '1', '259054', '06-2021-364', '339936', '331466', '548953', '235533', '834165'),
(558, 'B', '548953', '1', '259054', '06-2021-364', '339936', '331466', '548953', '235533', '855295'),
(559, 'B', '548953', '1', '259054', '06-2021-364', '339936', '331466', '548953', '235533', '933924'),
(560, 'B', '548953', '1', '259054', '06-2021-364', '339936', '331466', '548953', '235533', '948667'),
(561, 'B', '548953', '1', '851777', '06-2021-313', '339936', '331466', '548953', '235533', '282576'),
(562, 'B', '548953', '1', '851777', '06-2021-313', '339936', '331466', '548953', '235533', '485882'),
(563, 'B', '548953', '1', '851777', '06-2021-313', '339936', '331466', '548953', '235533', '600550'),
(564, 'B', '548953', '1', '851777', '06-2021-313', '339936', '331466', '548953', '235533', '610492'),
(565, 'B', '548953', '1', '851777', '06-2021-313', '339936', '331466', '548953', '235533', '700885'),
(566, 'B', '548953', '1', '851777', '06-2021-313', '339936', '331466', '548953', '235533', '834165'),
(567, 'B', '548953', '1', '851777', '06-2021-313', '339936', '331466', '548953', '235533', '855295'),
(568, 'B', '548953', '1', '851777', '06-2021-313', '339936', '331466', '548953', '235533', '933924'),
(569, 'B', '548953', '1', '851777', '06-2021-313', '339936', '331466', '548953', '235533', '948667'),
(570, 'B', '548953', '1', '741779', '06-2021-390', '339936', '331466', '548953', '235533', '282576'),
(571, 'B', '548953', '1', '741779', '06-2021-390', '339936', '331466', '548953', '235533', '485882'),
(572, 'B', '548953', '1', '741779', '06-2021-390', '339936', '331466', '548953', '235533', '600550'),
(573, 'B', '548953', '1', '741779', '06-2021-390', '339936', '331466', '548953', '235533', '610492'),
(574, 'B', '548953', '1', '741779', '06-2021-390', '339936', '331466', '548953', '235533', '700885'),
(575, 'B', '548953', '1', '741779', '06-2021-390', '339936', '331466', '548953', '235533', '834165'),
(576, 'B', '548953', '1', '741779', '06-2021-390', '339936', '331466', '548953', '235533', '855295'),
(577, 'B', '548953', '1', '741779', '06-2021-390', '339936', '331466', '548953', '235533', '933924'),
(578, 'B', '548953', '1', '741779', '06-2021-390', '339936', '331466', '548953', '235533', '948667'),
(579, 'B', '548953', '1', '272045', '06-2021-341', '339936', '331466', '548953', '235533', '282576'),
(580, 'B', '548953', '1', '272045', '06-2021-341', '339936', '331466', '548953', '235533', '485882'),
(581, 'B', '548953', '1', '272045', '06-2021-341', '339936', '331466', '548953', '235533', '600550'),
(582, 'B', '548953', '1', '272045', '06-2021-341', '339936', '331466', '548953', '235533', '610492'),
(583, 'B', '548953', '1', '272045', '06-2021-341', '339936', '331466', '548953', '235533', '700885'),
(584, 'B', '548953', '1', '272045', '06-2021-341', '339936', '331466', '548953', '235533', '834165'),
(585, 'B', '548953', '1', '272045', '06-2021-341', '339936', '331466', '548953', '235533', '855295'),
(586, 'B', '548953', '1', '272045', '06-2021-341', '339936', '331466', '548953', '235533', '933924'),
(587, 'B', '548953', '1', '272045', '06-2021-341', '339936', '331466', '548953', '235533', '948667'),
(588, 'B', '548953', '1', '119481', '06-2021-153', '339936', '331466', '548953', '235533', '282576'),
(589, 'B', '548953', '1', '119481', '06-2021-153', '339936', '331466', '548953', '235533', '485882'),
(590, 'B', '548953', '1', '119481', '06-2021-153', '339936', '331466', '548953', '235533', '600550'),
(591, 'B', '548953', '1', '119481', '06-2021-153', '339936', '331466', '548953', '235533', '610492'),
(592, 'B', '548953', '1', '119481', '06-2021-153', '339936', '331466', '548953', '235533', '700885'),
(593, 'B', '548953', '1', '119481', '06-2021-153', '339936', '331466', '548953', '235533', '834165'),
(594, 'B', '548953', '1', '119481', '06-2021-153', '339936', '331466', '548953', '235533', '855295'),
(595, 'B', '548953', '1', '119481', '06-2021-153', '339936', '331466', '548953', '235533', '933924'),
(596, 'B', '548953', '1', '119481', '06-2021-153', '339936', '331466', '548953', '235533', '948667'),
(597, 'B', '548953', '1', '183461', '06-2021-222', '339936', '331466', '548953', '235533', '282576'),
(598, 'B', '548953', '1', '183461', '06-2021-222', '339936', '331466', '548953', '235533', '485882'),
(599, 'B', '548953', '1', '183461', '06-2021-222', '339936', '331466', '548953', '235533', '600550'),
(600, 'B', '548953', '1', '183461', '06-2021-222', '339936', '331466', '548953', '235533', '610492'),
(601, 'B', '548953', '1', '183461', '06-2021-222', '339936', '331466', '548953', '235533', '700885'),
(602, 'B', '548953', '1', '183461', '06-2021-222', '339936', '331466', '548953', '235533', '834165'),
(603, 'B', '548953', '1', '183461', '06-2021-222', '339936', '331466', '548953', '235533', '855295'),
(604, 'B', '548953', '1', '183461', '06-2021-222', '339936', '331466', '548953', '235533', '933924'),
(605, 'B', '548953', '1', '183461', '06-2021-222', '339936', '331466', '548953', '235533', '948667'),
(607, 'A', '666322', '1', '473071', '03-2022-366', '339936', '866919', '666322', '425818', '143382'),
(608, 'A', '666322', '1', '473071', '03-2022-366', '339936', '866919', '666322', '425818', '267215'),
(609, 'A', '666322', '1', '473071', '03-2022-366', '339936', '866919', '666322', '425818', '298729'),
(610, 'A', '666322', '1', '473071', '03-2022-366', '339936', '866919', '666322', '425818', '485292'),
(611, 'A', '666322', '1', '473071', '03-2022-366', '339936', '866919', '666322', '425818', '547621'),
(613, 'A', '666322', '1', '473071', '03-2022-366', '339936', '866919', '666322', '425818', '677116'),
(614, 'A', '666322', '1', '473071', '03-2022-366', '339936', '866919', '666322', '425818', '948586'),
(615, 'A', '548953', '1', '762518', '10-2022-487', '339936', '331466', '548953', '235533', '282576'),
(616, 'A', '548953', '1', '762518', '10-2022-487', '339936', '331466', '548953', '235533', '485882'),
(617, 'A', '548953', '1', '762518', '10-2022-487', '339936', '331466', '548953', '235533', '600550'),
(618, 'A', '548953', '1', '762518', '10-2022-487', '339936', '331466', '548953', '235533', '610492'),
(619, 'A', '548953', '1', '762518', '10-2022-487', '339936', '331466', '548953', '235533', '700885'),
(620, 'A', '548953', '1', '762518', '10-2022-487', '339936', '331466', '548953', '235533', '834165'),
(621, 'A', '548953', '1', '762518', '10-2022-487', '339936', '331466', '548953', '235533', '855295'),
(622, 'A', '548953', '1', '762518', '10-2022-487', '339936', '331466', '548953', '235533', '933924'),
(623, 'A', '548953', '1', '762518', '10-2022-487', '339936', '331466', '548953', '235533', '948667'),
(624, 'A', '548953', '1', '341613', '10-2022-457', '339936', '331466', '548953', '235533', '282576'),
(625, 'A', '548953', '1', '341613', '10-2022-457', '339936', '331466', '548953', '235533', '485882'),
(626, 'A', '548953', '1', '341613', '10-2022-457', '339936', '331466', '548953', '235533', '600550'),
(627, 'A', '548953', '1', '341613', '10-2022-457', '339936', '331466', '548953', '235533', '610492'),
(628, 'A', '548953', '1', '341613', '10-2022-457', '339936', '331466', '548953', '235533', '700885'),
(629, 'A', '548953', '1', '341613', '10-2022-457', '339936', '331466', '548953', '235533', '834165'),
(630, 'A', '548953', '1', '341613', '10-2022-457', '339936', '331466', '548953', '235533', '855295'),
(631, 'A', '548953', '1', '341613', '10-2022-457', '339936', '331466', '548953', '235533', '933924'),
(632, 'A', '548953', '1', '341613', '10-2022-457', '339936', '331466', '548953', '235533', '948667'),
(633, 'A', '548953', '1', '335242', '06-2021-447', '339936', '331466', '548953', '235533', '282576'),
(634, 'A', '548953', '1', '335242', '06-2021-447', '339936', '331466', '548953', '235533', '485882'),
(635, 'B', '548953', '1', '335242', '06-2021-447', '339936', '331466', '548953', '235533', '600550'),
(636, 'A', '548953', '1', '335242', '06-2021-447', '339936', '331466', '548953', '235533', '610492'),
(637, 'A', '548953', '1', '335242', '06-2021-447', '339936', '331466', '548953', '235533', '700885'),
(638, 'A', '548953', '1', '335242', '06-2021-447', '339936', '331466', '548953', '235533', '834165'),
(639, 'A', '548953', '1', '335242', '06-2021-447', '339936', '331466', '548953', '235533', '855295'),
(640, 'A', '548953', '1', '335242', '06-2021-447', '339936', '331466', '548953', '235533', '933924'),
(641, 'A', '548953', '1', '335242', '06-2021-447', '339936', '331466', '548953', '235533', '948667'),
(642, 'A', '548953', '1', '643540', '10-2022-377', '339936', '331466', '548953', '235533', '282576'),
(643, 'A', '548953', '1', '643540', '10-2022-377', '339936', '331466', '548953', '235533', '485882'),
(644, 'A', '548953', '1', '643540', '10-2022-377', '339936', '331466', '548953', '235533', '600550'),
(645, 'A', '548953', '1', '643540', '10-2022-377', '339936', '331466', '548953', '235533', '610492'),
(646, 'A', '548953', '1', '643540', '10-2022-377', '339936', '331466', '548953', '235533', '700885'),
(647, 'A', '548953', '1', '643540', '10-2022-377', '339936', '331466', '548953', '235533', '834165'),
(648, 'A', '548953', '1', '643540', '10-2022-377', '339936', '331466', '548953', '235533', '855295'),
(649, 'A', '548953', '1', '643540', '10-2022-377', '339936', '331466', '548953', '235533', '933924'),
(650, 'A', '548953', '1', '643540', '10-2022-377', '339936', '331466', '548953', '235533', '948667'),
(651, 'A', '548953', '1', '512130', '10-2022-309', '339936', '331466', '548953', '235533', '282576'),
(652, 'A', '548953', '1', '512130', '10-2022-309', '339936', '331466', '548953', '235533', '485882'),
(653, 'A', '548953', '1', '512130', '10-2022-309', '339936', '331466', '548953', '235533', '600550'),
(654, 'A', '548953', '1', '512130', '10-2022-309', '339936', '331466', '548953', '235533', '610492'),
(655, 'A', '548953', '1', '512130', '10-2022-309', '339936', '331466', '548953', '235533', '700885'),
(656, 'A', '548953', '1', '512130', '10-2022-309', '339936', '331466', '548953', '235533', '834165'),
(657, 'A', '548953', '1', '512130', '10-2022-309', '339936', '331466', '548953', '235533', '855295'),
(658, 'A', '548953', '1', '512130', '10-2022-309', '339936', '331466', '548953', '235533', '933924'),
(659, 'A', '548953', '1', '512130', '10-2022-309', '339936', '331466', '548953', '235533', '948667'),
(660, 'A', '548953', '1', '266449', '10-2022-237', '339936', '331466', '548953', '235533', '282576'),
(661, 'A', '548953', '1', '266449', '10-2022-237', '339936', '331466', '548953', '235533', '485882'),
(662, 'A', '548953', '1', '266449', '10-2022-237', '339936', '331466', '548953', '235533', '600550'),
(663, 'A', '548953', '1', '266449', '10-2022-237', '339936', '331466', '548953', '235533', '610492'),
(664, 'A', '548953', '1', '266449', '10-2022-237', '339936', '331466', '548953', '235533', '700885'),
(665, 'A', '548953', '1', '266449', '10-2022-237', '339936', '331466', '548953', '235533', '834165'),
(666, 'A', '548953', '1', '266449', '10-2022-237', '339936', '331466', '548953', '235533', '855295'),
(667, 'A', '548953', '1', '266449', '10-2022-237', '339936', '331466', '548953', '235533', '933924'),
(668, 'A', '548953', '1', '266449', '10-2022-237', '339936', '331466', '548953', '235533', '948667'),
(669, 'A', '548953', '1', '295380', '10-2022-447', '339936', '331466', '548953', '235533', '282576'),
(670, 'A', '548953', '1', '295380', '10-2022-447', '339936', '331466', '548953', '235533', '485882'),
(671, 'A', '548953', '1', '295380', '10-2022-447', '339936', '331466', '548953', '235533', '600550'),
(672, 'A', '548953', '1', '295380', '10-2022-447', '339936', '331466', '548953', '235533', '610492'),
(673, 'A', '548953', '1', '295380', '10-2022-447', '339936', '331466', '548953', '235533', '700885'),
(674, 'A', '548953', '1', '295380', '10-2022-447', '339936', '331466', '548953', '235533', '834165'),
(675, 'A', '548953', '1', '295380', '10-2022-447', '339936', '331466', '548953', '235533', '855295'),
(676, 'A', '548953', '1', '295380', '10-2022-447', '339936', '331466', '548953', '235533', '933924'),
(677, 'A', '548953', '1', '295380', '10-2022-447', '339936', '331466', '548953', '235533', '948667'),
(678, 'A', '548953', '1', '697053', '10-2022-160', '339936', '331466', '548953', '235533', '282576'),
(679, 'A', '548953', '1', '697053', '10-2022-160', '339936', '331466', '548953', '235533', '485882'),
(680, 'A', '548953', '1', '697053', '10-2022-160', '339936', '331466', '548953', '235533', '600550'),
(681, 'A', '548953', '1', '697053', '10-2022-160', '339936', '331466', '548953', '235533', '610492'),
(682, 'A', '548953', '1', '697053', '10-2022-160', '339936', '331466', '548953', '235533', '700885'),
(683, 'A', '548953', '1', '697053', '10-2022-160', '339936', '331466', '548953', '235533', '834165'),
(684, 'A', '548953', '1', '697053', '10-2022-160', '339936', '331466', '548953', '235533', '855295'),
(685, 'A', '548953', '1', '697053', '10-2022-160', '339936', '331466', '548953', '235533', '933924'),
(686, 'A', '548953', '1', '697053', '10-2022-160', '339936', '331466', '548953', '235533', '948667'),
(687, 'A', '548953', '1', '363508', '10-2022-201', '339936', '331466', '548953', '235533', '282576'),
(688, 'A', '548953', '1', '363508', '10-2022-201', '339936', '331466', '548953', '235533', '485882'),
(689, 'A', '548953', '1', '363508', '10-2022-201', '339936', '331466', '548953', '235533', '600550'),
(690, 'A', '548953', '1', '363508', '10-2022-201', '339936', '331466', '548953', '235533', '610492'),
(691, 'A', '548953', '1', '363508', '10-2022-201', '339936', '331466', '548953', '235533', '700885'),
(692, 'A', '548953', '1', '363508', '10-2022-201', '339936', '331466', '548953', '235533', '834165'),
(693, 'A', '548953', '1', '363508', '10-2022-201', '339936', '331466', '548953', '235533', '855295'),
(694, 'A', '548953', '1', '363508', '10-2022-201', '339936', '331466', '548953', '235533', '933924'),
(695, 'A', '548953', '1', '363508', '10-2022-201', '339936', '331466', '548953', '235533', '948667'),
(696, 'A', '548953', '1', '416522', '10-2022-498', '339936', '331466', '548953', '235533', '282576'),
(697, 'A', '548953', '1', '416522', '10-2022-498', '339936', '331466', '548953', '235533', '485882'),
(698, 'A', '548953', '1', '416522', '10-2022-498', '339936', '331466', '548953', '235533', '600550'),
(699, 'A', '548953', '1', '416522', '10-2022-498', '339936', '331466', '548953', '235533', '610492'),
(700, 'A', '548953', '1', '416522', '10-2022-498', '339936', '331466', '548953', '235533', '700885'),
(701, 'A', '548953', '1', '416522', '10-2022-498', '339936', '331466', '548953', '235533', '834165'),
(702, 'A', '548953', '1', '416522', '10-2022-498', '339936', '331466', '548953', '235533', '855295'),
(703, 'A', '548953', '1', '416522', '10-2022-498', '339936', '331466', '548953', '235533', '933924'),
(704, 'A', '548953', '1', '416522', '10-2022-498', '339936', '331466', '548953', '235533', '948667'),
(705, 'A', '548953', '1', '227182', '10-2022-297', '339936', '331466', '548953', '235533', '282576'),
(706, 'A', '548953', '1', '227182', '10-2022-297', '339936', '331466', '548953', '235533', '485882'),
(707, 'A', '548953', '1', '227182', '10-2022-297', '339936', '331466', '548953', '235533', '600550'),
(708, 'A', '548953', '1', '227182', '10-2022-297', '339936', '331466', '548953', '235533', '610492'),
(709, 'A', '548953', '1', '227182', '10-2022-297', '339936', '331466', '548953', '235533', '700885'),
(710, 'A', '548953', '1', '227182', '10-2022-297', '339936', '331466', '548953', '235533', '834165'),
(711, 'A', '548953', '1', '227182', '10-2022-297', '339936', '331466', '548953', '235533', '855295'),
(712, 'A', '548953', '1', '227182', '10-2022-297', '339936', '331466', '548953', '235533', '933924'),
(713, 'A', '548953', '1', '227182', '10-2022-297', '339936', '331466', '548953', '235533', '948667'),
(714, 'A', '548953', '1', '758869', '10-2022-193', '339936', '331466', '548953', '235533', '282576'),
(715, 'A', '548953', '1', '758869', '10-2022-193', '339936', '331466', '548953', '235533', '485882'),
(716, 'A', '548953', '1', '758869', '10-2022-193', '339936', '331466', '548953', '235533', '600550'),
(717, 'A', '548953', '1', '758869', '10-2022-193', '339936', '331466', '548953', '235533', '610492'),
(718, 'A', '548953', '1', '758869', '10-2022-193', '339936', '331466', '548953', '235533', '700885'),
(719, 'A', '548953', '1', '758869', '10-2022-193', '339936', '331466', '548953', '235533', '834165'),
(720, 'A', '548953', '1', '758869', '10-2022-193', '339936', '331466', '548953', '235533', '855295'),
(721, 'A', '548953', '1', '758869', '10-2022-193', '339936', '331466', '548953', '235533', '933924'),
(722, 'A', '548953', '1', '758869', '10-2022-193', '339936', '331466', '548953', '235533', '948667'),
(723, 'A', '548953', '1', '655344', '10-2022-431', '339936', '331466', '548953', '235533', '282576'),
(724, 'A', '548953', '1', '655344', '10-2022-431', '339936', '331466', '548953', '235533', '485882'),
(725, 'A', '548953', '1', '655344', '10-2022-431', '339936', '331466', '548953', '235533', '600550'),
(726, 'A', '548953', '1', '655344', '10-2022-431', '339936', '331466', '548953', '235533', '610492'),
(727, 'A', '548953', '1', '655344', '10-2022-431', '339936', '331466', '548953', '235533', '700885'),
(728, 'A', '548953', '1', '655344', '10-2022-431', '339936', '331466', '548953', '235533', '834165'),
(729, 'A', '548953', '1', '655344', '10-2022-431', '339936', '331466', '548953', '235533', '855295'),
(730, 'A', '548953', '1', '655344', '10-2022-431', '339936', '331466', '548953', '235533', '933924'),
(731, 'A', '548953', '1', '655344', '10-2022-431', '339936', '331466', '548953', '235533', '948667'),
(732, 'A', '548953', '1', '949728', '10-2022-232', '339936', '331466', '548953', '235533', '282576'),
(733, 'A', '548953', '1', '949728', '10-2022-232', '339936', '331466', '548953', '235533', '485882'),
(734, 'A', '548953', '1', '949728', '10-2022-232', '339936', '331466', '548953', '235533', '600550'),
(735, 'A', '548953', '1', '949728', '10-2022-232', '339936', '331466', '548953', '235533', '610492'),
(736, 'A', '548953', '1', '949728', '10-2022-232', '339936', '331466', '548953', '235533', '700885'),
(737, 'A', '548953', '1', '949728', '10-2022-232', '339936', '331466', '548953', '235533', '834165'),
(738, 'A', '548953', '1', '949728', '10-2022-232', '339936', '331466', '548953', '235533', '855295'),
(739, 'A', '548953', '1', '949728', '10-2022-232', '339936', '331466', '548953', '235533', '933924'),
(740, 'A', '548953', '1', '949728', '10-2022-232', '339936', '331466', '548953', '235533', '948667'),
(741, 'A', '548953', '1', '167882', '10-2022-276', '339936', '331466', '548953', '235533', '282576'),
(742, 'A', '548953', '1', '167882', '10-2022-276', '339936', '331466', '548953', '235533', '485882'),
(743, 'A', '548953', '1', '167882', '10-2022-276', '339936', '331466', '548953', '235533', '600550'),
(744, 'A', '548953', '1', '167882', '10-2022-276', '339936', '331466', '548953', '235533', '610492'),
(745, 'A', '548953', '1', '167882', '10-2022-276', '339936', '331466', '548953', '235533', '700885'),
(746, 'A', '548953', '1', '167882', '10-2022-276', '339936', '331466', '548953', '235533', '834165'),
(747, 'A', '548953', '1', '167882', '10-2022-276', '339936', '331466', '548953', '235533', '855295'),
(748, 'A', '548953', '1', '167882', '10-2022-276', '339936', '331466', '548953', '235533', '933924'),
(749, 'A', '548953', '1', '167882', '10-2022-276', '339936', '331466', '548953', '235533', '948667'),
(750, 'A', '548953', '1', '313538', '10-2022-319', '339936', '331466', '548953', '235533', '282576'),
(751, 'A', '548953', '1', '313538', '10-2022-319', '339936', '331466', '548953', '235533', '485882'),
(752, 'A', '548953', '1', '313538', '10-2022-319', '339936', '331466', '548953', '235533', '600550'),
(753, 'A', '548953', '1', '313538', '10-2022-319', '339936', '331466', '548953', '235533', '610492'),
(754, 'A', '548953', '1', '313538', '10-2022-319', '339936', '331466', '548953', '235533', '700885'),
(755, 'A', '548953', '1', '313538', '10-2022-319', '339936', '331466', '548953', '235533', '834165'),
(756, 'A', '548953', '1', '313538', '10-2022-319', '339936', '331466', '548953', '235533', '855295'),
(757, 'A', '548953', '1', '313538', '10-2022-319', '339936', '331466', '548953', '235533', '933924'),
(758, 'A', '548953', '1', '313538', '10-2022-319', '339936', '331466', '548953', '235533', '948667'),
(759, 'A', '548953', '1', '712585', '10-2022-313', '339936', '331466', '548953', '235533', '282576'),
(760, 'A', '548953', '1', '712585', '10-2022-313', '339936', '331466', '548953', '235533', '485882'),
(761, 'A', '548953', '1', '712585', '10-2022-313', '339936', '331466', '548953', '235533', '600550'),
(762, 'A', '548953', '1', '712585', '10-2022-313', '339936', '331466', '548953', '235533', '610492'),
(763, 'A', '548953', '1', '712585', '10-2022-313', '339936', '331466', '548953', '235533', '700885'),
(764, 'A', '548953', '1', '712585', '10-2022-313', '339936', '331466', '548953', '235533', '834165'),
(765, 'A', '548953', '1', '712585', '10-2022-313', '339936', '331466', '548953', '235533', '855295'),
(766, 'A', '548953', '1', '712585', '10-2022-313', '339936', '331466', '548953', '235533', '933924'),
(767, 'A', '548953', '1', '712585', '10-2022-313', '339936', '331466', '548953', '235533', '948667'),
(768, 'A', '548953', '1', '930282', '10-2022-275', '339936', '331466', '548953', '235533', '282576'),
(769, 'A', '548953', '1', '930282', '10-2022-275', '339936', '331466', '548953', '235533', '485882'),
(770, 'A', '548953', '1', '930282', '10-2022-275', '339936', '331466', '548953', '235533', '600550'),
(771, 'A', '548953', '1', '930282', '10-2022-275', '339936', '331466', '548953', '235533', '610492'),
(772, 'A', '548953', '1', '930282', '10-2022-275', '339936', '331466', '548953', '235533', '700885'),
(773, 'A', '548953', '1', '930282', '10-2022-275', '339936', '331466', '548953', '235533', '834165'),
(774, 'A', '548953', '1', '930282', '10-2022-275', '339936', '331466', '548953', '235533', '855295'),
(775, 'A', '548953', '1', '930282', '10-2022-275', '339936', '331466', '548953', '235533', '933924'),
(776, 'A', '548953', '1', '930282', '10-2022-275', '339936', '331466', '548953', '235533', '948667'),
(777, 'A', '548953', '1', '915801', '10-2022-217', '339936', '331466', '548953', '235533', '282576'),
(778, 'A', '548953', '1', '915801', '10-2022-217', '339936', '331466', '548953', '235533', '485882'),
(779, 'A', '548953', '1', '915801', '10-2022-217', '339936', '331466', '548953', '235533', '600550'),
(780, 'A', '548953', '1', '915801', '10-2022-217', '339936', '331466', '548953', '235533', '610492'),
(781, 'A', '548953', '1', '915801', '10-2022-217', '339936', '331466', '548953', '235533', '700885'),
(782, 'A', '548953', '1', '915801', '10-2022-217', '339936', '331466', '548953', '235533', '834165'),
(783, 'A', '548953', '1', '915801', '10-2022-217', '339936', '331466', '548953', '235533', '855295'),
(784, 'A', '548953', '1', '915801', '10-2022-217', '339936', '331466', '548953', '235533', '933924'),
(785, 'A', '548953', '1', '915801', '10-2022-217', '339936', '331466', '548953', '235533', '948667'),
(786, 'A', '548953', '1', '327919', '10-2022-254', '339936', '331466', '548953', '235533', '282576'),
(787, 'A', '548953', '1', '327919', '10-2022-254', '339936', '331466', '548953', '235533', '485882'),
(788, 'A', '548953', '1', '327919', '10-2022-254', '339936', '331466', '548953', '235533', '600550'),
(789, 'A', '548953', '1', '327919', '10-2022-254', '339936', '331466', '548953', '235533', '610492'),
(790, 'A', '548953', '1', '327919', '10-2022-254', '339936', '331466', '548953', '235533', '700885'),
(791, 'A', '548953', '1', '327919', '10-2022-254', '339936', '331466', '548953', '235533', '834165'),
(792, 'A', '548953', '1', '327919', '10-2022-254', '339936', '331466', '548953', '235533', '855295'),
(793, 'A', '548953', '1', '327919', '10-2022-254', '339936', '331466', '548953', '235533', '933924'),
(794, 'A', '548953', '1', '327919', '10-2022-254', '339936', '331466', '548953', '235533', '948667'),
(826, 'A', '289314', '1', '211846', '03-2022-472', '339936', '597899', '289314', '949552', '130622'),
(827, 'A', '289314', '1', '211846', '03-2022-472', '339936', '597899', '289314', '949552', '240452'),
(828, 'A', '289314', '1', '211846', '03-2022-472', '339936', '597899', '289314', '949552', '405337'),
(829, 'A', '289314', '1', '211846', '03-2022-472', '339936', '597899', '289314', '949552', '465277'),
(830, 'A', '289314', '1', '211846', '03-2022-472', '339936', '597899', '289314', '949552', '474820'),
(831, 'A', '289314', '1', '211846', '03-2022-472', '339936', '597899', '289314', '949552', '590862'),
(832, 'A', '289314', '1', '211846', '03-2022-472', '339936', '597899', '289314', '949552', '667193'),
(833, 'A', '289314', '1', '211846', '03-2022-472', '339936', '597899', '289314', '949552', '727063'),
(834, 'A', '289314', '1', '211846', '03-2022-472', '339936', '597899', '289314', '949552', '727843'),
(835, 'A', '289314', '1', '211846', '03-2022-472', '339936', '597899', '289314', '949552', '839219'),
(836, 'A', '289314', '1', '211846', '03-2022-472', '339936', '597899', '289314', '949552', '875810'),
(837, 'A', '289314', '1', '297977', '03-2022-444', '339936', '597899', '289314', '949552', '130622'),
(838, 'A', '289314', '1', '297977', '03-2022-444', '339936', '597899', '289314', '949552', '240452'),
(839, 'A', '289314', '1', '297977', '03-2022-444', '339936', '597899', '289314', '949552', '405337'),
(840, 'A', '289314', '1', '297977', '03-2022-444', '339936', '597899', '289314', '949552', '465277'),
(841, 'A', '289314', '1', '297977', '03-2022-444', '339936', '597899', '289314', '949552', '474820'),
(842, 'A', '289314', '1', '297977', '03-2022-444', '339936', '597899', '289314', '949552', '590862'),
(843, 'A', '289314', '1', '297977', '03-2022-444', '339936', '597899', '289314', '949552', '667193'),
(844, 'A', '289314', '1', '297977', '03-2022-444', '339936', '597899', '289314', '949552', '727063'),
(845, 'A', '289314', '1', '297977', '03-2022-444', '339936', '597899', '289314', '949552', '727843'),
(846, 'A', '289314', '1', '297977', '03-2022-444', '339936', '597899', '289314', '949552', '839219'),
(847, 'A', '289314', '1', '297977', '03-2022-444', '339936', '597899', '289314', '949552', '875810'),
(848, 'A', '289314', '1', '745024', '03-2022-154', '339936', '597899', '289314', '949552', '130622'),
(849, 'A', '289314', '1', '745024', '03-2022-154', '339936', '597899', '289314', '949552', '240452'),
(850, 'A', '289314', '1', '745024', '03-2022-154', '339936', '597899', '289314', '949552', '405337'),
(851, 'A', '289314', '1', '745024', '03-2022-154', '339936', '597899', '289314', '949552', '465277'),
(852, 'A', '289314', '1', '745024', '03-2022-154', '339936', '597899', '289314', '949552', '474820'),
(853, 'A', '289314', '1', '745024', '03-2022-154', '339936', '597899', '289314', '949552', '590862'),
(854, 'A', '289314', '1', '745024', '03-2022-154', '339936', '597899', '289314', '949552', '667193'),
(855, 'A', '289314', '1', '745024', '03-2022-154', '339936', '597899', '289314', '949552', '727063'),
(856, 'A', '289314', '1', '745024', '03-2022-154', '339936', '597899', '289314', '949552', '727843'),
(857, 'A', '289314', '1', '745024', '03-2022-154', '339936', '597899', '289314', '949552', '839219'),
(858, 'A', '289314', '1', '745024', '03-2022-154', '339936', '597899', '289314', '949552', '875810'),
(903, 'A', '289314', '1', '104032', '03-2022-297', '339936', '597899', '289314', '949552', '130622'),
(904, 'A', '289314', '1', '104032', '03-2022-297', '339936', '597899', '289314', '949552', '240452'),
(905, 'A', '289314', '1', '104032', '03-2022-297', '339936', '597899', '289314', '949552', '405337'),
(906, 'A', '289314', '1', '104032', '03-2022-297', '339936', '597899', '289314', '949552', '465277'),
(907, 'A', '289314', '1', '104032', '03-2022-297', '339936', '597899', '289314', '949552', '474820'),
(908, 'A', '289314', '1', '104032', '03-2022-297', '339936', '597899', '289314', '949552', '590862'),
(909, 'A', '289314', '1', '104032', '03-2022-297', '339936', '597899', '289314', '949552', '667193'),
(910, 'A', '289314', '1', '104032', '03-2022-297', '339936', '597899', '289314', '949552', '727063'),
(911, 'A', '289314', '1', '104032', '03-2022-297', '339936', '597899', '289314', '949552', '727843'),
(912, 'A', '289314', '1', '104032', '03-2022-297', '339936', '597899', '289314', '949552', '839219'),
(913, 'A', '289314', '1', '104032', '03-2022-297', '339936', '597899', '289314', '949552', '875810'),
(914, 'A', '289314', '1', '600946', '03-2022-451', '339936', '597899', '289314', '949552', '130622'),
(915, 'A', '289314', '1', '600946', '03-2022-451', '339936', '597899', '289314', '949552', '240452'),
(916, 'A', '289314', '1', '600946', '03-2022-451', '339936', '597899', '289314', '949552', '405337'),
(917, 'A', '289314', '1', '600946', '03-2022-451', '339936', '597899', '289314', '949552', '465277'),
(918, 'A', '289314', '1', '600946', '03-2022-451', '339936', '597899', '289314', '949552', '474820'),
(919, 'A', '289314', '1', '600946', '03-2022-451', '339936', '597899', '289314', '949552', '590862'),
(920, 'A', '289314', '1', '600946', '03-2022-451', '339936', '597899', '289314', '949552', '667193'),
(921, 'A', '289314', '1', '600946', '03-2022-451', '339936', '597899', '289314', '949552', '727063'),
(922, 'A', '289314', '1', '600946', '03-2022-451', '339936', '597899', '289314', '949552', '727843'),
(923, 'A', '289314', '1', '600946', '03-2022-451', '339936', '597899', '289314', '949552', '839219'),
(924, 'A', '289314', '1', '600946', '03-2022-451', '339936', '597899', '289314', '949552', '875810'),
(925, 'A', '289314', '1', '903906', '03-2022-137', '339936', '597899', '289314', '949552', '130622'),
(926, 'A', '289314', '1', '903906', '03-2022-137', '339936', '597899', '289314', '949552', '240452'),
(927, 'A', '289314', '1', '903906', '03-2022-137', '339936', '597899', '289314', '949552', '405337'),
(928, 'A', '289314', '1', '903906', '03-2022-137', '339936', '597899', '289314', '949552', '465277'),
(929, 'A', '289314', '1', '903906', '03-2022-137', '339936', '597899', '289314', '949552', '474820'),
(930, 'A', '289314', '1', '903906', '03-2022-137', '339936', '597899', '289314', '949552', '590862'),
(931, 'A', '289314', '1', '903906', '03-2022-137', '339936', '597899', '289314', '949552', '667193'),
(932, 'A', '289314', '1', '903906', '03-2022-137', '339936', '597899', '289314', '949552', '727063'),
(933, 'A', '289314', '1', '903906', '03-2022-137', '339936', '597899', '289314', '949552', '727843'),
(934, 'A', '289314', '1', '903906', '03-2022-137', '339936', '597899', '289314', '949552', '839219'),
(935, 'A', '289314', '1', '903906', '03-2022-137', '339936', '597899', '289314', '949552', '875810'),
(936, 'A', '289314', '1', '140303', '03-2022-202', '339936', '597899', '289314', '949552', '130622'),
(937, 'A', '289314', '1', '140303', '03-2022-202', '339936', '597899', '289314', '949552', '240452'),
(938, 'A', '289314', '1', '140303', '03-2022-202', '339936', '597899', '289314', '949552', '405337'),
(939, 'A', '289314', '1', '140303', '03-2022-202', '339936', '597899', '289314', '949552', '465277'),
(940, 'A', '289314', '1', '140303', '03-2022-202', '339936', '597899', '289314', '949552', '474820'),
(941, 'A', '289314', '1', '140303', '03-2022-202', '339936', '597899', '289314', '949552', '590862'),
(942, 'A', '289314', '1', '140303', '03-2022-202', '339936', '597899', '289314', '949552', '667193'),
(943, 'A', '289314', '1', '140303', '03-2022-202', '339936', '597899', '289314', '949552', '727063'),
(944, 'A', '289314', '1', '140303', '03-2022-202', '339936', '597899', '289314', '949552', '727843'),
(945, 'A', '289314', '1', '140303', '03-2022-202', '339936', '597899', '289314', '949552', '839219'),
(946, 'A', '289314', '1', '140303', '03-2022-202', '339936', '597899', '289314', '949552', '875810'),
(947, 'A', '289314', '1', '564167', '03-2022-131', '339936', '597899', '289314', '949552', '130622'),
(948, 'A', '289314', '1', '564167', '03-2022-131', '339936', '597899', '289314', '949552', '240452'),
(949, 'A', '289314', '1', '564167', '03-2022-131', '339936', '597899', '289314', '949552', '405337'),
(950, 'A', '289314', '1', '564167', '03-2022-131', '339936', '597899', '289314', '949552', '465277'),
(951, 'A', '289314', '1', '564167', '03-2022-131', '339936', '597899', '289314', '949552', '474820'),
(952, 'A', '289314', '1', '564167', '03-2022-131', '339936', '597899', '289314', '949552', '590862'),
(953, 'A', '289314', '1', '564167', '03-2022-131', '339936', '597899', '289314', '949552', '667193'),
(954, 'A', '289314', '1', '564167', '03-2022-131', '339936', '597899', '289314', '949552', '727063'),
(955, 'A', '289314', '1', '564167', '03-2022-131', '339936', '597899', '289314', '949552', '727843'),
(956, 'A', '289314', '1', '564167', '03-2022-131', '339936', '597899', '289314', '949552', '839219'),
(957, 'A', '289314', '1', '564167', '03-2022-131', '339936', '597899', '289314', '949552', '875810'),
(958, 'A', '289314', '1', '670939', '03-2022-127', '339936', '597899', '289314', '949552', '130622'),
(959, 'A', '289314', '1', '670939', '03-2022-127', '339936', '597899', '289314', '949552', '240452'),
(960, 'A', '289314', '1', '670939', '03-2022-127', '339936', '597899', '289314', '949552', '405337'),
(961, 'A', '289314', '1', '670939', '03-2022-127', '339936', '597899', '289314', '949552', '465277'),
(962, 'A', '289314', '1', '670939', '03-2022-127', '339936', '597899', '289314', '949552', '474820'),
(963, 'A', '289314', '1', '670939', '03-2022-127', '339936', '597899', '289314', '949552', '590862'),
(964, 'A', '289314', '1', '670939', '03-2022-127', '339936', '597899', '289314', '949552', '667193'),
(965, 'A', '289314', '1', '670939', '03-2022-127', '339936', '597899', '289314', '949552', '727063'),
(966, 'A', '289314', '1', '670939', '03-2022-127', '339936', '597899', '289314', '949552', '727843'),
(967, 'A', '289314', '1', '670939', '03-2022-127', '339936', '597899', '289314', '949552', '839219'),
(968, 'A', '289314', '1', '670939', '03-2022-127', '339936', '597899', '289314', '949552', '875810'),
(969, 'A', '289314', '1', '751659', '03-2022-394', '339936', '597899', '289314', '949552', '130622'),
(970, 'A', '289314', '1', '751659', '03-2022-394', '339936', '597899', '289314', '949552', '240452'),
(971, 'A', '289314', '1', '751659', '03-2022-394', '339936', '597899', '289314', '949552', '405337'),
(972, 'A', '289314', '1', '751659', '03-2022-394', '339936', '597899', '289314', '949552', '465277'),
(973, 'A', '289314', '1', '751659', '03-2022-394', '339936', '597899', '289314', '949552', '474820'),
(974, 'A', '289314', '1', '751659', '03-2022-394', '339936', '597899', '289314', '949552', '590862'),
(975, 'A', '289314', '1', '751659', '03-2022-394', '339936', '597899', '289314', '949552', '667193'),
(976, 'A', '289314', '1', '751659', '03-2022-394', '339936', '597899', '289314', '949552', '727063'),
(977, 'A', '289314', '1', '751659', '03-2022-394', '339936', '597899', '289314', '949552', '727843'),
(978, 'A', '289314', '1', '751659', '03-2022-394', '339936', '597899', '289314', '949552', '839219'),
(979, 'A', '289314', '1', '751659', '03-2022-394', '339936', '597899', '289314', '949552', '875810'),
(980, 'A', '289314', '1', '613407', '03-2022-263', '339936', '597899', '289314', '949552', '130622'),
(981, 'A', '289314', '1', '613407', '03-2022-263', '339936', '597899', '289314', '949552', '240452'),
(982, 'A', '289314', '1', '613407', '03-2022-263', '339936', '597899', '289314', '949552', '405337'),
(983, 'A', '289314', '1', '613407', '03-2022-263', '339936', '597899', '289314', '949552', '465277'),
(984, 'A', '289314', '1', '613407', '03-2022-263', '339936', '597899', '289314', '949552', '474820'),
(985, 'A', '289314', '1', '613407', '03-2022-263', '339936', '597899', '289314', '949552', '590862'),
(986, 'A', '289314', '1', '613407', '03-2022-263', '339936', '597899', '289314', '949552', '667193'),
(987, 'A', '289314', '1', '613407', '03-2022-263', '339936', '597899', '289314', '949552', '727063'),
(988, 'A', '289314', '1', '613407', '03-2022-263', '339936', '597899', '289314', '949552', '727843'),
(989, 'A', '289314', '1', '613407', '03-2022-263', '339936', '597899', '289314', '949552', '839219'),
(990, 'A', '289314', '1', '613407', '03-2022-263', '339936', '597899', '289314', '949552', '875810'),
(991, 'A', '289314', '1', '894998', '03-2022-106', '339936', '597899', '289314', '949552', '130622'),
(992, 'A', '289314', '1', '894998', '03-2022-106', '339936', '597899', '289314', '949552', '240452'),
(993, 'A', '289314', '1', '894998', '03-2022-106', '339936', '597899', '289314', '949552', '405337'),
(994, 'A', '289314', '1', '894998', '03-2022-106', '339936', '597899', '289314', '949552', '465277'),
(995, 'A', '289314', '1', '894998', '03-2022-106', '339936', '597899', '289314', '949552', '474820'),
(996, 'A', '289314', '1', '894998', '03-2022-106', '339936', '597899', '289314', '949552', '590862'),
(997, 'A', '289314', '1', '894998', '03-2022-106', '339936', '597899', '289314', '949552', '667193'),
(998, 'A', '289314', '1', '894998', '03-2022-106', '339936', '597899', '289314', '949552', '727063'),
(999, 'A', '289314', '1', '894998', '03-2022-106', '339936', '597899', '289314', '949552', '727843'),
(1000, 'A', '289314', '1', '894998', '03-2022-106', '339936', '597899', '289314', '949552', '839219'),
(1001, 'A', '289314', '1', '894998', '03-2022-106', '339936', '597899', '289314', '949552', '875810'),
(1002, 'A', '289314', '1', '338967', '03-2022-380', '339936', '597899', '289314', '949552', '130622'),
(1003, 'A', '289314', '1', '338967', '03-2022-380', '339936', '597899', '289314', '949552', '240452'),
(1004, 'A', '289314', '1', '338967', '03-2022-380', '339936', '597899', '289314', '949552', '405337'),
(1005, 'A', '289314', '1', '338967', '03-2022-380', '339936', '597899', '289314', '949552', '465277'),
(1006, 'A', '289314', '1', '338967', '03-2022-380', '339936', '597899', '289314', '949552', '474820');
INSERT INTO `student_subject_load` (`student_subject_load_id`, `student_subject_section`, `student_subject_section_course`, `student_subject_section_year`, `enrollment_id`, `student_id`, `academic_id`, `curriculum_id`, `program_id`, `department_id`, `subject_id`) VALUES
(1007, 'A', '289314', '1', '338967', '03-2022-380', '339936', '597899', '289314', '949552', '590862'),
(1008, 'A', '289314', '1', '338967', '03-2022-380', '339936', '597899', '289314', '949552', '667193'),
(1009, 'A', '289314', '1', '338967', '03-2022-380', '339936', '597899', '289314', '949552', '727063'),
(1010, 'A', '289314', '1', '338967', '03-2022-380', '339936', '597899', '289314', '949552', '727843'),
(1011, 'A', '289314', '1', '338967', '03-2022-380', '339936', '597899', '289314', '949552', '839219'),
(1012, 'A', '289314', '1', '338967', '03-2022-380', '339936', '597899', '289314', '949552', '875810'),
(1013, 'A', '289314', '1', '226137', '03-2022-314', '339936', '597899', '289314', '949552', '130622'),
(1014, 'A', '289314', '1', '226137', '03-2022-314', '339936', '597899', '289314', '949552', '240452'),
(1015, 'A', '289314', '1', '226137', '03-2022-314', '339936', '597899', '289314', '949552', '405337'),
(1016, 'A', '289314', '1', '226137', '03-2022-314', '339936', '597899', '289314', '949552', '465277'),
(1017, 'A', '289314', '1', '226137', '03-2022-314', '339936', '597899', '289314', '949552', '474820'),
(1018, 'A', '289314', '1', '226137', '03-2022-314', '339936', '597899', '289314', '949552', '590862'),
(1019, 'A', '289314', '1', '226137', '03-2022-314', '339936', '597899', '289314', '949552', '667193'),
(1020, 'A', '289314', '1', '226137', '03-2022-314', '339936', '597899', '289314', '949552', '727063'),
(1021, 'A', '289314', '1', '226137', '03-2022-314', '339936', '597899', '289314', '949552', '727843'),
(1022, 'A', '289314', '1', '226137', '03-2022-314', '339936', '597899', '289314', '949552', '839219'),
(1023, 'A', '289314', '1', '226137', '03-2022-314', '339936', '597899', '289314', '949552', '875810'),
(1024, 'A', '289314', '1', '189177', '03-2022-274', '339936', '597899', '289314', '949552', '130622'),
(1025, 'A', '289314', '1', '189177', '03-2022-274', '339936', '597899', '289314', '949552', '240452'),
(1026, 'A', '289314', '1', '189177', '03-2022-274', '339936', '597899', '289314', '949552', '405337'),
(1027, 'A', '289314', '1', '189177', '03-2022-274', '339936', '597899', '289314', '949552', '465277'),
(1028, 'A', '289314', '1', '189177', '03-2022-274', '339936', '597899', '289314', '949552', '474820'),
(1029, 'A', '289314', '1', '189177', '03-2022-274', '339936', '597899', '289314', '949552', '590862'),
(1030, 'A', '289314', '1', '189177', '03-2022-274', '339936', '597899', '289314', '949552', '667193'),
(1031, 'A', '289314', '1', '189177', '03-2022-274', '339936', '597899', '289314', '949552', '727063'),
(1032, 'A', '289314', '1', '189177', '03-2022-274', '339936', '597899', '289314', '949552', '727843'),
(1033, 'A', '289314', '1', '189177', '03-2022-274', '339936', '597899', '289314', '949552', '839219'),
(1034, 'A', '289314', '1', '189177', '03-2022-274', '339936', '597899', '289314', '949552', '875810'),
(1035, 'B', '289314', '1', '438200', '04-2022-106', '339936', '597899', '289314', '949552', '130622'),
(1036, 'B', '289314', '1', '438200', '04-2022-106', '339936', '597899', '289314', '949552', '240452'),
(1037, 'B', '289314', '1', '438200', '04-2022-106', '339936', '597899', '289314', '949552', '405337'),
(1038, 'B', '289314', '1', '438200', '04-2022-106', '339936', '597899', '289314', '949552', '465277'),
(1039, 'B', '289314', '1', '438200', '04-2022-106', '339936', '597899', '289314', '949552', '474820'),
(1040, 'B', '289314', '1', '438200', '04-2022-106', '339936', '597899', '289314', '949552', '590862'),
(1041, 'B', '289314', '1', '438200', '04-2022-106', '339936', '597899', '289314', '949552', '667193'),
(1042, 'B', '289314', '1', '438200', '04-2022-106', '339936', '597899', '289314', '949552', '727063'),
(1043, 'B', '289314', '1', '438200', '04-2022-106', '339936', '597899', '289314', '949552', '727843'),
(1044, 'B', '289314', '1', '438200', '04-2022-106', '339936', '597899', '289314', '949552', '839219'),
(1045, 'B', '289314', '1', '438200', '04-2022-106', '339936', '597899', '289314', '949552', '875810'),
(1046, 'B', '289314', '1', '518826', '04-2022-376', '339936', '597899', '289314', '949552', '130622'),
(1047, 'B', '289314', '1', '518826', '04-2022-376', '339936', '597899', '289314', '949552', '240452'),
(1048, 'B', '289314', '1', '518826', '04-2022-376', '339936', '597899', '289314', '949552', '405337'),
(1049, 'B', '289314', '1', '518826', '04-2022-376', '339936', '597899', '289314', '949552', '465277'),
(1050, 'B', '289314', '1', '518826', '04-2022-376', '339936', '597899', '289314', '949552', '474820'),
(1051, 'B', '289314', '1', '518826', '04-2022-376', '339936', '597899', '289314', '949552', '590862'),
(1052, 'B', '289314', '1', '518826', '04-2022-376', '339936', '597899', '289314', '949552', '667193'),
(1053, 'B', '289314', '1', '518826', '04-2022-376', '339936', '597899', '289314', '949552', '727063'),
(1054, 'B', '289314', '1', '518826', '04-2022-376', '339936', '597899', '289314', '949552', '727843'),
(1055, 'B', '289314', '1', '518826', '04-2022-376', '339936', '597899', '289314', '949552', '839219'),
(1056, 'B', '289314', '1', '518826', '04-2022-376', '339936', '597899', '289314', '949552', '875810'),
(1057, 'B', '289314', '1', '840933', '04-2022-277', '339936', '597899', '289314', '949552', '130622'),
(1058, 'B', '289314', '1', '840933', '04-2022-277', '339936', '597899', '289314', '949552', '240452'),
(1059, 'B', '289314', '1', '840933', '04-2022-277', '339936', '597899', '289314', '949552', '405337'),
(1060, 'B', '289314', '1', '840933', '04-2022-277', '339936', '597899', '289314', '949552', '465277'),
(1061, 'B', '289314', '1', '840933', '04-2022-277', '339936', '597899', '289314', '949552', '474820'),
(1062, 'B', '289314', '1', '840933', '04-2022-277', '339936', '597899', '289314', '949552', '590862'),
(1063, 'B', '289314', '1', '840933', '04-2022-277', '339936', '597899', '289314', '949552', '667193'),
(1064, 'B', '289314', '1', '840933', '04-2022-277', '339936', '597899', '289314', '949552', '727063'),
(1065, 'B', '289314', '1', '840933', '04-2022-277', '339936', '597899', '289314', '949552', '727843'),
(1066, 'B', '289314', '1', '840933', '04-2022-277', '339936', '597899', '289314', '949552', '839219'),
(1067, 'B', '289314', '1', '840933', '04-2022-277', '339936', '597899', '289314', '949552', '875810'),
(1068, 'B', '289314', '1', '174432', '04-2022-262', '339936', '597899', '289314', '949552', '130622'),
(1069, 'B', '289314', '1', '174432', '04-2022-262', '339936', '597899', '289314', '949552', '240452'),
(1070, 'B', '289314', '1', '174432', '04-2022-262', '339936', '597899', '289314', '949552', '405337'),
(1071, 'B', '289314', '1', '174432', '04-2022-262', '339936', '597899', '289314', '949552', '465277'),
(1072, 'B', '289314', '1', '174432', '04-2022-262', '339936', '597899', '289314', '949552', '474820'),
(1073, 'B', '289314', '1', '174432', '04-2022-262', '339936', '597899', '289314', '949552', '590862'),
(1074, 'B', '289314', '1', '174432', '04-2022-262', '339936', '597899', '289314', '949552', '667193'),
(1075, 'B', '289314', '1', '174432', '04-2022-262', '339936', '597899', '289314', '949552', '727063'),
(1076, 'B', '289314', '1', '174432', '04-2022-262', '339936', '597899', '289314', '949552', '727843'),
(1077, 'B', '289314', '1', '174432', '04-2022-262', '339936', '597899', '289314', '949552', '839219'),
(1078, 'B', '289314', '1', '174432', '04-2022-262', '339936', '597899', '289314', '949552', '875810'),
(1079, 'B', '289314', '1', '186853', '04-2022-420', '339936', '597899', '289314', '949552', '130622'),
(1080, 'B', '289314', '1', '186853', '04-2022-420', '339936', '597899', '289314', '949552', '240452'),
(1081, 'B', '289314', '1', '186853', '04-2022-420', '339936', '597899', '289314', '949552', '405337'),
(1082, 'B', '289314', '1', '186853', '04-2022-420', '339936', '597899', '289314', '949552', '465277'),
(1083, 'B', '289314', '1', '186853', '04-2022-420', '339936', '597899', '289314', '949552', '474820'),
(1084, 'B', '289314', '1', '186853', '04-2022-420', '339936', '597899', '289314', '949552', '590862'),
(1085, 'B', '289314', '1', '186853', '04-2022-420', '339936', '597899', '289314', '949552', '667193'),
(1086, 'B', '289314', '1', '186853', '04-2022-420', '339936', '597899', '289314', '949552', '727063'),
(1087, 'B', '289314', '1', '186853', '04-2022-420', '339936', '597899', '289314', '949552', '727843'),
(1088, 'B', '289314', '1', '186853', '04-2022-420', '339936', '597899', '289314', '949552', '839219'),
(1089, 'B', '289314', '1', '186853', '04-2022-420', '339936', '597899', '289314', '949552', '875810'),
(1090, 'B', '289314', '1', '737102', '04-2022-373', '339936', '597899', '289314', '949552', '130622'),
(1091, 'B', '289314', '1', '737102', '04-2022-373', '339936', '597899', '289314', '949552', '240452'),
(1092, 'B', '289314', '1', '737102', '04-2022-373', '339936', '597899', '289314', '949552', '405337'),
(1093, 'B', '289314', '1', '737102', '04-2022-373', '339936', '597899', '289314', '949552', '465277'),
(1094, 'B', '289314', '1', '737102', '04-2022-373', '339936', '597899', '289314', '949552', '474820'),
(1095, 'B', '289314', '1', '737102', '04-2022-373', '339936', '597899', '289314', '949552', '590862'),
(1096, 'B', '289314', '1', '737102', '04-2022-373', '339936', '597899', '289314', '949552', '667193'),
(1097, 'B', '289314', '1', '737102', '04-2022-373', '339936', '597899', '289314', '949552', '727063'),
(1098, 'B', '289314', '1', '737102', '04-2022-373', '339936', '597899', '289314', '949552', '727843'),
(1099, 'B', '289314', '1', '737102', '04-2022-373', '339936', '597899', '289314', '949552', '839219'),
(1100, 'B', '289314', '1', '737102', '04-2022-373', '339936', '597899', '289314', '949552', '875810'),
(1101, 'B', '289314', '1', '346583', '04-2022-286', '339936', '597899', '289314', '949552', '130622'),
(1102, 'B', '289314', '1', '346583', '04-2022-286', '339936', '597899', '289314', '949552', '240452'),
(1103, 'B', '289314', '1', '346583', '04-2022-286', '339936', '597899', '289314', '949552', '405337'),
(1104, 'B', '289314', '1', '346583', '04-2022-286', '339936', '597899', '289314', '949552', '465277'),
(1105, 'B', '289314', '1', '346583', '04-2022-286', '339936', '597899', '289314', '949552', '474820'),
(1106, 'B', '289314', '1', '346583', '04-2022-286', '339936', '597899', '289314', '949552', '590862'),
(1107, 'B', '289314', '1', '346583', '04-2022-286', '339936', '597899', '289314', '949552', '667193'),
(1108, 'B', '289314', '1', '346583', '04-2022-286', '339936', '597899', '289314', '949552', '727063'),
(1109, 'B', '289314', '1', '346583', '04-2022-286', '339936', '597899', '289314', '949552', '727843'),
(1110, 'B', '289314', '1', '346583', '04-2022-286', '339936', '597899', '289314', '949552', '839219'),
(1111, 'B', '289314', '1', '346583', '04-2022-286', '339936', '597899', '289314', '949552', '875810'),
(1112, 'B', '289314', '1', '385860', '04-2022-314', '339936', '597899', '289314', '949552', '130622'),
(1113, 'B', '289314', '1', '385860', '04-2022-314', '339936', '597899', '289314', '949552', '240452'),
(1114, 'B', '289314', '1', '385860', '04-2022-314', '339936', '597899', '289314', '949552', '405337'),
(1115, 'B', '289314', '1', '385860', '04-2022-314', '339936', '597899', '289314', '949552', '465277'),
(1116, 'B', '289314', '1', '385860', '04-2022-314', '339936', '597899', '289314', '949552', '474820'),
(1117, 'B', '289314', '1', '385860', '04-2022-314', '339936', '597899', '289314', '949552', '590862'),
(1118, 'B', '289314', '1', '385860', '04-2022-314', '339936', '597899', '289314', '949552', '667193'),
(1119, 'B', '289314', '1', '385860', '04-2022-314', '339936', '597899', '289314', '949552', '727063'),
(1120, 'B', '289314', '1', '385860', '04-2022-314', '339936', '597899', '289314', '949552', '727843'),
(1121, 'B', '289314', '1', '385860', '04-2022-314', '339936', '597899', '289314', '949552', '839219'),
(1122, 'B', '289314', '1', '385860', '04-2022-314', '339936', '597899', '289314', '949552', '875810'),
(1123, 'B', '289314', '1', '761711', '04-2022-452', '339936', '597899', '289314', '949552', '130622'),
(1124, 'B', '289314', '1', '761711', '04-2022-452', '339936', '597899', '289314', '949552', '240452'),
(1125, 'B', '289314', '1', '761711', '04-2022-452', '339936', '597899', '289314', '949552', '405337'),
(1126, 'B', '289314', '1', '761711', '04-2022-452', '339936', '597899', '289314', '949552', '465277'),
(1127, 'B', '289314', '1', '761711', '04-2022-452', '339936', '597899', '289314', '949552', '474820'),
(1128, 'B', '289314', '1', '761711', '04-2022-452', '339936', '597899', '289314', '949552', '590862'),
(1129, 'B', '289314', '1', '761711', '04-2022-452', '339936', '597899', '289314', '949552', '667193'),
(1130, 'B', '289314', '1', '761711', '04-2022-452', '339936', '597899', '289314', '949552', '727063'),
(1131, 'B', '289314', '1', '761711', '04-2022-452', '339936', '597899', '289314', '949552', '727843'),
(1132, 'B', '289314', '1', '761711', '04-2022-452', '339936', '597899', '289314', '949552', '839219'),
(1133, 'B', '289314', '1', '761711', '04-2022-452', '339936', '597899', '289314', '949552', '875810'),
(1134, 'B', '289314', '1', '876122', '04-2022-409', '339936', '597899', '289314', '949552', '130622'),
(1135, 'B', '289314', '1', '876122', '04-2022-409', '339936', '597899', '289314', '949552', '240452'),
(1136, 'B', '289314', '1', '876122', '04-2022-409', '339936', '597899', '289314', '949552', '405337'),
(1137, 'B', '289314', '1', '876122', '04-2022-409', '339936', '597899', '289314', '949552', '465277'),
(1138, 'B', '289314', '1', '876122', '04-2022-409', '339936', '597899', '289314', '949552', '474820'),
(1139, 'B', '289314', '1', '876122', '04-2022-409', '339936', '597899', '289314', '949552', '590862'),
(1140, 'B', '289314', '1', '876122', '04-2022-409', '339936', '597899', '289314', '949552', '667193'),
(1141, 'B', '289314', '1', '876122', '04-2022-409', '339936', '597899', '289314', '949552', '727063'),
(1142, 'B', '289314', '1', '876122', '04-2022-409', '339936', '597899', '289314', '949552', '727843'),
(1143, 'B', '289314', '1', '876122', '04-2022-409', '339936', '597899', '289314', '949552', '839219'),
(1144, 'B', '289314', '1', '876122', '04-2022-409', '339936', '597899', '289314', '949552', '875810'),
(1145, 'B', '289314', '1', '707620', '04-2022-167', '339936', '597899', '289314', '949552', '130622'),
(1146, 'B', '289314', '1', '707620', '04-2022-167', '339936', '597899', '289314', '949552', '240452'),
(1147, 'B', '289314', '1', '707620', '04-2022-167', '339936', '597899', '289314', '949552', '405337'),
(1148, 'B', '289314', '1', '707620', '04-2022-167', '339936', '597899', '289314', '949552', '465277'),
(1149, 'B', '289314', '1', '707620', '04-2022-167', '339936', '597899', '289314', '949552', '474820'),
(1150, 'B', '289314', '1', '707620', '04-2022-167', '339936', '597899', '289314', '949552', '590862'),
(1151, 'B', '289314', '1', '707620', '04-2022-167', '339936', '597899', '289314', '949552', '667193'),
(1152, 'B', '289314', '1', '707620', '04-2022-167', '339936', '597899', '289314', '949552', '727063'),
(1153, 'B', '289314', '1', '707620', '04-2022-167', '339936', '597899', '289314', '949552', '727843'),
(1154, 'B', '289314', '1', '707620', '04-2022-167', '339936', '597899', '289314', '949552', '839219'),
(1155, 'B', '289314', '1', '707620', '04-2022-167', '339936', '597899', '289314', '949552', '875810'),
(1156, 'B', '289314', '1', '876018', '04-2022-169', '339936', '597899', '289314', '949552', '130622'),
(1157, 'B', '289314', '1', '876018', '04-2022-169', '339936', '597899', '289314', '949552', '240452'),
(1158, 'B', '289314', '1', '876018', '04-2022-169', '339936', '597899', '289314', '949552', '405337'),
(1159, 'B', '289314', '1', '876018', '04-2022-169', '339936', '597899', '289314', '949552', '465277'),
(1160, 'B', '289314', '1', '876018', '04-2022-169', '339936', '597899', '289314', '949552', '474820'),
(1161, 'B', '289314', '1', '876018', '04-2022-169', '339936', '597899', '289314', '949552', '590862'),
(1162, 'B', '289314', '1', '876018', '04-2022-169', '339936', '597899', '289314', '949552', '667193'),
(1163, 'B', '289314', '1', '876018', '04-2022-169', '339936', '597899', '289314', '949552', '727063'),
(1164, 'B', '289314', '1', '876018', '04-2022-169', '339936', '597899', '289314', '949552', '727843'),
(1165, 'B', '289314', '1', '876018', '04-2022-169', '339936', '597899', '289314', '949552', '839219'),
(1166, 'B', '289314', '1', '876018', '04-2022-169', '339936', '597899', '289314', '949552', '875810'),
(1167, 'B', '289314', '1', '526317', '04-2022-320', '339936', '597899', '289314', '949552', '130622'),
(1168, 'B', '289314', '1', '526317', '04-2022-320', '339936', '597899', '289314', '949552', '240452'),
(1169, 'B', '289314', '1', '526317', '04-2022-320', '339936', '597899', '289314', '949552', '405337'),
(1170, 'B', '289314', '1', '526317', '04-2022-320', '339936', '597899', '289314', '949552', '465277'),
(1171, 'B', '289314', '1', '526317', '04-2022-320', '339936', '597899', '289314', '949552', '474820'),
(1172, 'B', '289314', '1', '526317', '04-2022-320', '339936', '597899', '289314', '949552', '590862'),
(1173, 'B', '289314', '1', '526317', '04-2022-320', '339936', '597899', '289314', '949552', '667193'),
(1174, 'B', '289314', '1', '526317', '04-2022-320', '339936', '597899', '289314', '949552', '727063'),
(1175, 'B', '289314', '1', '526317', '04-2022-320', '339936', '597899', '289314', '949552', '727843'),
(1176, 'B', '289314', '1', '526317', '04-2022-320', '339936', '597899', '289314', '949552', '839219'),
(1177, 'B', '289314', '1', '526317', '04-2022-320', '339936', '597899', '289314', '949552', '875810'),
(1178, 'B', '289314', '1', '801414', '04-2022-226', '339936', '597899', '289314', '949552', '130622'),
(1179, 'B', '289314', '1', '801414', '04-2022-226', '339936', '597899', '289314', '949552', '240452'),
(1180, 'B', '289314', '1', '801414', '04-2022-226', '339936', '597899', '289314', '949552', '405337'),
(1181, 'B', '289314', '1', '801414', '04-2022-226', '339936', '597899', '289314', '949552', '465277'),
(1182, 'B', '289314', '1', '801414', '04-2022-226', '339936', '597899', '289314', '949552', '474820'),
(1183, 'B', '289314', '1', '801414', '04-2022-226', '339936', '597899', '289314', '949552', '590862'),
(1184, 'B', '289314', '1', '801414', '04-2022-226', '339936', '597899', '289314', '949552', '667193'),
(1185, 'B', '289314', '1', '801414', '04-2022-226', '339936', '597899', '289314', '949552', '727063'),
(1186, 'B', '289314', '1', '801414', '04-2022-226', '339936', '597899', '289314', '949552', '727843'),
(1187, 'B', '289314', '1', '801414', '04-2022-226', '339936', '597899', '289314', '949552', '839219'),
(1188, 'B', '289314', '1', '801414', '04-2022-226', '339936', '597899', '289314', '949552', '875810'),
(1189, 'B', '289314', '1', '286410', '04-2022-346', '339936', '597899', '289314', '949552', '130622'),
(1190, 'B', '289314', '1', '286410', '04-2022-346', '339936', '597899', '289314', '949552', '240452'),
(1191, 'B', '289314', '1', '286410', '04-2022-346', '339936', '597899', '289314', '949552', '405337'),
(1192, 'B', '289314', '1', '286410', '04-2022-346', '339936', '597899', '289314', '949552', '465277'),
(1193, 'B', '289314', '1', '286410', '04-2022-346', '339936', '597899', '289314', '949552', '474820'),
(1194, 'B', '289314', '1', '286410', '04-2022-346', '339936', '597899', '289314', '949552', '590862'),
(1195, 'B', '289314', '1', '286410', '04-2022-346', '339936', '597899', '289314', '949552', '667193'),
(1196, 'B', '289314', '1', '286410', '04-2022-346', '339936', '597899', '289314', '949552', '727063'),
(1197, 'B', '289314', '1', '286410', '04-2022-346', '339936', '597899', '289314', '949552', '727843'),
(1198, 'B', '289314', '1', '286410', '04-2022-346', '339936', '597899', '289314', '949552', '839219'),
(1199, 'B', '289314', '1', '286410', '04-2022-346', '339936', '597899', '289314', '949552', '875810'),
(1200, 'B', '289314', '1', '248753', '04-2022-372', '339936', '597899', '289314', '949552', '130622'),
(1201, 'B', '289314', '1', '248753', '04-2022-372', '339936', '597899', '289314', '949552', '240452'),
(1202, 'B', '289314', '1', '248753', '04-2022-372', '339936', '597899', '289314', '949552', '405337'),
(1203, 'B', '289314', '1', '248753', '04-2022-372', '339936', '597899', '289314', '949552', '465277'),
(1204, 'B', '289314', '1', '248753', '04-2022-372', '339936', '597899', '289314', '949552', '474820'),
(1205, 'B', '289314', '1', '248753', '04-2022-372', '339936', '597899', '289314', '949552', '590862'),
(1206, 'B', '289314', '1', '248753', '04-2022-372', '339936', '597899', '289314', '949552', '667193'),
(1207, 'B', '289314', '1', '248753', '04-2022-372', '339936', '597899', '289314', '949552', '727063'),
(1208, 'B', '289314', '1', '248753', '04-2022-372', '339936', '597899', '289314', '949552', '727843'),
(1209, 'B', '289314', '1', '248753', '04-2022-372', '339936', '597899', '289314', '949552', '839219'),
(1210, 'B', '289314', '1', '248753', '04-2022-372', '339936', '597899', '289314', '949552', '875810'),
(1211, 'B', '289314', '1', '971465', '04-2022-366', '339936', '597899', '289314', '949552', '130622'),
(1212, 'B', '289314', '1', '971465', '04-2022-366', '339936', '597899', '289314', '949552', '240452'),
(1213, 'B', '289314', '1', '971465', '04-2022-366', '339936', '597899', '289314', '949552', '405337'),
(1214, 'B', '289314', '1', '971465', '04-2022-366', '339936', '597899', '289314', '949552', '465277'),
(1215, 'B', '289314', '1', '971465', '04-2022-366', '339936', '597899', '289314', '949552', '474820'),
(1216, 'B', '289314', '1', '971465', '04-2022-366', '339936', '597899', '289314', '949552', '590862'),
(1217, 'B', '289314', '1', '971465', '04-2022-366', '339936', '597899', '289314', '949552', '667193'),
(1218, 'B', '289314', '1', '971465', '04-2022-366', '339936', '597899', '289314', '949552', '727063'),
(1219, 'B', '289314', '1', '971465', '04-2022-366', '339936', '597899', '289314', '949552', '727843'),
(1220, 'B', '289314', '1', '971465', '04-2022-366', '339936', '597899', '289314', '949552', '839219'),
(1221, 'B', '289314', '1', '971465', '04-2022-366', '339936', '597899', '289314', '949552', '875810'),
(1222, 'B', '289314', '1', '534316', '04-2022-466', '339936', '597899', '289314', '949552', '130622'),
(1223, 'B', '289314', '1', '534316', '04-2022-466', '339936', '597899', '289314', '949552', '240452'),
(1224, 'B', '289314', '1', '534316', '04-2022-466', '339936', '597899', '289314', '949552', '405337'),
(1225, 'B', '289314', '1', '534316', '04-2022-466', '339936', '597899', '289314', '949552', '465277'),
(1226, 'B', '289314', '1', '534316', '04-2022-466', '339936', '597899', '289314', '949552', '474820'),
(1227, 'B', '289314', '1', '534316', '04-2022-466', '339936', '597899', '289314', '949552', '590862'),
(1228, 'B', '289314', '1', '534316', '04-2022-466', '339936', '597899', '289314', '949552', '667193'),
(1229, 'B', '289314', '1', '534316', '04-2022-466', '339936', '597899', '289314', '949552', '727063'),
(1230, 'B', '289314', '1', '534316', '04-2022-466', '339936', '597899', '289314', '949552', '727843'),
(1231, 'B', '289314', '1', '534316', '04-2022-466', '339936', '597899', '289314', '949552', '839219'),
(1232, 'B', '289314', '1', '534316', '04-2022-466', '339936', '597899', '289314', '949552', '875810'),
(1233, 'B', '289314', '1', '573410', '04-2022-451', '339936', '597899', '289314', '949552', '130622'),
(1234, 'B', '289314', '1', '573410', '04-2022-451', '339936', '597899', '289314', '949552', '240452'),
(1235, 'B', '289314', '1', '573410', '04-2022-451', '339936', '597899', '289314', '949552', '405337'),
(1236, 'B', '289314', '1', '573410', '04-2022-451', '339936', '597899', '289314', '949552', '465277'),
(1237, 'B', '289314', '1', '573410', '04-2022-451', '339936', '597899', '289314', '949552', '474820'),
(1238, 'B', '289314', '1', '573410', '04-2022-451', '339936', '597899', '289314', '949552', '590862'),
(1239, 'B', '289314', '1', '573410', '04-2022-451', '339936', '597899', '289314', '949552', '667193'),
(1240, 'B', '289314', '1', '573410', '04-2022-451', '339936', '597899', '289314', '949552', '727063'),
(1241, 'B', '289314', '1', '573410', '04-2022-451', '339936', '597899', '289314', '949552', '727843'),
(1242, 'B', '289314', '1', '573410', '04-2022-451', '339936', '597899', '289314', '949552', '839219'),
(1243, 'B', '289314', '1', '573410', '04-2022-451', '339936', '597899', '289314', '949552', '875810'),
(1244, 'B', '289314', '1', '654357', '04-2022-352', '339936', '597899', '289314', '949552', '130622'),
(1245, 'B', '289314', '1', '654357', '04-2022-352', '339936', '597899', '289314', '949552', '240452'),
(1246, 'B', '289314', '1', '654357', '04-2022-352', '339936', '597899', '289314', '949552', '405337'),
(1247, 'B', '289314', '1', '654357', '04-2022-352', '339936', '597899', '289314', '949552', '465277'),
(1248, 'B', '289314', '1', '654357', '04-2022-352', '339936', '597899', '289314', '949552', '474820'),
(1249, 'B', '289314', '1', '654357', '04-2022-352', '339936', '597899', '289314', '949552', '590862'),
(1250, 'B', '289314', '1', '654357', '04-2022-352', '339936', '597899', '289314', '949552', '667193'),
(1251, 'B', '289314', '1', '654357', '04-2022-352', '339936', '597899', '289314', '949552', '727063'),
(1252, 'B', '289314', '1', '654357', '04-2022-352', '339936', '597899', '289314', '949552', '727843'),
(1253, 'B', '289314', '1', '654357', '04-2022-352', '339936', '597899', '289314', '949552', '839219'),
(1254, 'B', '289314', '1', '654357', '04-2022-352', '339936', '597899', '289314', '949552', '875810'),
(1255, 'A', '666322', '1', '473071', '03-2022-366', '339936', '866919', '666322', '425818', '101738'),
(1256, 'A', '666322', '1', '473071', '03-2022-366', '339936', '866919', '666322', '425818', '584012'),
(1257, 'A', '666322', '1', '988397', '03-2022-339', '339936', '866919', '666322', '425818', '101738'),
(1258, 'A', '666322', '1', '988397', '03-2022-339', '339936', '866919', '666322', '425818', '143382'),
(1259, 'A', '666322', '1', '988397', '03-2022-339', '339936', '866919', '666322', '425818', '267215'),
(1260, 'A', '666322', '1', '988397', '03-2022-339', '339936', '866919', '666322', '425818', '298729'),
(1261, 'A', '666322', '1', '988397', '03-2022-339', '339936', '866919', '666322', '425818', '485292'),
(1262, 'A', '666322', '1', '988397', '03-2022-339', '339936', '866919', '666322', '425818', '547621'),
(1263, 'A', '666322', '1', '988397', '03-2022-339', '339936', '866919', '666322', '425818', '584012'),
(1264, 'A', '666322', '1', '988397', '03-2022-339', '339936', '866919', '666322', '425818', '677116'),
(1265, 'A', '666322', '1', '988397', '03-2022-339', '339936', '866919', '666322', '425818', '948586'),
(1266, 'A', '666322', '1', '310879', '03-2022-341', '339936', '866919', '666322', '425818', '101738'),
(1267, 'A', '666322', '1', '310879', '03-2022-341', '339936', '866919', '666322', '425818', '143382'),
(1268, 'A', '666322', '1', '310879', '03-2022-341', '339936', '866919', '666322', '425818', '267215'),
(1269, 'A', '666322', '1', '310879', '03-2022-341', '339936', '866919', '666322', '425818', '298729'),
(1270, 'A', '666322', '1', '310879', '03-2022-341', '339936', '866919', '666322', '425818', '485292'),
(1271, 'A', '666322', '1', '310879', '03-2022-341', '339936', '866919', '666322', '425818', '547621'),
(1272, 'A', '666322', '1', '310879', '03-2022-341', '339936', '866919', '666322', '425818', '584012'),
(1273, 'A', '666322', '1', '310879', '03-2022-341', '339936', '866919', '666322', '425818', '677116'),
(1274, 'A', '666322', '1', '310879', '03-2022-341', '339936', '866919', '666322', '425818', '948586'),
(1275, 'A', '666322', '1', '351855', '03-2022-229', '339936', '866919', '666322', '425818', '101738'),
(1276, 'A', '666322', '1', '351855', '03-2022-229', '339936', '866919', '666322', '425818', '143382'),
(1277, 'A', '666322', '1', '351855', '03-2022-229', '339936', '866919', '666322', '425818', '267215'),
(1278, 'A', '666322', '1', '351855', '03-2022-229', '339936', '866919', '666322', '425818', '298729'),
(1279, 'A', '666322', '1', '351855', '03-2022-229', '339936', '866919', '666322', '425818', '485292'),
(1280, 'A', '666322', '1', '351855', '03-2022-229', '339936', '866919', '666322', '425818', '547621'),
(1281, 'A', '666322', '1', '351855', '03-2022-229', '339936', '866919', '666322', '425818', '584012'),
(1282, 'A', '666322', '1', '351855', '03-2022-229', '339936', '866919', '666322', '425818', '677116'),
(1283, 'A', '666322', '1', '351855', '03-2022-229', '339936', '866919', '666322', '425818', '948586'),
(1284, 'A', '666322', '1', '666591', '03-2022-389', '339936', '866919', '666322', '425818', '101738'),
(1285, 'A', '666322', '1', '666591', '03-2022-389', '339936', '866919', '666322', '425818', '143382'),
(1286, 'A', '666322', '1', '666591', '03-2022-389', '339936', '866919', '666322', '425818', '267215'),
(1287, 'A', '666322', '1', '666591', '03-2022-389', '339936', '866919', '666322', '425818', '298729'),
(1288, 'A', '666322', '1', '666591', '03-2022-389', '339936', '866919', '666322', '425818', '485292'),
(1289, 'A', '666322', '1', '666591', '03-2022-389', '339936', '866919', '666322', '425818', '547621'),
(1290, 'A', '666322', '1', '666591', '03-2022-389', '339936', '866919', '666322', '425818', '584012'),
(1291, 'A', '666322', '1', '666591', '03-2022-389', '339936', '866919', '666322', '425818', '677116'),
(1292, 'A', '666322', '1', '666591', '03-2022-389', '339936', '866919', '666322', '425818', '948586'),
(1302, 'A', '666322', '1', '943657', '03-2022-143', '339936', '866919', '666322', '425818', '101738'),
(1303, 'A', '666322', '1', '943657', '03-2022-143', '339936', '866919', '666322', '425818', '143382'),
(1304, 'A', '666322', '1', '943657', '03-2022-143', '339936', '866919', '666322', '425818', '267215'),
(1305, 'A', '666322', '1', '943657', '03-2022-143', '339936', '866919', '666322', '425818', '298729'),
(1306, 'A', '666322', '1', '943657', '03-2022-143', '339936', '866919', '666322', '425818', '485292'),
(1307, 'A', '666322', '1', '943657', '03-2022-143', '339936', '866919', '666322', '425818', '547621'),
(1308, 'A', '666322', '1', '943657', '03-2022-143', '339936', '866919', '666322', '425818', '584012'),
(1309, 'A', '666322', '1', '943657', '03-2022-143', '339936', '866919', '666322', '425818', '677116'),
(1310, 'A', '666322', '1', '943657', '03-2022-143', '339936', '866919', '666322', '425818', '948586'),
(1320, 'A', '666322', '1', '993236', '03-2022-276', '339936', '866919', '666322', '425818', '101738'),
(1321, 'A', '666322', '1', '993236', '03-2022-276', '339936', '866919', '666322', '425818', '143382'),
(1322, 'A', '666322', '1', '993236', '03-2022-276', '339936', '866919', '666322', '425818', '267215'),
(1323, 'A', '666322', '1', '993236', '03-2022-276', '339936', '866919', '666322', '425818', '298729'),
(1324, 'A', '666322', '1', '993236', '03-2022-276', '339936', '866919', '666322', '425818', '485292'),
(1325, 'A', '666322', '1', '993236', '03-2022-276', '339936', '866919', '666322', '425818', '547621'),
(1326, 'A', '666322', '1', '993236', '03-2022-276', '339936', '866919', '666322', '425818', '584012'),
(1327, 'A', '666322', '1', '993236', '03-2022-276', '339936', '866919', '666322', '425818', '677116'),
(1328, 'A', '666322', '1', '993236', '03-2022-276', '339936', '866919', '666322', '425818', '948586'),
(1347, 'A', '666322', '1', '468290', '03-2022-108', '339936', '866919', '666322', '425818', '101738'),
(1348, 'A', '666322', '1', '468290', '03-2022-108', '339936', '866919', '666322', '425818', '143382'),
(1349, 'A', '666322', '1', '468290', '03-2022-108', '339936', '866919', '666322', '425818', '267215'),
(1350, 'A', '666322', '1', '468290', '03-2022-108', '339936', '866919', '666322', '425818', '298729'),
(1351, 'A', '666322', '1', '468290', '03-2022-108', '339936', '866919', '666322', '425818', '485292'),
(1352, 'A', '666322', '1', '468290', '03-2022-108', '339936', '866919', '666322', '425818', '547621'),
(1353, 'A', '666322', '1', '468290', '03-2022-108', '339936', '866919', '666322', '425818', '584012'),
(1354, 'A', '666322', '1', '468290', '03-2022-108', '339936', '866919', '666322', '425818', '677116'),
(1355, 'A', '666322', '1', '468290', '03-2022-108', '339936', '866919', '666322', '425818', '948586'),
(1356, 'A', '666322', '1', '982183', '03-2022-498', '339936', '866919', '666322', '425818', '101738'),
(1357, 'A', '666322', '1', '982183', '03-2022-498', '339936', '866919', '666322', '425818', '143382'),
(1358, 'A', '666322', '1', '982183', '03-2022-498', '339936', '866919', '666322', '425818', '267215'),
(1359, 'A', '666322', '1', '982183', '03-2022-498', '339936', '866919', '666322', '425818', '298729'),
(1360, 'A', '666322', '1', '982183', '03-2022-498', '339936', '866919', '666322', '425818', '485292'),
(1361, 'A', '666322', '1', '982183', '03-2022-498', '339936', '866919', '666322', '425818', '547621'),
(1362, 'A', '666322', '1', '982183', '03-2022-498', '339936', '866919', '666322', '425818', '584012'),
(1363, 'A', '666322', '1', '982183', '03-2022-498', '339936', '866919', '666322', '425818', '677116'),
(1364, 'A', '666322', '1', '982183', '03-2022-498', '339936', '866919', '666322', '425818', '948586'),
(1374, 'A', '666322', '1', '700676', '03-2022-270', '339936', '866919', '666322', '425818', '101738'),
(1375, 'A', '666322', '1', '700676', '03-2022-270', '339936', '866919', '666322', '425818', '143382'),
(1376, 'A', '666322', '1', '700676', '03-2022-270', '339936', '866919', '666322', '425818', '267215'),
(1377, 'A', '666322', '1', '700676', '03-2022-270', '339936', '866919', '666322', '425818', '298729'),
(1378, 'A', '666322', '1', '700676', '03-2022-270', '339936', '866919', '666322', '425818', '485292'),
(1379, 'A', '666322', '1', '700676', '03-2022-270', '339936', '866919', '666322', '425818', '547621'),
(1380, 'A', '666322', '1', '700676', '03-2022-270', '339936', '866919', '666322', '425818', '584012'),
(1381, 'A', '666322', '1', '700676', '03-2022-270', '339936', '866919', '666322', '425818', '677116'),
(1382, 'A', '666322', '1', '700676', '03-2022-270', '339936', '866919', '666322', '425818', '948586'),
(1383, 'A', '666322', '1', '920191', '03-2022-419', '339936', '866919', '666322', '425818', '101738'),
(1384, 'A', '666322', '1', '920191', '03-2022-419', '339936', '866919', '666322', '425818', '143382'),
(1385, 'A', '666322', '1', '920191', '03-2022-419', '339936', '866919', '666322', '425818', '267215'),
(1386, 'A', '666322', '1', '920191', '03-2022-419', '339936', '866919', '666322', '425818', '298729'),
(1387, 'A', '666322', '1', '920191', '03-2022-419', '339936', '866919', '666322', '425818', '485292'),
(1388, 'A', '666322', '1', '920191', '03-2022-419', '339936', '866919', '666322', '425818', '547621'),
(1389, 'A', '666322', '1', '920191', '03-2022-419', '339936', '866919', '666322', '425818', '584012'),
(1390, 'A', '666322', '1', '920191', '03-2022-419', '339936', '866919', '666322', '425818', '677116'),
(1391, 'A', '666322', '1', '920191', '03-2022-419', '339936', '866919', '666322', '425818', '948586'),
(1410, 'A', '666322', '1', '916703', '03-2022-113', '339936', '866919', '666322', '425818', '101738'),
(1411, 'A', '666322', '1', '916703', '03-2022-113', '339936', '866919', '666322', '425818', '143382'),
(1412, 'A', '666322', '1', '916703', '03-2022-113', '339936', '866919', '666322', '425818', '267215'),
(1413, 'A', '666322', '1', '916703', '03-2022-113', '339936', '866919', '666322', '425818', '298729'),
(1414, 'A', '666322', '1', '916703', '03-2022-113', '339936', '866919', '666322', '425818', '485292'),
(1415, 'A', '666322', '1', '916703', '03-2022-113', '339936', '866919', '666322', '425818', '547621'),
(1416, 'A', '666322', '1', '916703', '03-2022-113', '339936', '866919', '666322', '425818', '584012'),
(1417, 'A', '666322', '1', '916703', '03-2022-113', '339936', '866919', '666322', '425818', '677116'),
(1418, 'A', '666322', '1', '916703', '03-2022-113', '339936', '866919', '666322', '425818', '948586'),
(1428, 'B', '666322', '1', '830590', '03-2022-149', '339936', '866919', '666322', '425818', '101738'),
(1429, 'B', '666322', '1', '830590', '03-2022-149', '339936', '866919', '666322', '425818', '143382'),
(1430, 'B', '666322', '1', '830590', '03-2022-149', '339936', '866919', '666322', '425818', '267215'),
(1431, 'B', '666322', '1', '830590', '03-2022-149', '339936', '866919', '666322', '425818', '298729'),
(1432, 'B', '666322', '1', '830590', '03-2022-149', '339936', '866919', '666322', '425818', '485292'),
(1433, 'B', '666322', '1', '830590', '03-2022-149', '339936', '866919', '666322', '425818', '547621'),
(1434, 'B', '666322', '1', '830590', '03-2022-149', '339936', '866919', '666322', '425818', '584012'),
(1435, 'B', '666322', '1', '830590', '03-2022-149', '339936', '866919', '666322', '425818', '677116'),
(1436, 'B', '666322', '1', '830590', '03-2022-149', '339936', '866919', '666322', '425818', '948586'),
(1455, 'B', '666322', '1', '401165', '03-2022-176', '339936', '866919', '666322', '425818', '101738'),
(1456, 'B', '666322', '1', '401165', '03-2022-176', '339936', '866919', '666322', '425818', '143382'),
(1457, 'B', '666322', '1', '401165', '03-2022-176', '339936', '866919', '666322', '425818', '267215'),
(1458, 'B', '666322', '1', '401165', '03-2022-176', '339936', '866919', '666322', '425818', '298729'),
(1459, 'B', '666322', '1', '401165', '03-2022-176', '339936', '866919', '666322', '425818', '485292'),
(1460, 'B', '666322', '1', '401165', '03-2022-176', '339936', '866919', '666322', '425818', '547621'),
(1461, 'B', '666322', '1', '401165', '03-2022-176', '339936', '866919', '666322', '425818', '584012'),
(1462, 'B', '666322', '1', '401165', '03-2022-176', '339936', '866919', '666322', '425818', '677116'),
(1463, 'B', '666322', '1', '401165', '03-2022-176', '339936', '866919', '666322', '425818', '948586'),
(1464, 'B', '666322', '1', '963641', '03-2022-104', '339936', '866919', '666322', '425818', '101738'),
(1465, 'B', '666322', '1', '963641', '03-2022-104', '339936', '866919', '666322', '425818', '143382'),
(1466, 'B', '666322', '1', '963641', '03-2022-104', '339936', '866919', '666322', '425818', '267215'),
(1467, 'B', '666322', '1', '963641', '03-2022-104', '339936', '866919', '666322', '425818', '298729'),
(1468, 'B', '666322', '1', '963641', '03-2022-104', '339936', '866919', '666322', '425818', '485292'),
(1469, 'B', '666322', '1', '963641', '03-2022-104', '339936', '866919', '666322', '425818', '547621'),
(1470, 'B', '666322', '1', '963641', '03-2022-104', '339936', '866919', '666322', '425818', '584012'),
(1471, 'B', '666322', '1', '963641', '03-2022-104', '339936', '866919', '666322', '425818', '677116'),
(1472, 'B', '666322', '1', '963641', '03-2022-104', '339936', '866919', '666322', '425818', '948586'),
(1482, 'B', '666322', '1', '389966', '03-2022-255', '339936', '866919', '666322', '425818', '101738'),
(1483, 'B', '666322', '1', '389966', '03-2022-255', '339936', '866919', '666322', '425818', '143382'),
(1484, 'B', '666322', '1', '389966', '03-2022-255', '339936', '866919', '666322', '425818', '267215'),
(1485, 'B', '666322', '1', '389966', '03-2022-255', '339936', '866919', '666322', '425818', '298729'),
(1486, 'B', '666322', '1', '389966', '03-2022-255', '339936', '866919', '666322', '425818', '485292'),
(1487, 'B', '666322', '1', '389966', '03-2022-255', '339936', '866919', '666322', '425818', '547621'),
(1488, 'B', '666322', '1', '389966', '03-2022-255', '339936', '866919', '666322', '425818', '584012'),
(1489, 'B', '666322', '1', '389966', '03-2022-255', '339936', '866919', '666322', '425818', '677116'),
(1490, 'B', '666322', '1', '389966', '03-2022-255', '339936', '866919', '666322', '425818', '948586'),
(1518, 'B', '666322', '1', '743870', '03-2022-312', '339936', '866919', '666322', '425818', '101738'),
(1519, 'B', '666322', '1', '743870', '03-2022-312', '339936', '866919', '666322', '425818', '143382'),
(1520, 'B', '666322', '1', '743870', '03-2022-312', '339936', '866919', '666322', '425818', '267215'),
(1521, 'B', '666322', '1', '743870', '03-2022-312', '339936', '866919', '666322', '425818', '298729'),
(1522, 'B', '666322', '1', '743870', '03-2022-312', '339936', '866919', '666322', '425818', '485292'),
(1523, 'B', '666322', '1', '743870', '03-2022-312', '339936', '866919', '666322', '425818', '547621'),
(1524, 'B', '666322', '1', '743870', '03-2022-312', '339936', '866919', '666322', '425818', '584012'),
(1525, 'B', '666322', '1', '743870', '03-2022-312', '339936', '866919', '666322', '425818', '677116'),
(1526, 'B', '666322', '1', '743870', '03-2022-312', '339936', '866919', '666322', '425818', '948586'),
(1527, 'B', '666322', '1', '924454', '03-2022-487', '339936', '866919', '666322', '425818', '101738'),
(1528, 'B', '666322', '1', '924454', '03-2022-487', '339936', '866919', '666322', '425818', '143382'),
(1529, 'B', '666322', '1', '924454', '03-2022-487', '339936', '866919', '666322', '425818', '267215'),
(1530, 'B', '666322', '1', '924454', '03-2022-487', '339936', '866919', '666322', '425818', '298729'),
(1531, 'B', '666322', '1', '924454', '03-2022-487', '339936', '866919', '666322', '425818', '485292'),
(1532, 'B', '666322', '1', '924454', '03-2022-487', '339936', '866919', '666322', '425818', '547621'),
(1533, 'B', '666322', '1', '924454', '03-2022-487', '339936', '866919', '666322', '425818', '584012'),
(1534, 'B', '666322', '1', '924454', '03-2022-487', '339936', '866919', '666322', '425818', '677116'),
(1535, 'B', '666322', '1', '924454', '03-2022-487', '339936', '866919', '666322', '425818', '948586'),
(1536, 'B', '666322', '1', '505780', '03-2022-216', '339936', '866919', '666322', '425818', '101738'),
(1537, 'B', '666322', '1', '505780', '03-2022-216', '339936', '866919', '666322', '425818', '143382'),
(1538, 'B', '666322', '1', '505780', '03-2022-216', '339936', '866919', '666322', '425818', '267215'),
(1539, 'B', '666322', '1', '505780', '03-2022-216', '339936', '866919', '666322', '425818', '298729'),
(1540, 'B', '666322', '1', '505780', '03-2022-216', '339936', '866919', '666322', '425818', '485292'),
(1541, 'B', '666322', '1', '505780', '03-2022-216', '339936', '866919', '666322', '425818', '547621'),
(1542, 'B', '666322', '1', '505780', '03-2022-216', '339936', '866919', '666322', '425818', '584012'),
(1543, 'B', '666322', '1', '505780', '03-2022-216', '339936', '866919', '666322', '425818', '677116'),
(1544, 'B', '666322', '1', '505780', '03-2022-216', '339936', '866919', '666322', '425818', '948586'),
(1545, 'B', '666322', '1', '239917', '03-2022-495', '339936', '866919', '666322', '425818', '101738'),
(1546, 'B', '666322', '1', '239917', '03-2022-495', '339936', '866919', '666322', '425818', '143382'),
(1547, 'B', '666322', '1', '239917', '03-2022-495', '339936', '866919', '666322', '425818', '267215'),
(1548, 'B', '666322', '1', '239917', '03-2022-495', '339936', '866919', '666322', '425818', '298729'),
(1549, 'B', '666322', '1', '239917', '03-2022-495', '339936', '866919', '666322', '425818', '485292'),
(1550, 'B', '666322', '1', '239917', '03-2022-495', '339936', '866919', '666322', '425818', '547621'),
(1551, 'B', '666322', '1', '239917', '03-2022-495', '339936', '866919', '666322', '425818', '584012'),
(1552, 'B', '666322', '1', '239917', '03-2022-495', '339936', '866919', '666322', '425818', '677116'),
(1553, 'B', '666322', '1', '239917', '03-2022-495', '339936', '866919', '666322', '425818', '948586'),
(1563, 'B', '666322', '1', '260674', '03-2022-215', '339936', '866919', '666322', '425818', '101738'),
(1564, 'B', '666322', '1', '260674', '03-2022-215', '339936', '866919', '666322', '425818', '143382'),
(1565, 'B', '666322', '1', '260674', '03-2022-215', '339936', '866919', '666322', '425818', '267215'),
(1566, 'B', '666322', '1', '260674', '03-2022-215', '339936', '866919', '666322', '425818', '298729'),
(1567, 'B', '666322', '1', '260674', '03-2022-215', '339936', '866919', '666322', '425818', '485292'),
(1568, 'B', '666322', '1', '260674', '03-2022-215', '339936', '866919', '666322', '425818', '547621'),
(1569, 'B', '666322', '1', '260674', '03-2022-215', '339936', '866919', '666322', '425818', '584012'),
(1570, 'B', '666322', '1', '260674', '03-2022-215', '339936', '866919', '666322', '425818', '677116'),
(1571, 'B', '666322', '1', '260674', '03-2022-215', '339936', '866919', '666322', '425818', '948586'),
(1581, 'B', '666322', '1', '841161', '03-2022-303', '339936', '866919', '666322', '425818', '101738'),
(1582, 'B', '666322', '1', '841161', '03-2022-303', '339936', '866919', '666322', '425818', '143382'),
(1583, 'B', '666322', '1', '841161', '03-2022-303', '339936', '866919', '666322', '425818', '267215'),
(1584, 'B', '666322', '1', '841161', '03-2022-303', '339936', '866919', '666322', '425818', '298729'),
(1585, 'B', '666322', '1', '841161', '03-2022-303', '339936', '866919', '666322', '425818', '485292'),
(1586, 'B', '666322', '1', '841161', '03-2022-303', '339936', '866919', '666322', '425818', '547621'),
(1587, 'B', '666322', '1', '841161', '03-2022-303', '339936', '866919', '666322', '425818', '584012'),
(1588, 'B', '666322', '1', '841161', '03-2022-303', '339936', '866919', '666322', '425818', '677116'),
(1589, 'B', '666322', '1', '841161', '03-2022-303', '339936', '866919', '666322', '425818', '948586'),
(1590, 'B', '666322', '1', '340084', '03-2022-298', '339936', '866919', '666322', '425818', '101738'),
(1591, 'B', '666322', '1', '340084', '03-2022-298', '339936', '866919', '666322', '425818', '143382'),
(1592, 'B', '666322', '1', '340084', '03-2022-298', '339936', '866919', '666322', '425818', '267215'),
(1593, 'B', '666322', '1', '340084', '03-2022-298', '339936', '866919', '666322', '425818', '298729'),
(1594, 'B', '666322', '1', '340084', '03-2022-298', '339936', '866919', '666322', '425818', '485292'),
(1595, 'B', '666322', '1', '340084', '03-2022-298', '339936', '866919', '666322', '425818', '547621'),
(1596, 'B', '666322', '1', '340084', '03-2022-298', '339936', '866919', '666322', '425818', '584012'),
(1597, 'B', '666322', '1', '340084', '03-2022-298', '339936', '866919', '666322', '425818', '677116'),
(1598, 'B', '666322', '1', '340084', '03-2022-298', '339936', '866919', '666322', '425818', '948586'),
(1599, 'B', '666322', '1', '294137', '03-2022-329', '339936', '866919', '666322', '425818', '101738'),
(1600, 'B', '666322', '1', '294137', '03-2022-329', '339936', '866919', '666322', '425818', '143382'),
(1601, 'B', '666322', '1', '294137', '03-2022-329', '339936', '866919', '666322', '425818', '267215'),
(1602, 'B', '666322', '1', '294137', '03-2022-329', '339936', '866919', '666322', '425818', '298729'),
(1603, 'B', '666322', '1', '294137', '03-2022-329', '339936', '866919', '666322', '425818', '485292'),
(1604, 'B', '666322', '1', '294137', '03-2022-329', '339936', '866919', '666322', '425818', '547621'),
(1605, 'B', '666322', '1', '294137', '03-2022-329', '339936', '866919', '666322', '425818', '584012'),
(1606, 'B', '666322', '1', '294137', '03-2022-329', '339936', '866919', '666322', '425818', '677116'),
(1607, 'B', '666322', '1', '294137', '03-2022-329', '339936', '866919', '666322', '425818', '948586'),
(1612, 'B', '548953', '1', '705784', '23-2022-485', '339936', '331466', '548953', '235533', '834165'),
(1614, 'A', '548953', '1', '705784', '23-2022-485', '339936', '331466', '548953', '235533', '933924'),
(1615, 'A', '548953', '1', '705784', '23-2022-485', '339936', '331466', '548953', '235533', '948667'),
(1616, 'C', '666322', '1', '168098', '03-2022-234', '339936', '866919', '666322', '425818', '101738'),
(1617, 'C', '666322', '1', '168098', '03-2022-234', '339936', '866919', '666322', '425818', '143382'),
(1618, 'C', '666322', '1', '168098', '03-2022-234', '339936', '866919', '666322', '425818', '267215'),
(1619, 'C', '666322', '1', '168098', '03-2022-234', '339936', '866919', '666322', '425818', '298729'),
(1620, 'C', '666322', '1', '168098', '03-2022-234', '339936', '866919', '666322', '425818', '485292'),
(1621, 'C', '666322', '1', '168098', '03-2022-234', '339936', '866919', '666322', '425818', '547621'),
(1622, 'C', '666322', '1', '168098', '03-2022-234', '339936', '866919', '666322', '425818', '584012'),
(1623, 'C', '666322', '1', '168098', '03-2022-234', '339936', '866919', '666322', '425818', '677116'),
(1624, 'C', '666322', '1', '168098', '03-2022-234', '339936', '866919', '666322', '425818', '948586'),
(1625, 'C', '666322', '1', '886754', '03-2022-465', '339936', '866919', '666322', '425818', '101738'),
(1626, 'C', '666322', '1', '886754', '03-2022-465', '339936', '866919', '666322', '425818', '143382'),
(1627, 'C', '666322', '1', '886754', '03-2022-465', '339936', '866919', '666322', '425818', '267215'),
(1628, 'C', '666322', '1', '886754', '03-2022-465', '339936', '866919', '666322', '425818', '298729'),
(1629, 'C', '666322', '1', '886754', '03-2022-465', '339936', '866919', '666322', '425818', '485292'),
(1630, 'C', '666322', '1', '886754', '03-2022-465', '339936', '866919', '666322', '425818', '547621'),
(1631, 'C', '666322', '1', '886754', '03-2022-465', '339936', '866919', '666322', '425818', '584012'),
(1632, 'C', '666322', '1', '886754', '03-2022-465', '339936', '866919', '666322', '425818', '677116'),
(1633, 'C', '666322', '1', '886754', '03-2022-465', '339936', '866919', '666322', '425818', '948586'),
(1634, 'C', '666322', '1', '140589', '03-2022-265', '339936', '866919', '666322', '425818', '101738'),
(1635, 'C', '666322', '1', '140589', '03-2022-265', '339936', '866919', '666322', '425818', '143382'),
(1636, 'C', '666322', '1', '140589', '03-2022-265', '339936', '866919', '666322', '425818', '267215'),
(1637, 'C', '666322', '1', '140589', '03-2022-265', '339936', '866919', '666322', '425818', '298729'),
(1638, 'C', '666322', '1', '140589', '03-2022-265', '339936', '866919', '666322', '425818', '485292'),
(1639, 'C', '666322', '1', '140589', '03-2022-265', '339936', '866919', '666322', '425818', '547621'),
(1640, 'C', '666322', '1', '140589', '03-2022-265', '339936', '866919', '666322', '425818', '584012'),
(1641, 'C', '666322', '1', '140589', '03-2022-265', '339936', '866919', '666322', '425818', '677116'),
(1642, 'C', '666322', '1', '140589', '03-2022-265', '339936', '866919', '666322', '425818', '948586'),
(1670, 'C', '666322', '1', '102283', '03-2022-473', '339936', '866919', '666322', '425818', '101738'),
(1671, 'C', '666322', '1', '102283', '03-2022-473', '339936', '866919', '666322', '425818', '143382'),
(1672, 'C', '666322', '1', '102283', '03-2022-473', '339936', '866919', '666322', '425818', '267215'),
(1673, 'C', '666322', '1', '102283', '03-2022-473', '339936', '866919', '666322', '425818', '298729'),
(1674, 'C', '666322', '1', '102283', '03-2022-473', '339936', '866919', '666322', '425818', '485292');
INSERT INTO `student_subject_load` (`student_subject_load_id`, `student_subject_section`, `student_subject_section_course`, `student_subject_section_year`, `enrollment_id`, `student_id`, `academic_id`, `curriculum_id`, `program_id`, `department_id`, `subject_id`) VALUES
(1675, 'C', '666322', '1', '102283', '03-2022-473', '339936', '866919', '666322', '425818', '547621'),
(1676, 'C', '666322', '1', '102283', '03-2022-473', '339936', '866919', '666322', '425818', '584012'),
(1677, 'C', '666322', '1', '102283', '03-2022-473', '339936', '866919', '666322', '425818', '677116'),
(1678, 'C', '666322', '1', '102283', '03-2022-473', '339936', '866919', '666322', '425818', '948586'),
(1679, 'C', '666322', '1', '194815', '03-2022-459', '339936', '866919', '666322', '425818', '101738'),
(1680, 'C', '666322', '1', '194815', '03-2022-459', '339936', '866919', '666322', '425818', '143382'),
(1681, 'C', '666322', '1', '194815', '03-2022-459', '339936', '866919', '666322', '425818', '267215'),
(1682, 'C', '666322', '1', '194815', '03-2022-459', '339936', '866919', '666322', '425818', '298729'),
(1683, 'C', '666322', '1', '194815', '03-2022-459', '339936', '866919', '666322', '425818', '485292'),
(1684, 'C', '666322', '1', '194815', '03-2022-459', '339936', '866919', '666322', '425818', '547621'),
(1685, 'C', '666322', '1', '194815', '03-2022-459', '339936', '866919', '666322', '425818', '584012'),
(1686, 'C', '666322', '1', '194815', '03-2022-459', '339936', '866919', '666322', '425818', '677116'),
(1687, 'C', '666322', '1', '194815', '03-2022-459', '339936', '866919', '666322', '425818', '948586'),
(1688, 'C', '666322', '1', '186827', '03-2022-488', '339936', '866919', '666322', '425818', '101738'),
(1689, 'C', '666322', '1', '186827', '03-2022-488', '339936', '866919', '666322', '425818', '143382'),
(1690, 'C', '666322', '1', '186827', '03-2022-488', '339936', '866919', '666322', '425818', '267215'),
(1691, 'C', '666322', '1', '186827', '03-2022-488', '339936', '866919', '666322', '425818', '298729'),
(1692, 'C', '666322', '1', '186827', '03-2022-488', '339936', '866919', '666322', '425818', '485292'),
(1693, 'C', '666322', '1', '186827', '03-2022-488', '339936', '866919', '666322', '425818', '547621'),
(1694, 'C', '666322', '1', '186827', '03-2022-488', '339936', '866919', '666322', '425818', '584012'),
(1695, 'C', '666322', '1', '186827', '03-2022-488', '339936', '866919', '666322', '425818', '677116'),
(1696, 'C', '666322', '1', '186827', '03-2022-488', '339936', '866919', '666322', '425818', '948586'),
(1697, 'C', '666322', '1', '870561', '03-2022-203', '339936', '866919', '666322', '425818', '101738'),
(1698, 'C', '666322', '1', '870561', '03-2022-203', '339936', '866919', '666322', '425818', '143382'),
(1699, 'C', '666322', '1', '870561', '03-2022-203', '339936', '866919', '666322', '425818', '267215'),
(1700, 'C', '666322', '1', '870561', '03-2022-203', '339936', '866919', '666322', '425818', '298729'),
(1701, 'C', '666322', '1', '870561', '03-2022-203', '339936', '866919', '666322', '425818', '485292'),
(1702, 'C', '666322', '1', '870561', '03-2022-203', '339936', '866919', '666322', '425818', '547621'),
(1703, 'C', '666322', '1', '870561', '03-2022-203', '339936', '866919', '666322', '425818', '584012'),
(1704, 'C', '666322', '1', '870561', '03-2022-203', '339936', '866919', '666322', '425818', '677116'),
(1705, 'C', '666322', '1', '870561', '03-2022-203', '339936', '866919', '666322', '425818', '948586'),
(1724, 'C', '666322', '1', '106148', '03-2022-100', '339936', '866919', '666322', '425818', '101738'),
(1725, 'C', '666322', '1', '106148', '03-2022-100', '339936', '866919', '666322', '425818', '143382'),
(1726, 'C', '666322', '1', '106148', '03-2022-100', '339936', '866919', '666322', '425818', '267215'),
(1727, 'C', '666322', '1', '106148', '03-2022-100', '339936', '866919', '666322', '425818', '298729'),
(1728, 'C', '666322', '1', '106148', '03-2022-100', '339936', '866919', '666322', '425818', '485292'),
(1729, 'C', '666322', '1', '106148', '03-2022-100', '339936', '866919', '666322', '425818', '547621'),
(1730, 'C', '666322', '1', '106148', '03-2022-100', '339936', '866919', '666322', '425818', '584012'),
(1731, 'C', '666322', '1', '106148', '03-2022-100', '339936', '866919', '666322', '425818', '677116'),
(1732, 'C', '666322', '1', '106148', '03-2022-100', '339936', '866919', '666322', '425818', '948586'),
(1733, 'C', '666322', '1', '242972', '03-2022-421', '339936', '866919', '666322', '425818', '101738'),
(1734, 'C', '666322', '1', '242972', '03-2022-421', '339936', '866919', '666322', '425818', '143382'),
(1735, 'C', '666322', '1', '242972', '03-2022-421', '339936', '866919', '666322', '425818', '267215'),
(1736, 'C', '666322', '1', '242972', '03-2022-421', '339936', '866919', '666322', '425818', '298729'),
(1737, 'C', '666322', '1', '242972', '03-2022-421', '339936', '866919', '666322', '425818', '485292'),
(1738, 'C', '666322', '1', '242972', '03-2022-421', '339936', '866919', '666322', '425818', '547621'),
(1739, 'C', '666322', '1', '242972', '03-2022-421', '339936', '866919', '666322', '425818', '584012'),
(1740, 'C', '666322', '1', '242972', '03-2022-421', '339936', '866919', '666322', '425818', '677116'),
(1741, 'C', '666322', '1', '242972', '03-2022-421', '339936', '866919', '666322', '425818', '948586'),
(1751, 'C', '666322', '1', '608471', '03-2022-301', '339936', '866919', '666322', '425818', '101738'),
(1752, 'C', '666322', '1', '608471', '03-2022-301', '339936', '866919', '666322', '425818', '143382'),
(1753, 'C', '666322', '1', '608471', '03-2022-301', '339936', '866919', '666322', '425818', '267215'),
(1754, 'C', '666322', '1', '608471', '03-2022-301', '339936', '866919', '666322', '425818', '298729'),
(1755, 'C', '666322', '1', '608471', '03-2022-301', '339936', '866919', '666322', '425818', '485292'),
(1756, 'C', '666322', '1', '608471', '03-2022-301', '339936', '866919', '666322', '425818', '547621'),
(1757, 'C', '666322', '1', '608471', '03-2022-301', '339936', '866919', '666322', '425818', '584012'),
(1758, 'C', '666322', '1', '608471', '03-2022-301', '339936', '866919', '666322', '425818', '677116'),
(1759, 'C', '666322', '1', '608471', '03-2022-301', '339936', '866919', '666322', '425818', '948586'),
(1760, 'C', '666322', '1', '784692', '03-2022-414', '339936', '866919', '666322', '425818', '101738'),
(1761, 'C', '666322', '1', '784692', '03-2022-414', '339936', '866919', '666322', '425818', '143382'),
(1762, 'C', '666322', '1', '784692', '03-2022-414', '339936', '866919', '666322', '425818', '267215'),
(1763, 'C', '666322', '1', '784692', '03-2022-414', '339936', '866919', '666322', '425818', '298729'),
(1764, 'C', '666322', '1', '784692', '03-2022-414', '339936', '866919', '666322', '425818', '485292'),
(1765, 'C', '666322', '1', '784692', '03-2022-414', '339936', '866919', '666322', '425818', '547621'),
(1766, 'C', '666322', '1', '784692', '03-2022-414', '339936', '866919', '666322', '425818', '584012'),
(1767, 'C', '666322', '1', '784692', '03-2022-414', '339936', '866919', '666322', '425818', '677116'),
(1768, 'C', '666322', '1', '784692', '03-2022-414', '339936', '866919', '666322', '425818', '948586'),
(1769, 'C', '666322', '1', '209355', '03-2022-145', '339936', '866919', '666322', '425818', '101738'),
(1770, 'C', '666322', '1', '209355', '03-2022-145', '339936', '866919', '666322', '425818', '143382'),
(1771, 'C', '666322', '1', '209355', '03-2022-145', '339936', '866919', '666322', '425818', '267215'),
(1772, 'C', '666322', '1', '209355', '03-2022-145', '339936', '866919', '666322', '425818', '298729'),
(1773, 'C', '666322', '1', '209355', '03-2022-145', '339936', '866919', '666322', '425818', '485292'),
(1774, 'C', '666322', '1', '209355', '03-2022-145', '339936', '866919', '666322', '425818', '547621'),
(1775, 'C', '666322', '1', '209355', '03-2022-145', '339936', '866919', '666322', '425818', '584012'),
(1776, 'C', '666322', '1', '209355', '03-2022-145', '339936', '866919', '666322', '425818', '677116'),
(1777, 'C', '666322', '1', '209355', '03-2022-145', '339936', '866919', '666322', '425818', '948586'),
(1778, 'C', '666322', '1', '215213', '03-2022-423', '339936', '866919', '666322', '425818', '101738'),
(1779, 'C', '666322', '1', '215213', '03-2022-423', '339936', '866919', '666322', '425818', '143382'),
(1780, 'C', '666322', '1', '215213', '03-2022-423', '339936', '866919', '666322', '425818', '267215'),
(1781, 'C', '666322', '1', '215213', '03-2022-423', '339936', '866919', '666322', '425818', '298729'),
(1782, 'C', '666322', '1', '215213', '03-2022-423', '339936', '866919', '666322', '425818', '485292'),
(1783, 'C', '666322', '1', '215213', '03-2022-423', '339936', '866919', '666322', '425818', '547621'),
(1784, 'C', '666322', '1', '215213', '03-2022-423', '339936', '866919', '666322', '425818', '584012'),
(1785, 'C', '666322', '1', '215213', '03-2022-423', '339936', '866919', '666322', '425818', '677116'),
(1786, 'C', '666322', '1', '215213', '03-2022-423', '339936', '866919', '666322', '425818', '948586'),
(1796, 'A', '937459', '1', '691646', '03-2022-387', '339936', '411952', '937459', '425818', '320651'),
(1797, 'A', '937459', '1', '691646', '03-2022-387', '339936', '411952', '937459', '425818', '413008'),
(1798, 'A', '937459', '1', '691646', '03-2022-387', '339936', '411952', '937459', '425818', '502246'),
(1799, 'A', '937459', '1', '691646', '03-2022-387', '339936', '411952', '937459', '425818', '525940'),
(1800, 'A', '937459', '1', '691646', '03-2022-387', '339936', '411952', '937459', '425818', '666522'),
(1801, 'A', '937459', '1', '691646', '03-2022-387', '339936', '411952', '937459', '425818', '746437'),
(1802, 'A', '937459', '1', '691646', '03-2022-387', '339936', '411952', '937459', '425818', '905200'),
(1803, 'A', '937459', '1', '691646', '03-2022-387', '339936', '411952', '937459', '425818', '965454'),
(1804, 'A', '937459', '1', '691646', '03-2022-387', '339936', '411952', '937459', '425818', '978559'),
(1806, 'A', '937459', '1', '347281', '03-2022-260', '339936', '411952', '937459', '425818', '413008'),
(1807, 'A', '937459', '1', '347281', '03-2022-260', '339936', '411952', '937459', '425818', '502246'),
(1808, 'A', '937459', '1', '347281', '03-2022-260', '339936', '411952', '937459', '425818', '525940'),
(1809, 'A', '937459', '1', '347281', '03-2022-260', '339936', '411952', '937459', '425818', '666522'),
(1810, 'A', '937459', '1', '347281', '03-2022-260', '339936', '411952', '937459', '425818', '746437'),
(1811, 'A', '937459', '1', '347281', '03-2022-260', '339936', '411952', '937459', '425818', '905200'),
(1812, 'A', '937459', '1', '347281', '03-2022-260', '339936', '411952', '937459', '425818', '965454'),
(1813, 'A', '937459', '1', '347281', '03-2022-260', '339936', '411952', '937459', '425818', '978559'),
(1814, 'A', '937459', '1', '347281', '03-2022-260', '339936', '411952', '937459', '425818', '320651'),
(1815, 'A', '937459', '1', '734705', '03-2022-386', '339936', '411952', '937459', '425818', '320651'),
(1816, 'A', '937459', '1', '734705', '03-2022-386', '339936', '411952', '937459', '425818', '413008'),
(1817, 'A', '937459', '1', '734705', '03-2022-386', '339936', '411952', '937459', '425818', '502246'),
(1818, 'A', '937459', '1', '734705', '03-2022-386', '339936', '411952', '937459', '425818', '525940'),
(1819, 'A', '937459', '1', '734705', '03-2022-386', '339936', '411952', '937459', '425818', '666522'),
(1820, 'A', '937459', '1', '734705', '03-2022-386', '339936', '411952', '937459', '425818', '746437'),
(1821, 'A', '937459', '1', '734705', '03-2022-386', '339936', '411952', '937459', '425818', '905200'),
(1822, 'A', '937459', '1', '734705', '03-2022-386', '339936', '411952', '937459', '425818', '965454'),
(1823, 'A', '937459', '1', '734705', '03-2022-386', '339936', '411952', '937459', '425818', '978559'),
(1825, 'A', '666322', '2', '496116', '27-2022-403', '339936', '866919', '666322', '425818', '516636'),
(1826, 'A', '666322', '2', '496116', '27-2022-403', '339936', '866919', '666322', '425818', '520805'),
(1827, 'A', '666322', '2', '496116', '27-2022-403', '339936', '866919', '666322', '425818', '294512'),
(1828, 'A', '666322', '2', '496116', '27-2022-403', '339936', '866919', '666322', '425818', '495102'),
(1829, 'A', '666322', '2', '496116', '27-2022-403', '339936', '866919', '666322', '425818', '590390'),
(1830, 'A', '666322', '2', '496116', '27-2022-403', '339936', '866919', '666322', '425818', '652550'),
(1831, 'A', '666322', '2', '496116', '27-2022-403', '339936', '866919', '666322', '425818', '681180'),
(1832, 'A', '666322', '2', '496116', '27-2022-403', '339936', '866919', '666322', '425818', '789117'),
(1833, 'A', '666322', '2', '496116', '27-2022-403', '339936', '866919', '666322', '425818', '952841'),
(1834, 'D', '937459', '1', '999366', '03-2022-207', '339936', '411952', '937459', '425818', '320651'),
(1835, 'D', '937459', '1', '999366', '03-2022-207', '339936', '411952', '937459', '425818', '413008'),
(1836, 'D', '937459', '1', '999366', '03-2022-207', '339936', '411952', '937459', '425818', '502246'),
(1837, 'D', '937459', '1', '999366', '03-2022-207', '339936', '411952', '937459', '425818', '525940'),
(1838, 'D', '937459', '1', '999366', '03-2022-207', '339936', '411952', '937459', '425818', '666522'),
(1839, 'D', '937459', '1', '999366', '03-2022-207', '339936', '411952', '937459', '425818', '746437'),
(1840, 'D', '937459', '1', '999366', '03-2022-207', '339936', '411952', '937459', '425818', '905200'),
(1841, 'D', '937459', '1', '999366', '03-2022-207', '339936', '411952', '937459', '425818', '965454'),
(1842, 'D', '937459', '1', '999366', '03-2022-207', '339936', '411952', '937459', '425818', '978559'),
(1844, 'A', '548953', '1', '705784', '23-2022-485', '339936', '331466', '548953', '235533', '600550'),
(1853, 'A', '548953', '1', '705784', '23-2022-485', '339936', '331466', '548953', '235533', '700885'),
(1854, 'A', '548953', '1', '571974', '11-2022-319', '339936', '331466', '548953', '235533', '282576'),
(1855, 'A', '548953', '1', '571974', '11-2022-319', '339936', '331466', '548953', '235533', '485882'),
(1856, 'A', '548953', '1', '571974', '11-2022-319', '339936', '331466', '548953', '235533', '600550'),
(1857, 'A', '548953', '1', '571974', '11-2022-319', '339936', '331466', '548953', '235533', '610492'),
(1858, 'A', '548953', '1', '571974', '11-2022-319', '339936', '331466', '548953', '235533', '700885'),
(1859, 'A', '548953', '1', '571974', '11-2022-319', '339936', '331466', '548953', '235533', '834165'),
(1860, 'A', '548953', '1', '571974', '11-2022-319', '339936', '331466', '548953', '235533', '855295'),
(1861, 'A', '548953', '1', '571974', '11-2022-319', '339936', '331466', '548953', '235533', '933924'),
(1862, 'A', '548953', '1', '571974', '11-2022-319', '339936', '331466', '548953', '235533', '948667'),
(1863, 'A', '548953', '1', '495140', '11-2022-127', '339936', '331466', '548953', '235533', '834165'),
(1864, 'A', '548953', '1', '495140', '11-2022-127', '339936', '331466', '548953', '235533', '855295'),
(1865, 'A', '548953', '1', '495140', '11-2022-127', '339936', '331466', '548953', '235533', '933924'),
(1866, 'A', '548953', '1', '495140', '11-2022-127', '339936', '331466', '548953', '235533', '948667'),
(1867, 'A', '548953', '1', '705784', '23-2022-485', '339936', '331466', '548953', '235533', '485882'),
(1868, 'A', '548953', '1', '705784', '23-2022-485', '339936', '331466', '548953', '235533', '282576'),
(1869, 'A', '548953', '1', '705784', '23-2022-485', '339936', '331466', '548953', '235533', '610492'),
(1872, 'B', '548953', '1', '674235', '22-2022-113', '339936', '331466', '548953', '235533', '485882'),
(1874, 'B', '548953', '1', '226582', '30-2021-308', '339936', '331466', '548953', '235533', '282576'),
(1876, 'A', '548953', '1', '647238', '24-2022-162', '339936', '331466', '548953', '235533', '933924'),
(1877, 'A', '548953', '1', '647238', '24-2022-162', '339936', '331466', '548953', '235533', '948667'),
(1878, 'A', '548953', '1', '647238', '24-2022-162', '339936', '331466', '548953', '235533', '700885'),
(1879, 'A', '666322', '1', '988397', '03-2022-339', '339936', '866919', '666322', '425818', '388085'),
(1880, 'A', '666322', '1', '988397', '03-2022-339', '339936', '866919', '666322', '425818', '425839'),
(1881, 'A', '666322', '1', '988397', '03-2022-339', '339936', '866919', '666322', '425818', '516636'),
(1882, 'A', '666322', '1', '988397', '03-2022-339', '339936', '866919', '666322', '425818', '520805'),
(1883, 'A', '666322', '1', '988397', '03-2022-339', '339936', '866919', '666322', '425818', '545372'),
(1884, 'A', '666322', '1', '988397', '03-2022-339', '339936', '866919', '666322', '425818', '571907'),
(1885, 'A', '666322', '1', '988397', '03-2022-339', '339936', '866919', '666322', '425818', '853180'),
(1886, 'A', '548953', '1', '293552', '10-2022-487', '568956', '331466', '548953', '235533', '115314'),
(1887, 'A', '548953', '1', '293552', '10-2022-487', '568956', '331466', '548953', '235533', '154705'),
(1888, 'A', '548953', '1', '293552', '10-2022-487', '568956', '331466', '548953', '235533', '280184'),
(1889, 'A', '548953', '1', '293552', '10-2022-487', '568956', '331466', '548953', '235533', '291413'),
(1890, 'A', '548953', '1', '293552', '10-2022-487', '568956', '331466', '548953', '235533', '327451'),
(1891, 'A', '548953', '1', '293552', '10-2022-487', '568956', '331466', '548953', '235533', '331658'),
(1892, 'A', '548953', '1', '293552', '10-2022-487', '568956', '331466', '548953', '235533', '662640'),
(1893, 'A', '548953', '1', '293552', '10-2022-487', '568956', '331466', '548953', '235533', '844154'),
(1894, 'A', '548953', '1', '293552', '10-2022-487', '568956', '331466', '548953', '235533', '982257'),
(1895, 'A', '548953', '1', '378020', '10-2022-457', '568956', '331466', '548953', '235533', '115314'),
(1896, 'A', '548953', '1', '378020', '10-2022-457', '568956', '331466', '548953', '235533', '154705'),
(1897, 'A', '548953', '1', '378020', '10-2022-457', '568956', '331466', '548953', '235533', '280184'),
(1898, 'A', '548953', '1', '378020', '10-2022-457', '568956', '331466', '548953', '235533', '291413'),
(1899, 'A', '548953', '1', '378020', '10-2022-457', '568956', '331466', '548953', '235533', '327451'),
(1900, 'A', '548953', '1', '378020', '10-2022-457', '568956', '331466', '548953', '235533', '331658'),
(1901, 'A', '548953', '1', '378020', '10-2022-457', '568956', '331466', '548953', '235533', '662640'),
(1902, 'A', '548953', '1', '378020', '10-2022-457', '568956', '331466', '548953', '235533', '844154'),
(1903, 'A', '548953', '1', '378020', '10-2022-457', '568956', '331466', '548953', '235533', '982257'),
(1904, 'A', '548953', '1', '821030', '06-2021-447', '568956', '331466', '548953', '235533', '115314'),
(1905, 'A', '548953', '1', '821030', '06-2021-447', '568956', '331466', '548953', '235533', '154705'),
(1906, 'A', '548953', '1', '821030', '06-2021-447', '568956', '331466', '548953', '235533', '280184'),
(1907, 'A', '548953', '1', '821030', '06-2021-447', '568956', '331466', '548953', '235533', '291413'),
(1908, 'A', '548953', '1', '821030', '06-2021-447', '568956', '331466', '548953', '235533', '327451'),
(1909, 'A', '548953', '1', '821030', '06-2021-447', '568956', '331466', '548953', '235533', '331658'),
(1910, 'A', '548953', '1', '821030', '06-2021-447', '568956', '331466', '548953', '235533', '662640'),
(1911, 'A', '548953', '1', '821030', '06-2021-447', '568956', '331466', '548953', '235533', '844154'),
(1912, 'A', '548953', '1', '821030', '06-2021-447', '568956', '331466', '548953', '235533', '982257'),
(1913, 'A', '548953', '1', '265922', '10-2022-377', '568956', '331466', '548953', '235533', '115314'),
(1914, 'A', '548953', '1', '265922', '10-2022-377', '568956', '331466', '548953', '235533', '154705'),
(1915, 'A', '548953', '1', '265922', '10-2022-377', '568956', '331466', '548953', '235533', '280184'),
(1916, 'A', '548953', '1', '265922', '10-2022-377', '568956', '331466', '548953', '235533', '291413'),
(1917, 'A', '548953', '1', '265922', '10-2022-377', '568956', '331466', '548953', '235533', '327451'),
(1918, 'A', '548953', '1', '265922', '10-2022-377', '568956', '331466', '548953', '235533', '331658'),
(1919, 'A', '548953', '1', '265922', '10-2022-377', '568956', '331466', '548953', '235533', '662640'),
(1920, 'A', '548953', '1', '265922', '10-2022-377', '568956', '331466', '548953', '235533', '844154'),
(1921, 'A', '548953', '1', '265922', '10-2022-377', '568956', '331466', '548953', '235533', '982257'),
(1922, 'A', '548953', '1', '650100', '10-2022-309', '568956', '331466', '548953', '235533', '115314'),
(1923, 'A', '548953', '1', '650100', '10-2022-309', '568956', '331466', '548953', '235533', '154705'),
(1924, 'A', '548953', '1', '650100', '10-2022-309', '568956', '331466', '548953', '235533', '280184'),
(1925, 'A', '548953', '1', '650100', '10-2022-309', '568956', '331466', '548953', '235533', '291413'),
(1926, 'A', '548953', '1', '650100', '10-2022-309', '568956', '331466', '548953', '235533', '327451'),
(1927, 'A', '548953', '1', '650100', '10-2022-309', '568956', '331466', '548953', '235533', '331658'),
(1928, 'A', '548953', '1', '650100', '10-2022-309', '568956', '331466', '548953', '235533', '662640'),
(1929, 'A', '548953', '1', '650100', '10-2022-309', '568956', '331466', '548953', '235533', '844154'),
(1930, 'A', '548953', '1', '650100', '10-2022-309', '568956', '331466', '548953', '235533', '982257'),
(1931, 'A', '548953', '1', '411136', '10-2022-237', '568956', '331466', '548953', '235533', '115314'),
(1932, 'A', '548953', '1', '411136', '10-2022-237', '568956', '331466', '548953', '235533', '154705'),
(1933, 'A', '548953', '1', '411136', '10-2022-237', '568956', '331466', '548953', '235533', '280184'),
(1934, 'A', '548953', '1', '411136', '10-2022-237', '568956', '331466', '548953', '235533', '291413'),
(1935, 'A', '548953', '1', '411136', '10-2022-237', '568956', '331466', '548953', '235533', '327451'),
(1936, 'A', '548953', '1', '411136', '10-2022-237', '568956', '331466', '548953', '235533', '331658'),
(1937, 'A', '548953', '1', '411136', '10-2022-237', '568956', '331466', '548953', '235533', '662640'),
(1938, 'A', '548953', '1', '411136', '10-2022-237', '568956', '331466', '548953', '235533', '844154'),
(1939, 'A', '548953', '1', '411136', '10-2022-237', '568956', '331466', '548953', '235533', '982257'),
(1940, 'A', '548953', '1', '165242', '24-2022-162', '568956', '331466', '548953', '235533', '115314'),
(1941, 'A', '548953', '1', '165242', '24-2022-162', '568956', '331466', '548953', '235533', '154705'),
(1942, 'A', '548953', '1', '165242', '24-2022-162', '568956', '331466', '548953', '235533', '280184'),
(1943, 'A', '548953', '1', '165242', '24-2022-162', '568956', '331466', '548953', '235533', '291413'),
(1944, 'A', '548953', '1', '165242', '24-2022-162', '568956', '331466', '548953', '235533', '327451'),
(1945, 'A', '548953', '1', '165242', '24-2022-162', '568956', '331466', '548953', '235533', '331658'),
(1946, 'A', '548953', '1', '165242', '24-2022-162', '568956', '331466', '548953', '235533', '662640'),
(1947, 'A', '548953', '1', '165242', '24-2022-162', '568956', '331466', '548953', '235533', '844154'),
(1948, 'A', '548953', '1', '165242', '24-2022-162', '568956', '331466', '548953', '235533', '982257'),
(1949, 'A', '548953', '1', '377528', '10-2022-447', '568956', '331466', '548953', '235533', '115314'),
(1950, 'A', '548953', '1', '377528', '10-2022-447', '568956', '331466', '548953', '235533', '154705'),
(1951, 'A', '548953', '1', '377528', '10-2022-447', '568956', '331466', '548953', '235533', '280184'),
(1952, 'A', '548953', '1', '377528', '10-2022-447', '568956', '331466', '548953', '235533', '291413'),
(1953, 'A', '548953', '1', '377528', '10-2022-447', '568956', '331466', '548953', '235533', '327451'),
(1954, 'A', '548953', '1', '377528', '10-2022-447', '568956', '331466', '548953', '235533', '331658'),
(1955, 'A', '548953', '1', '377528', '10-2022-447', '568956', '331466', '548953', '235533', '662640'),
(1956, 'A', '548953', '1', '377528', '10-2022-447', '568956', '331466', '548953', '235533', '844154'),
(1957, 'A', '548953', '1', '377528', '10-2022-447', '568956', '331466', '548953', '235533', '982257'),
(1958, 'A', '548953', '1', '399376', '10-2022-160', '568956', '331466', '548953', '235533', '115314'),
(1959, 'A', '548953', '1', '399376', '10-2022-160', '568956', '331466', '548953', '235533', '154705'),
(1960, 'A', '548953', '1', '399376', '10-2022-160', '568956', '331466', '548953', '235533', '280184'),
(1961, 'A', '548953', '1', '399376', '10-2022-160', '568956', '331466', '548953', '235533', '291413'),
(1962, 'A', '548953', '1', '399376', '10-2022-160', '568956', '331466', '548953', '235533', '327451'),
(1963, 'A', '548953', '1', '399376', '10-2022-160', '568956', '331466', '548953', '235533', '331658'),
(1964, 'A', '548953', '1', '399376', '10-2022-160', '568956', '331466', '548953', '235533', '662640'),
(1965, 'A', '548953', '1', '399376', '10-2022-160', '568956', '331466', '548953', '235533', '844154'),
(1966, 'A', '548953', '1', '399376', '10-2022-160', '568956', '331466', '548953', '235533', '982257'),
(1967, 'A', '548953', '1', '714614', '10-2022-201', '568956', '331466', '548953', '235533', '115314'),
(1968, 'A', '548953', '1', '714614', '10-2022-201', '568956', '331466', '548953', '235533', '154705'),
(1969, 'A', '548953', '1', '714614', '10-2022-201', '568956', '331466', '548953', '235533', '280184'),
(1970, 'A', '548953', '1', '714614', '10-2022-201', '568956', '331466', '548953', '235533', '291413'),
(1971, 'A', '548953', '1', '714614', '10-2022-201', '568956', '331466', '548953', '235533', '327451'),
(1972, 'A', '548953', '1', '714614', '10-2022-201', '568956', '331466', '548953', '235533', '331658'),
(1973, 'A', '548953', '1', '714614', '10-2022-201', '568956', '331466', '548953', '235533', '662640'),
(1974, 'A', '548953', '1', '714614', '10-2022-201', '568956', '331466', '548953', '235533', '844154'),
(1975, 'A', '548953', '1', '714614', '10-2022-201', '568956', '331466', '548953', '235533', '982257'),
(1976, 'A', '548953', '1', '346798', '11-2022-127', '568956', '331466', '548953', '235533', '115314'),
(1977, 'A', '548953', '1', '346798', '11-2022-127', '568956', '331466', '548953', '235533', '154705'),
(1978, 'A', '548953', '1', '346798', '11-2022-127', '568956', '331466', '548953', '235533', '280184'),
(1979, 'A', '548953', '1', '346798', '11-2022-127', '568956', '331466', '548953', '235533', '291413'),
(1980, 'A', '548953', '1', '346798', '11-2022-127', '568956', '331466', '548953', '235533', '327451'),
(1981, 'A', '548953', '1', '346798', '11-2022-127', '568956', '331466', '548953', '235533', '331658'),
(1982, 'A', '548953', '1', '346798', '11-2022-127', '568956', '331466', '548953', '235533', '662640'),
(1983, 'A', '548953', '1', '346798', '11-2022-127', '568956', '331466', '548953', '235533', '844154'),
(1984, 'A', '548953', '1', '346798', '11-2022-127', '568956', '331466', '548953', '235533', '982257'),
(1985, 'A', '548953', '1', '484486', '10-2022-498', '568956', '331466', '548953', '235533', '115314'),
(1986, 'A', '548953', '1', '484486', '10-2022-498', '568956', '331466', '548953', '235533', '154705'),
(1987, 'A', '548953', '1', '484486', '10-2022-498', '568956', '331466', '548953', '235533', '280184'),
(1988, 'A', '548953', '1', '484486', '10-2022-498', '568956', '331466', '548953', '235533', '291413'),
(1989, 'A', '548953', '1', '484486', '10-2022-498', '568956', '331466', '548953', '235533', '327451'),
(1990, 'A', '548953', '1', '484486', '10-2022-498', '568956', '331466', '548953', '235533', '331658'),
(1991, 'A', '548953', '1', '484486', '10-2022-498', '568956', '331466', '548953', '235533', '662640'),
(1992, 'A', '548953', '1', '484486', '10-2022-498', '568956', '331466', '548953', '235533', '844154'),
(1993, 'A', '548953', '1', '484486', '10-2022-498', '568956', '331466', '548953', '235533', '982257'),
(1994, 'A', '548953', '1', '490039', '10-2022-297', '568956', '331466', '548953', '235533', '115314'),
(1995, 'A', '548953', '1', '490039', '10-2022-297', '568956', '331466', '548953', '235533', '154705'),
(1996, 'A', '548953', '1', '490039', '10-2022-297', '568956', '331466', '548953', '235533', '280184'),
(1997, 'A', '548953', '1', '490039', '10-2022-297', '568956', '331466', '548953', '235533', '291413'),
(1998, 'A', '548953', '1', '490039', '10-2022-297', '568956', '331466', '548953', '235533', '327451'),
(1999, 'A', '548953', '1', '490039', '10-2022-297', '568956', '331466', '548953', '235533', '331658'),
(2000, 'A', '548953', '1', '490039', '10-2022-297', '568956', '331466', '548953', '235533', '662640'),
(2001, 'A', '548953', '1', '490039', '10-2022-297', '568956', '331466', '548953', '235533', '844154'),
(2002, 'A', '548953', '1', '490039', '10-2022-297', '568956', '331466', '548953', '235533', '982257'),
(2003, 'A', '548953', '1', '587115', '10-2022-193', '568956', '331466', '548953', '235533', '115314'),
(2004, 'A', '548953', '1', '587115', '10-2022-193', '568956', '331466', '548953', '235533', '154705'),
(2005, 'A', '548953', '1', '587115', '10-2022-193', '568956', '331466', '548953', '235533', '280184'),
(2006, 'A', '548953', '1', '587115', '10-2022-193', '568956', '331466', '548953', '235533', '291413'),
(2007, 'A', '548953', '1', '587115', '10-2022-193', '568956', '331466', '548953', '235533', '327451'),
(2008, 'A', '548953', '1', '587115', '10-2022-193', '568956', '331466', '548953', '235533', '331658'),
(2009, 'A', '548953', '1', '587115', '10-2022-193', '568956', '331466', '548953', '235533', '662640'),
(2010, 'A', '548953', '1', '587115', '10-2022-193', '568956', '331466', '548953', '235533', '844154'),
(2011, 'A', '548953', '1', '587115', '10-2022-193', '568956', '331466', '548953', '235533', '982257'),
(2012, 'A', '666322', '1', '473071', '03-2022-366', '339936', '866919', '666322', '425818', '388085'),
(2013, 'A', '666322', '1', '473071', '03-2022-366', '339936', '866919', '666322', '425818', '425839'),
(2014, 'A', '666322', '1', '473071', '03-2022-366', '339936', '866919', '666322', '425818', '435163'),
(2015, 'A', '666322', '1', '473071', '03-2022-366', '339936', '866919', '666322', '425818', '461487'),
(2016, 'A', '666322', '1', '473071', '03-2022-366', '339936', '866919', '666322', '425818', '516636'),
(2017, 'A', '666322', '1', '473071', '03-2022-366', '339936', '866919', '666322', '425818', '520805');

-- --------------------------------------------------------

--
-- Table structure for table `teacher_subject_load`
--

CREATE TABLE `teacher_subject_load` (
  `subject_load_id` int(10) NOT NULL,
  `academic_id` varchar(10) NOT NULL,
  `account_user_id` varchar(15) NOT NULL,
  `subject_id` varchar(10) NOT NULL,
  `curriculum_id` varchar(10) NOT NULL,
  `program_id` varchar(10) NOT NULL,
  `department_id` varchar(10) NOT NULL,
  `day_initial` varchar(10) NOT NULL,
  `subject_time_from` time NOT NULL,
  `subject_time_to` time NOT NULL,
  `subject_room` varchar(50) NOT NULL,
  `subject_section` varchar(50) NOT NULL,
  `subject_year_level_teacher` varchar(50) NOT NULL
) ENGINE=InnoDB DEFAULT CHARSET=utf8mb4;

--
-- Dumping data for table `teacher_subject_load`
--

INSERT INTO `teacher_subject_load` (`subject_load_id`, `academic_id`, `account_user_id`, `subject_id`, `curriculum_id`, `program_id`, `department_id`, `day_initial`, `subject_time_from`, `subject_time_to`, `subject_room`, `subject_section`, `subject_year_level_teacher`) VALUES
(999331, '339936', '07-2022-153', '474820', '597899', '289314', '949552', '5Fri', '07:00:00', '08:30:00', 'GYM', 'A', '1'),
(999332, '339936', '07-2022-309', '839219', '597899', '289314', '949552', '6Sat', '07:00:00', '08:30:00', 'GYM', 'A', '1'),
(999333, '339936', '22-2021-123', '875810', '597899', '289314', '949552', '1Mon', '07:00:00', '08:30:00', 'MN301', 'A', '1'),
(999334, '339936', '22-2021-123', '875810', '597899', '289314', '949552', '3Wed', '07:00:00', '08:30:00', 'MN301', 'A', '1'),
(999335, '339936', '22-2021-124', '590862', '597899', '289314', '949552', '1Mon', '09:00:00', '10:30:00', 'MN401', 'A', '1'),
(999336, '339936', '22-2021-124', '590862', '597899', '289314', '949552', '3Wed', '09:00:00', '10:30:00', 'MN401', 'A', '1'),
(999337, '339936', '22-2021-138', '667193', '597899', '289314', '949552', '1Mon', '10:30:00', '12:00:00', 'MN501', 'A', '1'),
(999338, '339936', '22-2021-138', '667193', '597899', '289314', '949552', '3Wed', '10:30:00', '12:00:00', 'MN501', 'A', '1'),
(999339, '339936', '28-2021-147', '727063', '597899', '289314', '949552', '1Mon', '13:00:00', '14:30:00', 'MN302', 'A', '1'),
(999340, '339936', '28-2021-147', '727063', '597899', '289314', '949552', '3Wed', '13:00:00', '14:30:00', 'MN302', 'A', '1'),
(999341, '339936', '28-2021-164', '405337', '597899', '289314', '949552', '1Mon', '15:00:00', '16:30:00', 'MN402', 'A', '1'),
(999342, '339936', '28-2021-164', '405337', '597899', '289314', '949552', '3Wed', '15:00:00', '16:30:00', 'MN402', 'A', '1'),
(999343, '339936', '28-2021-207', '240452', '597899', '289314', '949552', '2Tue', '09:00:00', '10:30:00', 'MN301', 'A', '1'),
(999344, '339936', '28-2021-207', '240452', '597899', '289314', '949552', '4Thu', '09:00:00', '10:30:00', 'MN301', 'A', '1'),
(999345, '339936', '28-2021-254', '130622', '597899', '289314', '949552', '2Tue', '10:30:00', '12:00:00', 'MN401', 'A', '1'),
(999346, '339936', '28-2021-254', '130622', '597899', '289314', '949552', '4Thu', '10:30:00', '12:00:00', 'MN401', 'A', '1'),
(999347, '339936', '28-2021-459', '465277', '597899', '289314', '949552', '2Tue', '13:00:00', '14:30:00', 'MN501', 'A', '1'),
(999348, '339936', '28-2021-459', '465277', '597899', '289314', '949552', '4Thu', '13:00:00', '14:30:00', 'MN501', 'A', '1'),
(999349, '339936', '28-2021-483', '727843', '597899', '289314', '949552', '2Tue', '15:00:00', '16:30:00', 'MN302', 'A', '1'),
(999350, '339936', '28-2021-483', '727843', '597899', '289314', '949552', '4Thu', '15:00:00', '16:30:00', 'MN302', 'A', '1'),
(999351, '339936', '28-2021-483', '875810', '597899', '289314', '949552', '1Mon', '07:00:00', '08:30:00', 'MN303', 'B', '1'),
(999352, '339936', '28-2021-483', '875810', '597899', '289314', '949552', '3Wed', '07:00:00', '08:30:00', 'MN303', 'B', '1'),
(999353, '339936', '28-2021-459', '240452', '597899', '289314', '949552', '2Tue', '10:30:00', '12:00:00', 'MN303', 'B', '1'),
(999354, '339936', '28-2021-459', '240452', '597899', '289314', '949552', '4Thu', '10:30:00', '12:00:00', 'MN303', 'B', '1'),
(999355, '339936', '07-2022-309', '130622', '597899', '289314', '949552', '2Tue', '10:30:00', '12:00:00', 'MN403', 'B', '1'),
(999356, '339936', '07-2022-309', '130622', '597899', '289314', '949552', '4Thu', '10:30:00', '12:00:00', 'MN403', 'B', '1'),
(999357, '339936', '28-2021-207', '590862', '597899', '289314', '949552', '1Mon', '09:00:00', '10:30:00', 'MN403', 'B', '1'),
(999358, '339936', '28-2021-207', '590862', '597899', '289314', '949552', '3Wed', '09:00:00', '10:30:00', 'MN403', 'B', '1'),
(999359, '339936', '28-2021-164', '839219', '597899', '289314', '949552', '6Sat', '08:30:00', '10:00:00', 'GYM', 'B', '1'),
(999360, '339936', '28-2021-147', '465277', '597899', '289314', '949552', '2Tue', '13:00:00', '14:30:00', 'MN503', 'B', '1'),
(999361, '339936', '28-2021-147', '465277', '597899', '289314', '949552', '4Thu', '13:00:00', '14:30:00', 'MN503', 'B', '1'),
(999362, '339936', '22-2021-138', '474820', '597899', '289314', '949552', '5Fri', '08:30:00', '10:00:00', 'GYM', 'B', '1'),
(999363, '339936', '22-2021-124', '667193', '597899', '289314', '949552', '1Mon', '10:30:00', '12:00:00', 'MN503', 'B', '1'),
(999364, '339936', '22-2021-124', '667193', '597899', '289314', '949552', '3Wed', '10:30:00', '12:00:00', 'MN503', 'B', '1'),
(999365, '339936', '22-2021-123', '727843', '597899', '289314', '949552', '2Tue', '15:00:00', '16:30:00', 'MN304', 'B', '1'),
(999366, '339936', '22-2021-123', '727843', '597899', '289314', '949552', '4Thu', '15:00:00', '16:30:00', 'MN304', 'B', '1'),
(999367, '339936', '28-2021-254', '727063', '597899', '289314', '949552', '1Mon', '13:00:00', '14:30:00', 'MN304', 'B', '1'),
(999368, '339936', '28-2021-254', '727063', '597899', '289314', '949552', '3Wed', '13:00:00', '14:30:00', 'MN304', 'B', '1'),
(999369, '339936', '07-2022-153', '405337', '597899', '289314', '949552', '1Mon', '15:00:00', '16:30:00', 'MN304', 'B', '1'),
(999370, '339936', '07-2022-153', '405337', '597899', '289314', '949552', '3Wed', '15:00:00', '16:30:00', 'MN304', 'B', '1'),
(999384, '339936', '28-2021-207', '667193', '597899', '289314', '949552', '4Thu', '10:30:00', '12:00:00', 'MN505', 'C', '1'),
(999411, '339936', '07-2022-153', '965454', '411952', '937459', '425818', '2Tue', '07:00:00', '08:30:00', 'MN305', 'A', '1'),
(999412, '339936', '07-2022-153', '965454', '411952', '937459', '425818', '4Thu', '07:00:00', '08:30:00', 'MN305', 'A', '1'),
(999413, '339936', '07-2022-309', '666522', '411952', '937459', '425818', '1Mon', '09:00:00', '10:30:00', 'MN305', 'A', '1'),
(999414, '339936', '07-2022-309', '666522', '411952', '937459', '425818', '3Wed', '09:00:00', '10:30:00', 'MN305', 'A', '1'),
(999415, '339936', '22-2021-123', '978559', '411952', '937459', '425818', '1Mon', '10:30:00', '12:00:00', 'MN405', 'A', '1'),
(999416, '339936', '22-2021-123', '978559', '411952', '937459', '425818', '3Wed', '10:30:00', '12:00:00', 'MN405', 'A', '1'),
(999417, '339936', '22-2021-124', '320651', '411952', '937459', '425818', '2Tue', '09:00:00', '10:30:00', 'MN405', 'A', '1'),
(999418, '339936', '22-2021-124', '320651', '411952', '937459', '425818', '4Thu', '09:00:00', '10:30:00', 'MN405', 'A', '1'),
(999419, '339936', '22-2021-138', '746437', '411952', '937459', '425818', '6Sat', '08:30:00', '10:00:00', 'MN305', 'A', '1'),
(999420, '339936', '28-2021-207', '413008', '411952', '937459', '425818', '2Tue', '10:30:00', '12:00:00', 'GYM', 'A', '1'),
(999421, '339936', '28-2021-207', '905200', '411952', '937459', '425818', '5Fri', '10:00:00', '11:30:00', 'GYM', 'A', '1'),
(999422, '339936', '28-2021-164', '525940', '411952', '937459', '425818', '1Mon', '13:00:00', '14:30:00', 'MN506', 'A', '1'),
(999423, '339936', '28-2021-164', '525940', '411952', '937459', '425818', '3Wed', '13:00:00', '14:30:00', 'MN506', 'A', '1'),
(999424, '339936', '07-2022-179', '320651', '411952', '937459', '425818', '1Mon', '07:00:00', '08:30:00', 'MN307', 'B', '1'),
(999425, '339936', '07-2022-179', '320651', '411952', '937459', '425818', '3Wed', '07:00:00', '08:30:00', 'MN307', 'B', '1'),
(999426, '339936', '07-2022-179', '413008', '411952', '937459', '425818', '5Fri', '15:00:00', '16:30:00', 'GYM', 'B', '1'),
(999427, '339936', '07-2022-179', '282576', '331466', '548953', '235533', '2Tue', '07:00:00', '08:30:00', 'GYM', 'A', '1'),
(999428, '339936', '07-2022-210', '101738', '866919', '666322', '425818', '1Mon', '07:00:00', '08:30:00', 'MN308', 'A', '1'),
(999429, '339936', '07-2022-210', '101738', '866919', '666322', '425818', '3Wed', '07:00:00', '08:30:00', 'MN308', 'A', '1'),
(999430, '339936', '07-2022-210', '143382', '866919', '666322', '425818', '2Tue', '09:00:00', '10:30:00', 'MN309', 'B', '1'),
(999431, '339936', '07-2022-210', '143382', '866919', '666322', '425818', '4Thu', '09:00:00', '10:30:00', 'MN309', 'B', '1'),
(999432, '339936', '07-2022-235', '600550', '331466', '548953', '235533', '1Mon', '10:30:00', '12:00:00', 'MN310', 'A', '1'),
(999433, '339936', '07-2022-235', '600550', '331466', '548953', '235533', '3Wed', '10:30:00', '12:00:00', 'MN310', 'A', '1'),
(999434, '339936', '07-2022-235', '610492', '331466', '548953', '235533', '2Tue', '13:00:00', '14:30:00', 'MN311', 'B', '1'),
(999435, '339936', '07-2022-235', '610492', '331466', '548953', '235533', '4Thu', '13:00:00', '14:30:00', 'MN311', 'B', '1'),
(999438, '339936', '07-2022-289', '101738', '866919', '666322', '425818', '2Tue', '07:00:00', '08:30:00', 'MN313', 'B', '1'),
(999439, '339936', '07-2022-289', '101738', '866919', '666322', '425818', '4Thu', '07:00:00', '08:30:00', 'MN313', 'B', '1'),
(999440, '339936', '07-2022-292', '610492', '331466', '548953', '235533', '1Mon', '09:00:00', '10:30:00', 'MN314', 'A', '1'),
(999441, '339936', '07-2022-292', '610492', '331466', '548953', '235533', '3Wed', '09:00:00', '10:30:00', 'MN314', 'A', '1'),
(999442, '339936', '07-2022-292', '700885', '331466', '548953', '235533', '2Tue', '10:30:00', '12:00:00', 'MN315', 'B', '1'),
(999443, '339936', '07-2022-292', '700885', '331466', '548953', '235533', '4Thu', '10:30:00', '12:00:00', 'MN315', 'B', '1'),
(999444, '339936', '07-2022-299', '948667', '331466', '548953', '235533', '1Mon', '10:00:00', '11:00:00', 'B305', 'A', '1'),
(999445, '339936', '07-2022-299', '948667', '331466', '548953', '235533', '3Wed', '10:00:00', '11:00:00', 'B305', 'A', '1'),
(999446, '339936', '07-2022-299', '948667', '331466', '548953', '235533', '5Fri', '10:00:00', '11:00:00', 'B305', 'A', '1'),
(999447, '339936', '07-2022-299', '948667', '331466', '548953', '235533', '1Mon', '13:00:00', '14:00:00', 'B305', 'A', '1'),
(999448, '339936', '07-2022-299', '948667', '331466', '548953', '235533', '3Wed', '13:00:00', '14:00:00', 'B305', 'A', '1'),
(999449, '339936', '07-2022-299', '948667', '331466', '548953', '235533', '5Fri', '13:00:00', '14:00:00', 'B305', 'A', '1'),
(999450, '339936', '07-2022-302', '282576', '331466', '548953', '235533', '6Sat', '14:00:00', '15:00:00', 'SAC', 'C', '1'),
(999451, '339936', '07-2022-302', '834165', '331466', '548953', '235533', '1Mon', '14:00:00', '15:00:00', 'B303', 'A', '1'),
(999452, '339936', '07-2022-315', '177967', '331466', '548953', '235533', '1Mon', '14:00:00', '15:00:00', 'lab-7', 'A', '2'),
(999453, '339936', '07-2022-315', '177967', '331466', '548953', '235533', '2Tue', '14:00:00', '15:00:00', 'lab-7', 'A', '2'),
(999454, '339936', '07-2022-315', '177967', '331466', '548953', '235533', '3Wed', '14:00:00', '15:00:00', 'lab-7', 'B', '2'),
(999455, '339936', '07-2022-315', '177967', '331466', '548953', '235533', '4Thu', '14:00:00', '15:00:00', 'lab-7', 'B', '2'),
(999456, '339936', '07-2022-402', '426540', '331466', '548953', '235533', '5Fri', '14:00:00', '15:00:00', 'MN103', 'C', '2'),
(999457, '339936', '07-2022-402', '426540', '331466', '548953', '235533', '6Sat', '14:00:00', '15:00:00', 'MN103', 'C', '2'),
(999458, '339936', '07-2022-402', '426540', '331466', '548953', '235533', '3Wed', '14:00:00', '15:00:00', 'MN103', 'B', '2'),
(999459, '339936', '07-2022-402', '426540', '331466', '548953', '235533', '4Thu', '14:00:00', '15:00:00', 'MN103', 'B', '2'),
(999460, '339936', '16-2022-399', '123998', '411952', '937459', '425818', '1Mon', '13:00:00', '14:00:00', 'NM103', 'A', '2'),
(999461, '339936', '16-2022-399', '123998', '411952', '937459', '425818', '2Tue', '13:00:00', '14:00:00', 'NM103', 'A', '2'),
(999462, '339936', '28-2021-483', '834165', '331466', '548953', '235533', '3Wed', '09:00:00', '11:00:00', 'B303', 'B', '1'),
(999463, '339936', '28-2021-459', '485882', '331466', '548953', '235533', '5Fri', '09:00:00', '11:00:00', 'B304', 'B', '1'),
(999464, '339936', '28-2021-207', '600550', '331466', '548953', '235533', '6Sat', '09:00:00', '11:00:00', 'B305', 'B', '1'),
(999465, '339936', '07-2022-153', '485882', '331466', '548953', '235533', '1Mon', '08:30:00', '09:30:00', 'LAB6', 'A', '1'),
(999466, '339936', '07-2022-302', '267215', '866919', '666322', '425818', '6Sat', '10:30:00', '12:00:00', 'B303', 'A', '1'),
(999467, '339936', '07-2022-179', '855295', '331466', '548953', '235533', '6Sat', '07:00:00', '12:00:00', 'SAC', 'A', '1'),
(999468, '339936', '07-2022-153', '298729', '866919', '666322', '425818', '1Mon', '10:30:00', '12:00:00', 'B307', 'A', '1'),
(999469, '339936', '07-2022-179', '948586', '866919', '666322', '425818', '4Thu', '10:30:00', '12:00:00', 'B306', 'A', '1'),
(999470, '339936', '07-2022-179', '700885', '331466', '548953', '235533', '4Thu', '16:00:00', '17:00:00', 'MN101', 'A', '1'),
(999471, '339936', '07-2022-210', '677116', '866919', '666322', '425818', '3Wed', '13:00:00', '15:00:00', 'B306', 'A', '1'),
(999472, '339936', '07-2022-289', '485292', '866919', '666322', '425818', '4Thu', '14:00:00', '16:00:00', 'B304', 'A', '1'),
(999473, '339936', '07-2022-292', '547621', '866919', '666322', '425818', '5Fri', '22:30:00', '12:00:00', 'SAC', 'A', '1'),
(999474, '339936', '07-2022-299', '584012', '866919', '666322', '425818', '1Mon', '14:00:00', '16:00:00', 'GYM', 'A', '1'),
(999475, '339936', '07-2022-315', '143382', '866919', '666322', '425818', '5Fri', '14:00:00', '16:00:00', 'B307', 'A', '1'),
(999476, '339936', '07-2022-210', '933924', '331466', '548953', '235533', '1Mon', '15:00:00', '16:00:00', 'MN102', 'A', '1'),
(999477, '339936', '07-2022-153', '298729', '866919', '666322', '425818', '5Fri', '14:00:00', '16:00:00', 'B303', 'B', '1'),
(999478, '339936', '07-2022-179', '855295', '331466', '548953', '235533', '6Sat', '07:00:00', '12:00:00', 'SAC', 'B', '1'),
(999479, '339936', '07-2022-179', '948586', '866919', '666322', '425818', '3Wed', '14:00:00', '16:00:00', 'B304', 'B', '1'),
(999480, '339936', '07-2022-179', '677116', '866919', '666322', '425818', '6Sat', '14:00:00', '16:00:00', 'B304', 'B', '1'),
(999481, '339936', '07-2022-289', '485292', '866919', '666322', '425818', '1Mon', '10:30:00', '12:00:00', 'B304', 'B', '1'),
(999482, '339936', '07-2022-292', '547621', '866919', '666322', '425818', '5Fri', '14:00:00', '16:00:00', 'SAC', 'B', '1'),
(999483, '339936', '07-2022-179', '933924', '331466', '548953', '235533', '1Mon', '19:00:00', '20:00:00', 'MN103', 'B', '1'),
(999484, '339936', '07-2022-299', '584012', '866919', '666322', '425818', '2Tue', '13:00:00', '15:00:00', 'GYM', 'B', '1'),
(999485, '339936', '07-2022-302', '267215', '866919', '666322', '425818', '3Wed', '15:00:00', '17:00:00', 'B305', 'B', '1'),
(999486, '339936', '07-2022-235', '948667', '331466', '548953', '235533', '2Tue', '07:00:00', '08:00:00', 'MN103', 'B', '1'),
(999487, '339936', '07-2022-235', '282576', '331466', '548953', '235533', '5Fri', '17:00:00', '18:00:00', 'GYM', 'B', '1'),
(999488, '339936', '07-2022-402', '101738', '866919', '666322', '425818', '1Mon', '07:00:00', '08:00:00', 'MN101', 'C', '1'),
(999489, '339936', '07-2022-402', '143382', '866919', '666322', '425818', '1Mon', '08:00:00', '09:00:00', 'MN100', 'C', '1'),
(999490, '339936', '07-2022-402', '267215', '866919', '666322', '425818', '1Mon', '09:00:00', '10:00:00', 'MN100', 'C', '1'),
(999491, '339936', '16-2022-399', '298729', '866919', '666322', '425818', '1Mon', '10:00:00', '11:00:00', 'MN100', 'C', '1'),
(999492, '339936', '16-2022-399', '485292', '866919', '666322', '425818', '1Mon', '14:00:00', '15:00:00', 'MN100', 'C', '1'),
(999493, '339936', '16-2022-399', '547621', '866919', '666322', '425818', '6Sat', '07:00:00', '12:00:00', 'SAC', 'C', '1'),
(999494, '339936', '22-2021-123', '584012', '866919', '666322', '425818', '2Tue', '07:00:00', '08:00:00', 'SAC', 'C', '1'),
(999495, '339936', '22-2021-123', '677116', '866919', '666322', '425818', '2Tue', '08:00:00', '09:00:00', 'MN100', 'C', '1'),
(999496, '339936', '22-2021-123', '948586', '866919', '666322', '425818', '2Tue', '09:00:00', '10:00:00', 'MN100', 'C', '1'),
(999497, '339936', '07-2022-289', '502246', '411952', '937459', '425818', '5Fri', '14:00:00', '16:00:00', 'B304', 'A', '1');

-- --------------------------------------------------------

--
-- Table structure for table `user_log`
--

CREATE TABLE `user_log` (
  `user_log_id` int(50) NOT NULL,
  `account_user_id` varchar(50) NOT NULL,
  `user_action` text NOT NULL,
  `user_log_time` time NOT NULL,
  `user_log_date` date NOT NULL
) ENGINE=InnoDB DEFAULT CHARSET=utf8;

--
-- Dumping data for table `user_log`
--

INSERT INTO `user_log` (`user_log_id`, `account_user_id`, `user_action`, `user_log_time`, `user_log_date`) VALUES
(1, '22-2021-269', 'Added academic year 2040 - 2041 (1st Semester)', '21:40:41', '2022-02-16'),
(2, '22-2021-269', 'Added academic year <b>2040 - 2041 (2nd Semester)</b>', '21:41:49', '2022-02-16'),
(3, '22-2021-269', 'Activated academic year 2018 - 2019 (2nd Semester)', '21:46:04', '2022-02-16'),
(4, '22-2021-269', 'Activated academic year <b>2018 - 2019 (1st Semester)</b>', '21:46:48', '2022-02-16'),
(5, '22-2021-269', 'Deactivated academic year <b>2018 - 2019 (1st Semester)</b>', '21:48:53', '2022-02-16'),
(6, '22-2021-269', 'Activated academic year <b>2018 - 2019 (1st Semester)</b>', '21:49:15', '2022-02-16'),
(7, '22-2021-269', 'Deleted academic year <b>2040 - 2041 (2nd Semester)</b>', '21:51:12', '2022-02-16'),
(11, '22-2021-269', 'Added academic year <b>2027 - 2028 (1st Semester)</b>', '22:08:37', '2022-02-16'),
(17, '22-2021-269', 'Added <b>Donna Belle (System Admin)</b> as authorized user', '22:48:45', '2022-02-16'),
(18, '22-2021-269', 'Deactivated <b>Tony Parker (Registrar)</b> account', '22:53:13', '2022-02-16'),
(19, '22-2021-269', 'Activated <b>Tony Parker (Registrar)</b> account', '22:54:52', '2022-02-16'),
(20, '22-2021-269', 'Reset password back to default on <b>Leni Marcos (System Admin)</b> account', '22:56:18', '2022-02-16'),
(21, '22-2021-269', 'Deleted <b>Gf Jgf (System Admin)</b> account', '22:59:05', '2022-02-16'),
(22, '22-2021-269', 'Deleted <b>Hgf Hgf (Teacher)</b> account', '22:59:11', '2022-02-16'),
(23, '22-2021-269', 'Posted an announcement', '23:01:22', '2022-02-16'),
(24, '22-2021-269', 'Hid an announcement', '23:02:33', '2022-02-16'),
(25, '22-2021-269', 'Unhid an announcement', '23:03:28', '2022-02-16'),
(26, '', 'Updated an announcement', '23:10:51', '2022-02-16'),
(27, '22-2021-269', 'Updated an announcement', '23:11:06', '2022-02-16'),
(28, '22-2021-269', 'Deleted an announcement', '23:12:36', '2022-02-16'),
(29, '22-2021-269', 'Archived an announcement', '23:14:11', '2022-02-16'),
(30, '22-2021-269', 'Restored an announcement', '23:20:58', '2022-02-16'),
(31, '22-2021-269', 'Deleted an announcement', '23:21:25', '2022-02-16'),
(32, '22-2021-269', 'Account has been updated', '23:23:43', '2022-02-16'),
(36, '22-2021-355', 'Added new department <b>College Of Coconut (COCO)</b>', '23:58:51', '2022-02-16'),
(37, '22-2021-355', 'Updated <b>College Of Coconut Balls (COCO)</b> department', '00:03:29', '2022-02-17'),
(38, '22-2021-355', 'Deactivated <b>College Of Coconut Balls (COCO)</b> department', '00:05:30', '2022-02-17'),
(39, '22-2021-355', 'Activated <b>College Of Coconut Balls (COCO)</b> department', '00:09:23', '2022-02-17'),
(40, '22-2021-355', 'Deleted <b>College Of Coconut Balls (COCO)</b> department', '00:10:42', '2022-02-17'),
(41, '22-2021-355', 'Added new program <b>Bachelor Of Science In Solar System (BSSS)</b>', '00:42:52', '2022-02-17'),
(42, '', 'Updated <b>Bachelor Of Science In Solar System (BSSSHA)</b> program', '00:48:02', '2022-02-17'),
(43, '', 'Updated <b>Bachelor Of Science In Solar System (BSSSHASA)</b> program', '00:49:37', '2022-02-17'),
(44, '22-2021-355', 'Updated <b>Bachelor Of Science In Solar System (BSSS)</b> program', '00:50:09', '2022-02-17'),
(45, '22-2021-355', 'Deactivated <b>Bachelor Of Science In Solar System (BSSS)</b> program', '00:53:19', '2022-02-17'),
(46, '22-2021-355', 'Activated <b>Bachelor Of Science In Solar System (BSSS)</b> program', '00:58:28', '2022-02-17'),
(47, '22-2021-355', 'Deleted <b>Bachelor Of Science In Solar System (BSSS)</b> program', '01:00:30', '2022-02-17'),
(48, '', 'Added new curriculum <b>BSED - 2020</b>', '01:08:55', '2022-02-17'),
(49, '', 'Added new curriculum <b>BSED - 2021</b>', '01:09:13', '2022-02-17'),
(50, '', 'Added new curriculum <b>BSED - 8989</b>', '01:11:22', '2022-02-17'),
(51, '22-2021-355', 'Added new curriculum <b>BSED - 3030</b>', '01:17:47', '2022-02-17'),
(52, '', 'Updated <b>BSED - 8989</b> to <b>BSED - 9090</b> curriculum', '01:20:28', '2022-02-17'),
(53, '22-2021-355', 'Updated <b>BSED - 9090</b> to <b>BSED - 1990</b> curriculum', '01:21:31', '2022-02-17'),
(54, '22-2021-355', 'Added new program <b>Bachelor Of Science In Macho Dansah (BSMD)</b>', '01:25:07', '2022-02-17'),
(55, '22-2021-355', 'Updated <b>BSED - 3030</b> to <b>BSED - 3031</b> curriculum', '01:30:01', '2022-02-17'),
(56, '22-2021-355', 'Activated <b>BSED - 3031</b> curriculum', '01:30:50', '2022-02-17'),
(57, '22-2021-355', 'Activated <b>BSED - 2018</b> curriculum', '01:31:12', '2022-02-17'),
(58, '22-2021-355', 'Deactivated <b>BSED - 2018</b> curriculum', '01:33:10', '2022-02-17'),
(59, '22-2021-355', 'Activated <b>BSED - 2018</b> curriculum', '01:33:23', '2022-02-17'),
(60, '22-2021-355', 'Deleted <b>BSED - 1990</b> curriculum', '01:36:52', '2022-02-17'),
(61, '22-2021-355', 'Deleted <b>BSED - 3031</b> curriculum', '01:37:27', '2022-02-17'),
(62, '22-2021-355', 'Deleted <b>BSED - 2021</b> curriculum', '01:37:32', '2022-02-17'),
(63, '22-2021-355', 'Added new subject <b>fjasf fao a foai (BLABLA)</b> on <b>BSED</b> course (<b>2nd Year - 2nd Semester</b>)', '01:50:56', '2022-02-17'),
(64, '22-2021-355', 'Added new subject <b>Banana Ba Bana Banana (BABABA)</b> on <b>BSED</b> course (<b>3rd Year - 2nd Semester</b>)', '01:53:08', '2022-02-17'),
(65, '22-2021-355', 'Updated <b>Banana Ba Bana Banana\'s (BABABA)</b> subject on <b>BSED</b> course (<b>3rd Year - 2nd Semester</b>)', '01:56:46', '2022-02-17'),
(66, '22-2021-355', 'Deactivated <b>Banana Ba Bana Banana (BABABA)</b> subject on <b>BSED</b> course (<b>3rd Year - 2nd Semester</b>)', '01:58:59', '2022-02-17'),
(67, '22-2021-355', 'Activated <b>Banana Ba Bana Banana (BABABA)</b> subject on <b>BSED</b> course (<b>3rd Year - 2nd Semester</b>)', '02:00:38', '2022-02-17'),
(68, '22-2021-355', 'Deleted <b>Banana Ba Bana Banana (BABABA)</b> subject on <b>BSED</b> course (<b>3rd Year - 2nd Semester</b>)', '02:02:47', '2022-02-17'),
(69, '', 'Account has been updated', '15:04:21', '2022-02-17'),
(70, '22-2021-355', 'Account has been updated', '15:05:53', '2022-02-17'),
(71, '22-2021-355', 'Loaded <b>INTE 1025: Data and Digital Communication (Data Communication)</b> subject on <b>Monday</b> schedule for <b>Rhyan De Loyola (Teacher)</b> on <b>BSIT - 3B</b>', '21:24:03', '2022-02-17'),
(72, '22-2021-355', 'Loaded <b>INTE 1025: Data and Digital Communication (Data Communication)</b> subject on <b>Wednesday</b> schedule for <b>Rhyan De Loyola (Teacher)</b> on <b>BSIT - 3B</b>', '21:24:03', '2022-02-17'),
(73, '22-2021-355', 'Updated <b>INTE 1025: Data and Digital Communication (Data Communication)</b> subject on <b>Monday</b> schedule for <b>Rhyan De Loyola (Teacher)</b> on <b>BSIT - 3C</b>', '21:31:46', '2022-02-17'),
(74, '22-2021-355', 'Deleted <b>INTE 1025: Data and Digital Communication (Data Communication)</b> subject on <b>Monday</b> schedule of <b>Rhyan De Loyola (Teacher)</b> on <b>BSIT - 3C</b>', '21:34:43', '2022-02-17'),
(75, '22-2021-355', 'Deleted <b>INTE 1025: Data and Digital Communication (Data Communication)</b> subject on <b>Wednesday</b> schedule of <b>Rhyan De Loyola (Teacher)</b> on <b>BSIT - 3B</b>', '21:34:59', '2022-02-17'),
(76, '22-2021-355', 'Reset password back to default on <b>vicky b. abello (Student)</b> account', '22:08:30', '2022-02-17'),
(77, '22-2021-355', 'Reset password back to default on <b>Vicky B. Abello (Student)</b> account', '22:10:36', '2022-02-17'),
(78, '22-2021-355', 'Updated <b>Vicky B Abello (Student)</b> personal information', '22:27:34', '2022-02-17'),
(79, '22-2021-355', 'Deleted credited subject <b>PHED 1001: Physical Education 1 (Physical Fitness and Conditioning)</b> on <b>Man T. Iron (Student)</b>', '23:17:43', '2022-02-17'),
(80, '22-2021-355', 'Updated <b>Donna J. Gomez (Student)</b> enrollment information', '04:05:58', '2022-02-18'),
(81, '22-2021-355', 'Deleted <b>Donna J. Gomez  (Student)</b> enrollment information on academic year <b>2018 - 2019 (1st Semester)</b>', '04:31:47', '2022-02-18'),
(82, '22-2021-355', 'Loaded subject <b>PHED 1001: Physical Education 1 (Physical Fitness and Conditioning)</b> on <b>Man T. Iron (Student)</b>', '19:51:29', '2022-02-18'),
(83, '22-2021-355', 'Loaded subject <b>GEDC 1004: Filipino 1: Istruktura ng Wikang Filipino</b> on <b>Man T. Iron (Student)</b>', '19:51:29', '2022-02-18'),
(84, '22-2021-355', 'Deleted subject <b>NSTP 1008: National Service Training Program 1</b> from <b>Man T. Iron (Student)</b> subject load schedule on academic year <b>2018 - 2019 (1st Semester)</b>', '21:04:17', '2022-02-18'),
(85, '22-2021-355', 'Updated <b>CITE1003: Computer Programming 1</b> subject load schedule of <b>Man T. Iron (Student)</b> on academic year <b>2018 - 2019 (1st Semester)</b>', '22:02:30', '2022-02-18'),
(86, '22-2021-355', 'Credited <b>NSTP 1008: National Service Training Program 1</b> subject to <b>Man T. Iron (Student)</b> on academic year <b>2018 - 2019 (1st Semester)</b>', '22:59:09', '2022-02-18'),
(87, '22-2021-355', 'Credited <b>COSC 1002: Discrete Structures 1 (Discrete Mathematics)</b> subject to <b>Man T. Iron (Student)</b> on academic year <b>2018 - 2019 (1st Semester)</b>', '22:59:09', '2022-02-18'),
(154, '22-2021-138', 'Encoded grades on <b>BSIT-1B</b> for the subject <b>GEDC 1002: The Contemporary World</b> on <b>Prelim</b> period', '03:20:06', '2022-02-19'),
(155, '22-2021-138', 'Encoded grades on <b>BSIT-1B</b> for the subject <b>GEDC 1002: The Contemporary World</b> on <b>Midterm</b> period', '03:20:43', '2022-02-19'),
(156, '22-2021-138', 'Encoded grades on <b>BSIT-1B</b> for the subject <b>GEDC 1002: The Contemporary World</b> on <b>Final</b> period', '03:20:58', '2022-02-19'),
(157, '22-2021-138', 'Encoded grades on <b>BSIT-1B</b> for the subject <b>GEDC 1002: The Contemporary World</b> on <b>Final</b> period', '03:21:06', '2022-02-19'),
(158, '', 'Account has been updated', '03:23:04', '2022-02-19'),
(159, '22-2021-138', 'Account has been updated', '03:24:13', '2022-02-19'),
(160, '22-2021-269', 'Restored an announcement', '00:26:43', '2022-02-21'),
(161, '22-2021-269', 'Deleted an announcement', '00:29:18', '2022-02-21'),
(162, '22-2021-269', 'Deleted an announcement', '00:29:23', '2022-02-21'),
(163, '22-2021-269', 'Deleted an announcement', '00:29:32', '2022-02-21'),
(164, '22-2021-269', 'Deleted an announcement', '00:29:45', '2022-02-21'),
(165, '22-2021-269', 'Restored an announcement', '00:29:53', '2022-02-21'),
(166, '22-2021-269', 'Archived an announcement', '00:30:07', '2022-02-21'),
(167, '22-2021-269', 'Restored an announcement', '00:30:13', '2022-02-21'),
(168, '22-2021-269', 'Archived an announcement', '00:58:31', '2022-02-21'),
(169, '22-2021-355', 'Enrolled <b>Donna N. Jean (New Student)</b> in <b>ABELS-1B</b> for the academic year <b>2018 - 2019 (1st Semester)</b>', '03:32:54', '2022-02-21'),
(170, '22-2021-269', 'Activated academic year <b>2018 - 2019 (2nd Semester)</b>', '14:30:35', '2022-02-22'),
(171, '22-2021-269', 'Activated academic year <b>2018 - 2019 (1st Semester)</b>', '14:31:13', '2022-02-22'),
(172, '22-2021-269', 'Added academic year <b>2025 - 2026 (1st Semester)</b>', '14:31:57', '2022-02-22'),
(173, '22-2021-269', 'Added <b>Nicole Guniabo (System Admin)</b> as authorized user', '14:32:50', '2022-02-22'),
(174, '22-2021-269', 'Posted an announcement', '14:39:08', '2022-02-22'),
(175, '22-2021-269', 'Archived an announcement', '14:39:25', '2022-02-22'),
(176, '22-2021-269', 'Restored an announcement', '14:39:34', '2022-02-22'),
(177, '22-2021-269', 'Account has been updated', '14:39:48', '2022-02-22'),
(178, '22-2021-269', 'Reset password back to default on <b>Samson Banihit (Registrar)</b> account', '14:41:08', '2022-02-22'),
(179, '22-2021-355', 'Deleted <b>College Of Education (COED)</b> department', '14:42:08', '2022-02-22'),
(180, '22-2021-355', 'Added new department <b>College Of Languages (COL)</b>', '14:42:32', '2022-02-22'),
(181, '22-2021-355', 'Added new program <b>English Language Studies (ENG)</b>', '14:43:25', '2022-02-22'),
(182, '22-2021-355', 'Added new curriculum <b>ENG - 2018</b>', '14:43:56', '2022-02-22'),
(183, '22-2021-355', 'Activated <b>ENG - 2018</b> curriculum', '14:44:01', '2022-02-22'),
(184, '22-2021-355', 'Added new subject <b>Physical Education1 (PE1)</b> on <b>ENG</b> course (<b>1st Year - 1st Semester</b>)', '14:44:39', '2022-02-22'),
(185, '22-2021-355', 'Added new subject <b>Physical Education 2 (PE 2)</b> on <b>ENG</b> course (<b>1st Year - 2nd Semester</b>)', '14:45:10', '2022-02-22'),
(186, '22-2021-355', 'Loaded <b>PE1: Physical Education1</b> subject on <b>Saturday</b> schedule for <b>Juvani Delos Santos (Teacher)</b> on <b>ENG - 1B</b>', '14:48:19', '2022-02-22'),
(187, '22-2021-355', 'Enrolled <b>Tony S. Hawk (New Student)</b> in <b>ENG-1B</b> for the academic year <b>2018 - 2019 (1st Semester)</b>', '14:50:54', '2022-02-22'),
(188, '22-2021-355', 'Loaded subject <b>PE1: Physical Education1</b> on <b>Tony S. Hawk (Student)</b>', '14:51:26', '2022-02-22'),
(189, '22-2021-355', 'Loaded subject <b>PE 2: Physical Education 2</b> on <b>Tony S. Hawk (Student)</b>', '14:52:05', '2022-02-22'),
(190, '22-2021-355', 'Deleted subject <b>PE 2: Physical Education 2</b> from <b>Tony S. Hawk (Student)</b> subject load schedule on academic year <b>2018 - 2019 (1st Semester)</b>', '14:53:18', '2022-02-22'),
(191, '28-2021-483', 'Encoded grades on <b>ENG-1B</b> for the subject <b>PE1: Physical Education1</b> on <b>Prelim</b> period', '14:58:10', '2022-02-22'),
(192, '28-2021-483', 'Encoded grades on <b>ENG-1B</b> for the subject <b>PE1: Physical Education1</b> on <b>Midterm</b> period', '14:59:50', '2022-02-22'),
(193, '28-2021-483', 'Encoded grades on <b>ENG-1B</b> for the subject <b>PE1: Physical Education1</b> on <b>Final</b> period', '15:00:04', '2022-02-22'),
(194, '28-2021-483', 'Encoded grades on <b>ENG-1B</b> for the subject <b>PE1: Physical Education1</b> on <b>Prelim</b> period', '15:01:22', '2022-02-22'),
(195, '28-2021-483', 'Account has been updated', '15:03:01', '2022-02-22'),
(196, '22-2021-355', 'Reset password back to default on <b>Samson S. Banihit Updated (Student)</b> account', '15:05:39', '2022-02-22'),
(197, '22-2021-269', 'Hid an announcement', '15:07:34', '2022-02-22'),
(198, '22-2021-355', 'Deleted <b>PUCOM 030: Purposive Communication</b> subject on <b>Monday</b> schedule of <b>Rhyan De Loyola (Teacher)</b> on <b>ABELS - 1A</b>', '16:31:13', '2022-02-22'),
(199, '22-2021-355', 'Deleted <b>PUCOM 030: Purposive Communication</b> subject on <b>Wednesday</b> schedule of <b>Rhyan De Loyola (Teacher)</b> on <b>ABELS - 1A</b>', '16:31:33', '2022-02-22'),
(200, '22-2021-355', 'Loaded <b>PUCOM 030: Purposive Communication</b> subject on <b>Monday</b> schedule for <b>Rhyan De Loyola (Teacher)</b> on <b>ABELS - 1A</b>', '16:33:04', '2022-02-22'),
(201, '22-2021-355', 'Loaded <b>PUCOM 030: Purposive Communication</b> subject on <b>Wednesday</b> schedule for <b>Rhyan De Loyola (Teacher)</b> on <b>ABELS - 1A</b>', '16:33:04', '2022-02-22'),
(202, '22-2021-355', 'Loaded subject <b>CITE1004: Introduction to Computing</b> on <b>Samson B. Gomez (Student)</b>', '16:38:45', '2022-02-22'),
(203, '22-2021-138', 'Encoded grades on <b>BSIT-1A</b> for the subject <b>GEDC 1002: The Contemporary World</b> on <b>Prelim</b> period', '16:50:23', '2022-02-22'),
(204, '22-2021-138', 'Encoded grades on <b>BSIT-1A</b> for the subject <b>GEDC 1002: The Contemporary World</b> on <b>Midterm</b> period', '16:50:42', '2022-02-22'),
(205, '22-2021-138', 'Encoded grades on <b>BSIT-1A</b> for the subject <b>GEDC 1002: The Contemporary World</b> on <b>Final</b> period', '16:51:00', '2022-02-22'),
(206, '22-2021-269', 'Reset password back to default on <b>Rojjjhg Dedoyco (System Admin)</b> account', '13:57:07', '2022-02-24'),
(207, '22-2021-269', 'Added academic year <b>2040 - 2041 (2nd Semester)</b>', '14:00:26', '2022-02-24'),
(208, '22-2021-269', 'Activated academic year <b>2018 - 2019 (2nd Semester)</b>', '14:00:41', '2022-02-24'),
(209, '22-2021-269', 'Added <b>Rojjy Dedoyco (System Admin)</b> as authorized user', '14:01:35', '2022-02-24'),
(210, '22-2021-269', 'Posted an announcement', '14:02:43', '2022-02-24'),
(211, '22-2021-269', 'Archived an announcement', '14:03:04', '2022-02-24'),
(212, '22-2021-269', 'Restored an announcement', '14:03:15', '2022-02-24'),
(213, '22-2021-269', 'Account has been updated', '14:03:32', '2022-02-24'),
(214, '22-2021-269', 'Reset password back to default on <b>Samson Banihit (Registrar)</b> account', '14:03:47', '2022-02-24'),
(215, '22-2021-355', 'Added new department <b>College Of Criminal Justice (CCJ)</b>', '14:05:18', '2022-02-24'),
(216, '22-2021-355', 'Added new program <b>Bachelor Of Science In Criminology (BSC)</b>', '14:06:05', '2022-02-24'),
(217, '22-2021-355', 'Added new curriculum <b>BSC - 2018</b>', '14:06:37', '2022-02-24'),
(218, '22-2021-355', 'Activated <b>BSC - 2018</b> curriculum', '14:06:42', '2022-02-24'),
(219, '22-2021-355', 'Added new subject <b>Physical Education 1 (PE1)</b> on <b>BSC</b> course (<b>1st Year - 1st Semester</b>)', '14:07:18', '2022-02-24'),
(220, '22-2021-355', 'Added new subject <b>Physical Education 2 (PE2)</b> on <b>BSC</b> course (<b>1st Year - 2nd Semester</b>)', '14:07:41', '2022-02-24'),
(221, '22-2021-355', 'Loaded <b>: </b> subject on <b>Monday</b> schedule for <b>Orville Balangue (Teacher)</b> on <b>BSC - 1A</b>', '14:11:05', '2022-02-24'),
(222, '22-2021-355', 'Loaded <b>: </b> subject on <b>Wednesday</b> schedule for <b>Orville Balangue (Teacher)</b> on <b>BSC - 1A</b>', '14:11:05', '2022-02-24'),
(223, '22-2021-269', 'Activated academic year <b>2018 - 2019 (1st Semester)</b>', '14:11:45', '2022-02-24'),
(224, '22-2021-355', 'Loaded <b>PE1: Physical Education 1</b> subject on <b>Saturday</b> schedule for <b>Orville Balangue (Teacher)</b> on <b>BSC - 1A</b>', '14:12:34', '2022-02-24'),
(225, '22-2021-355', 'Enrolled <b>Nicole D. Gabinete (New Student)</b> in <b>BSC-1B</b> for the academic year <b>2018 - 2019 (1st Semester)</b>', '14:14:35', '2022-02-24'),
(226, '22-2021-355', 'Loaded subject <b>PE1: Physical Education 1</b> on <b>Nicole D. Gabinete (Student)</b>', '14:15:07', '2022-02-24'),
(227, '22-2021-355', 'Updated <b>PE1: Physical Education 1</b> subject load schedule of <b>Nicole D. Gabinete (Student)</b> on academic year <b>2018 - 2019 (1st Semester)</b>', '14:15:49', '2022-02-24'),
(228, '22-2021-355', 'Deleted subject <b>PHED 1001: Physical Education 1 (Physical Fitness and Conditioning)</b> from <b>Samson S. Banihit updated (Student)</b> subject load schedule on academic year <b>2018 - 2019 (1st Semester)</b>', '14:17:40', '2022-02-24'),
(229, '22-2021-355', 'Loaded subject <b>PHED 1001: Physical Education 1 (Physical Fitness and Conditioning)</b> on <b>Samson S. Banihit Updated (Student)</b>', '14:17:59', '2022-02-24'),
(230, '22-2021-355', 'Loaded subject <b>INTE 1006: System Administration and Maintenance 1</b> on <b>Samson S. Banihit Updated (Student)</b>', '14:17:59', '2022-02-24'),
(231, '22-2021-355', 'Credited <b>NSTP 1008: National Service Training Program 1</b> subject to <b>Thea Marie C. Dedoyco (Student)</b> on academic year <b>2018 - 2019 (1st Semester)</b>', '14:22:45', '2022-02-24'),
(232, '22-2021-355', 'Loaded subject <b>GEDC 1005: Mathematics in the Modern World</b> on <b>Thea Marie C. Dedoyco (Student)</b>', '14:23:03', '2022-02-24'),
(233, '22-2021-355', 'Loaded subject <b>GEDC 1008: Understanding the Self</b> on <b>Thea Marie C. Dedoyco (Student)</b>', '14:23:03', '2022-02-24'),
(234, '22-2021-355', 'Deleted credited subject <b>STIC 1002: Euthenics 1</b> on <b>Thea Marie C. Dedoyco (Student)</b>', '14:24:34', '2022-02-24'),
(235, '22-2021-355', 'Loaded subject <b>STIC 1002: Euthenics 1</b> on <b>Thea Marie C. Dedoyco (Student)</b>', '14:24:57', '2022-02-24'),
(236, '22-2021-138', 'Encoded grades on <b>BSIT-1B</b> for the subject <b>GEDC 1002: The Contemporary World</b> on <b>Prelim</b> period', '14:27:09', '2022-02-24'),
(237, '22-2021-138', 'Encoded grades on <b>BSIT-1B</b> for the subject <b>GEDC 1002: The Contemporary World</b> on <b>Prelim</b> period', '14:27:41', '2022-02-24'),
(238, '22-2021-138', 'Encoded grades on <b>BSIT-1B</b> for the subject <b>GEDC 1002: The Contemporary World</b> on <b>Prelim</b> period', '14:27:55', '2022-02-24'),
(239, '22-2021-138', 'Account has been updated', '14:29:18', '2022-02-24'),
(240, '22-2021-355', 'Reset password back to default on <b>Samson S. Banihit Updated (Student)</b> account', '14:31:20', '2022-02-24'),
(241, '22-2021-355', 'Loaded subject <b>TLLAC 130: Theories of Language and Language Acquisition</b> on <b>Crasiana R. Amerol (Student)</b>', '14:47:53', '2022-02-24'),
(242, '22-2021-355', 'Loaded subject <b>NSTPCW 130: National Service Training Program</b> on <b>Crasiana R. Amerol (Student)</b>', '14:47:53', '2022-02-24'),
(243, '22-2021-355', 'Loaded subject <b>USELF 030: Understanding the Self</b> on <b>Crasiana R. Amerol (Student)</b>', '14:47:53', '2022-02-24'),
(244, '22-2021-355', 'Loaded subject <b>ETHCS 030: Ethics</b> on <b>Crasiana R. Amerol (Student)</b>', '14:47:53', '2022-02-24'),
(245, '22-2021-355', 'Loaded subject <b>PAPTP 130: Pagbasa at Pagsulat Tungo sa Pananaliksik</b> on <b>Crasiana R. Amerol (Student)</b>', '14:47:53', '2022-02-24'),
(246, '22-2021-355', 'Loaded subject <b>PHYED 120: Rhythmic Activities: Folk and Social Dancing</b> on <b>Crasiana R. Amerol (Student)</b>', '14:47:53', '2022-02-24'),
(247, '22-2021-355', 'Loaded subject <b>THEOL 130: The Sacraments</b> on <b>Crasiana R. Amerol (Student)</b>', '14:47:53', '2022-02-24'),
(248, '22-2021-269', 'Activated academic year <b>2018 - 2019 (2nd Semester)</b>', '14:49:58', '2022-02-24'),
(249, '22-2021-269', 'Activated academic year <b>2018 - 2019 (1st Semester)</b>', '00:18:11', '2022-02-28'),
(250, '22-2021-138', 'Encoded grades on <b>BSIT-1A</b> for the subject <b>GEDC 1002: The Contemporary World</b> on <b>Prelim</b> period', '20:02:11', '2022-03-02'),
(251, '22-2021-138', 'Encoded grades on <b>BSIT-1A</b> for the subject <b>GEDC 1002: The Contemporary World</b> on <b>Prelim</b> period', '20:03:36', '2022-03-02'),
(252, '22-2021-138', 'Encoded grades on <b>BSIT-1A</b> for the subject <b>GEDC 1002: The Contemporary World</b> on <b>Prelim</b> period', '20:03:48', '2022-03-02'),
(253, '22-2021-269', 'Deleted academic year <b>2040 - 2041 (2nd Semester)</b>', '23:22:58', '2022-03-02'),
(254, '22-2021-269', 'Deleted academic year <b>2040 - 2041 (1st Semester)</b>', '23:23:02', '2022-03-02'),
(255, '22-2021-269', 'Deleted academic year <b>2027 - 2028 (1st Semester)</b>', '23:23:09', '2022-03-02'),
(256, '22-2021-269', 'Deleted academic year <b>2026 - 2027 (1st Semester)</b>', '23:23:13', '2022-03-02'),
(257, '22-2021-269', 'Deleted academic year <b>2025 - 2026 (1st Semester)</b>', '23:23:18', '2022-03-02'),
(258, '22-2021-269', 'Deleted academic year <b>2025 - 2026 (2nd Semester)</b>', '23:23:22', '2022-03-02'),
(259, '22-2021-269', 'Deleted academic year <b>2024 - 2025 (1st Semester)</b>', '23:23:36', '2022-03-02'),
(260, '22-2021-269', 'Archived academic year <b>2023 - 2024 (2nd Semester)</b>', '00:21:39', '2022-03-03'),
(261, '22-2021-269', 'Archived academic year <b>2023 - 2024 (1st Semester)</b>', '00:21:52', '2022-03-03'),
(262, '22-2021-269', 'Restored academic year <b>2023 - 2024 (2nd Semester)</b>', '00:22:01', '2022-03-03'),
(263, '22-2021-269', 'Archived <b>Donna Belle (System Admin)</b> account', '00:42:21', '2022-03-04'),
(264, '22-2021-269', 'Archived <b>Fsdf Sdfsd (Teacher)</b> account', '00:42:54', '2022-03-04'),
(265, '22-2021-269', 'Restored <b>Donna Belle (System Admin)</b> account', '00:43:05', '2022-03-04'),
(266, '22-2021-269', 'Unhid an announcement', '00:54:32', '2022-03-04'),
(267, '22-2021-269', 'Unhid an announcement', '00:54:41', '2022-03-04'),
(268, '22-2021-269', 'Deleted an announcement', '00:55:04', '2022-03-04'),
(269, '22-2021-269', 'Deleted an announcement', '00:55:07', '2022-03-04'),
(270, '22-2021-269', 'Deleted an announcement', '00:55:11', '2022-03-04'),
(271, '22-2021-269', 'Deleted an announcement', '00:55:14', '2022-03-04'),
(272, '22-2021-269', 'Restored an announcement', '00:56:07', '2022-03-04'),
(273, '22-2021-269', 'Account has been updated', '00:56:52', '2022-03-04'),
(274, '22-2021-269', 'Archived academic year <b>2023 - 2024 (2nd Semester)</b>', '00:57:46', '2022-03-04'),
(275, '22-2021-269', 'Archived academic year <b>2022 - 2023 (2nd Semester)</b>', '00:58:24', '2022-03-04'),
(276, '22-2021-269', 'Archived academic year <b>2022 - 2023 (1st Semester)</b>', '00:58:28', '2022-03-04'),
(277, '22-2021-269', 'Archived academic year <b>2021 - 2022 (2nd Semester)</b>', '00:58:34', '2022-03-04'),
(278, '22-2021-269', 'Archived academic year <b>2021 - 2022 (1st Semester)</b>', '00:58:45', '2022-03-04'),
(279, '22-2021-269', 'Archived academic year <b>2020 - 2021 (2nd Semester)</b>', '00:58:50', '2022-03-04'),
(280, '22-2021-269', 'Activated academic year <b>2018 - 2019 (2nd Semester)</b>', '15:17:12', '2022-03-06'),
(281, '22-2021-269', 'Activated academic year <b>2018 - 2019 (1st Semester)</b>', '15:17:28', '2022-03-06'),
(282, '22-2021-269', 'Deactivated <b>Leni Marcos (System Admin)</b> account', '15:17:52', '2022-03-06'),
(283, '22-2021-269', 'Reset password back to default on <b>Rojj Dedoyco (System Admin)</b> account', '15:45:58', '2022-03-06'),
(284, '22-2021-138', 'Encoded grades on <b>BSIT-1B</b> for the subject <b>GEDC 1002: The Contemporary World</b> on <b>Prelim</b> period', '16:32:51', '2022-03-06'),
(285, '22-2021-355', 'Reset password back to default on <b>Samson S. Banihit Updated (Student)</b> account', '01:04:58', '2022-03-07'),
(286, '22-2021-269', 'Activated academic year <b>2018 - 2019 (2nd Semester)</b>', '01:13:25', '2022-03-07'),
(287, '22-2021-269', 'Activated academic year <b>2018 - 2019 (1st Semester)</b>', '01:13:55', '2022-03-07'),
(288, '22-2021-269', 'Activated academic year <b>2018 - 2019 (2nd Semester)</b>', '01:14:23', '2022-03-07'),
(289, '22-2021-355', 'Deleted <b>Samson S. Banihit Updated  (Student)</b> enrollment information on academic year <b>2018 - 2019 (2nd Semester)</b>', '01:14:37', '2022-03-07'),
(290, '22-2021-269', 'Activated academic year <b>2018 - 2019 (1st Semester)</b>', '01:34:19', '2022-03-07'),
(291, '22-2021-355', 'Deleted <b>Physical Education 2 (PE2)</b> subject on <b>BSC</b> course (<b>1st Year - 2nd Semester</b>)', '02:52:32', '2022-03-07'),
(292, '22-2021-355', 'Deleted <b>Physical Education 1 (PE1)</b> subject on <b>BSC</b> course (<b>1st Year - 1st Semester</b>)', '02:52:37', '2022-03-07'),
(293, '22-2021-355', 'Deleted <b>BSC - 2018</b> curriculum', '02:53:13', '2022-03-07'),
(294, '22-2021-355', 'Deleted <b>Bachelor Of Science In Criminology (BSC)</b> program', '02:57:45', '2022-03-07'),
(295, '22-2021-355', 'Deleted <b>College Of Criminal Justice (CCJ)</b> department', '02:57:53', '2022-03-07'),
(296, '22-2021-355', 'Deleted <b>The Comtemporary World (TRY 1)</b> subject on <b>BSME</b> course (<b>1st Year - 1st Semester</b>)', '02:59:31', '2022-03-07'),
(297, '22-2021-355', 'Deleted <b>Physical Education 1 (PE TRY1)</b> subject on <b>BSME</b> course (<b>1st Year - 2nd Semester</b>)', '02:59:35', '2022-03-07'),
(298, '22-2021-355', 'Deleted <b>BSME - 2018</b> curriculum', '02:59:51', '2022-03-07'),
(299, '22-2021-355', 'Deleted <b>Bachelor Of Science In Mechanical Engineering (BSME)</b> program', '03:02:14', '2022-03-07'),
(300, '22-2021-355', 'Deleted <b>Bachelor Of Science In Macho Dansah (BSMD)</b> program', '03:04:50', '2022-03-07'),
(301, '22-2021-355', 'Deleted <b>College Of Engineering (COE)</b> department', '03:05:04', '2022-03-07'),
(302, '22-2021-355', 'Deleted <b>Physical Education 2 (PE 2)</b> subject on <b>ENG</b> course (<b>1st Year - 2nd Semester</b>)', '03:15:39', '2022-03-07'),
(303, '22-2021-355', 'Deleted <b>Physical Education1 (PE1)</b> subject on <b>ENG</b> course (<b>1st Year - 1st Semester</b>)', '03:15:44', '2022-03-07'),
(304, '22-2021-355', 'Deleted <b>ENG - 2018</b> curriculum', '03:15:54', '2022-03-07'),
(305, '22-2021-355', 'Deleted <b>English Language Studies (ENG)</b> program', '03:18:42', '2022-03-07'),
(306, '22-2021-355', 'Deleted <b>College Of Languages (COL)</b> department', '03:18:50', '2022-03-07'),
(307, '28-2021-459', 'Encoded grades on <b>BSA-1A</b> for the subject <b>THEOL1C0: The Creed</b> on <b>Prelim</b> period', '15:26:42', '2022-03-07'),
(308, '16-2022-464', 'Deleted <b>PHYED 020: Physical Fitness</b> subject on <b>Monday</b> schedule of <b>Baby Kooken (Teacher)</b> on <b>ABELS - 1B</b>', '16:03:29', '2022-03-07'),
(309, '16-2022-464', 'Deleted <b>PE 1: Physical Fitness</b> subject on <b>Wednesday</b> schedule of <b>Baby Kooken (Teacher)</b> on <b>ABE - 1A</b>', '16:08:15', '2022-03-07'),
(310, '16-2022-464', 'Loaded <b>COWOR030: The Contemporary World</b> subject on <b>Wednesday</b> schedule for <b>Baby Kooken (Teacher)</b> on <b>BSA - 1A</b>', '16:09:13', '2022-03-07'),
(311, '11-2022-238', 'Added <b>Bella Ramos (Teacher)</b> as authorized user', '16:22:28', '2022-03-07'),
(312, '11-2022-238', 'Added <b>Ace Craig (Teacher)</b> as authorized user', '16:25:24', '2022-03-07'),
(313, '16-2022-464', 'Deleted <b>PHYED 020: Physical Fitness</b> subject on <b>Monday</b> schedule of <b>Baby Kooken (Teacher)</b> on <b>ABELS - 1C</b>', '16:29:28', '2022-03-07'),
(314, '16-2022-464', 'Deleted <b>PHYED012: Physical Fitness</b> subject on <b>Monday</b> schedule of <b>Baby Kooken (Teacher)</b> on <b>BSA - 1C</b>', '16:29:33', '2022-03-07'),
(315, '16-2022-464', 'Deleted <b>PHYED 020: Physical Fitness</b> subject on <b>Tuesday</b> schedule of <b>Baby Kooken (Teacher)</b> on <b>ABELS - 1D</b>', '16:29:43', '2022-03-07'),
(316, '16-2022-464', 'Deleted <b>PHYED012: Physical Fitness</b> subject on <b>Tuesday</b> schedule of <b>Baby Kooken (Teacher)</b> on <b>BSA - 1D</b>', '16:29:51', '2022-03-07'),
(317, '16-2022-464', 'Deleted <b>COWOR030: The Contemporary World</b> subject on <b>Wednesday</b> schedule of <b>Baby Kooken (Teacher)</b> on <b>BSA - 1A</b>', '16:29:56', '2022-03-07'),
(318, '16-2022-464', 'Deleted <b>PE 1: Physical Fitness</b> subject on <b>Wednesday</b> schedule of <b>Baby Kooken (Teacher)</b> on <b>ABE - 1B</b>', '16:30:03', '2022-03-07'),
(319, '16-2022-464', 'Deleted <b>PE 1: Physical Fitness</b> subject on <b>Thursday</b> schedule of <b>Baby Kooken (Teacher)</b> on <b>ABE - 1D</b>', '16:30:10', '2022-03-07'),
(320, '16-2022-464', 'Deleted <b>PE 1: Physical Fitness</b> subject on <b>Thursday</b> schedule of <b>Baby Kooken (Teacher)</b> on <b>ABE - 1C</b>', '16:30:16', '2022-03-07'),
(321, '16-2022-464', 'Deleted <b>PHED 1001: Physical Education 1 (Physical Fitness and Conditioning)</b> subject on <b>Friday</b> schedule of <b>Baby Kooken (Teacher)</b> on <b>BSIT - 1B</b>', '16:30:24', '2022-03-07'),
(322, '16-2022-464', 'Deleted <b>PHYED 020: Physical Fitness</b> subject on <b>Friday</b> schedule of <b>Baby Kooken (Teacher)</b> on <b>ABELS - 1A</b>', '16:30:33', '2022-03-07'),
(323, '16-2022-464', 'Deleted <b>PHYED012: Physical Fitness</b> subject on <b>Saturday</b> schedule of <b>Baby Kooken (Teacher)</b> on <b>BSA - 1B</b>', '16:30:38', '2022-03-07'),
(324, '16-2022-464', 'Deleted <b>PHYED012: Physical Fitness</b> subject on <b>Saturday</b> schedule of <b>Baby Kooken (Teacher)</b> on <b>BSA - 1A</b>', '16:30:45', '2022-03-07'),
(325, '16-2022-464', 'Deleted <b>TRY1: The Contemporary World</b> subject on <b></b> schedule of <b>Baby Kooken (Teacher)</b> on <b>BSED - 1A</b>', '16:30:50', '2022-03-07'),
(326, '16-2022-464', 'Deleted <b>FIL 1: Komunikasyon sa Akademikong Filipino</b> subject on <b>Monday</b> schedule of <b>Sharon Cuneta (Teacher)</b> on <b>ABE - 1A</b>', '16:31:04', '2022-03-07'),
(327, '16-2022-464', 'Deleted <b>INTAG110: Introduction to Agriculture</b> subject on <b>Monday</b> schedule of <b>Sharon Cuneta (Teacher)</b> on <b>BSA - 1A</b>', '16:31:42', '2022-03-07'),
(328, '16-2022-464', 'Deleted <b>FIL 1: Komunikasyon sa Akademikong Filipino</b> subject on <b>Monday</b> schedule of <b>Sharon Cuneta (Teacher)</b> on <b>ABE - 1B</b>', '16:31:51', '2022-03-07'),
(329, '16-2022-464', 'Deleted <b>NSTPCW 030: National Service Training Program</b> subject on <b>Tuesday</b> schedule of <b>Sharon Cuneta (Teacher)</b> on <b>ABELS - 1A</b>', '16:32:21', '2022-03-07'),
(330, '16-2022-464', 'Deleted <b>INTAG110: Introduction to Agriculture</b> subject on <b>Tuesday</b> schedule of <b>Sharon Cuneta (Teacher)</b> on <b>BSA - 1B</b>', '16:32:27', '2022-03-07'),
(331, '16-2022-464', 'Deleted <b>INTAG110: Introduction to Agriculture</b> subject on <b>Tuesday</b> schedule of <b>Sharon Cuneta (Teacher)</b> on <b>BSA - 1C</b>', '16:32:33', '2022-03-07'),
(332, '16-2022-464', 'Deleted <b>NSTPCW 030: National Service Training Program</b> subject on <b>Wednesday</b> schedule of <b>Sharon Cuneta (Teacher)</b> on <b>ABELS - 1B</b>', '16:32:40', '2022-03-07'),
(333, '16-2022-464', 'Deleted <b>INTAG110: Introduction to Agriculture</b> subject on <b>Wednesday</b> schedule of <b>Sharon Cuneta (Teacher)</b> on <b>BSA - 1D</b>', '16:32:46', '2022-03-07'),
(334, '16-2022-464', 'Deleted <b>FIL 1: Komunikasyon sa Akademikong Filipino</b> subject on <b>Thursday</b> schedule of <b>Sharon Cuneta (Teacher)</b> on <b>ABE - 1D</b>', '16:32:52', '2022-03-07'),
(335, '16-2022-464', 'Deleted <b>FIL 1: Komunikasyon sa Akademikong Filipino</b> subject on <b>Thursday</b> schedule of <b>Sharon Cuneta (Teacher)</b> on <b>ABE - 1C</b>', '16:33:18', '2022-03-07'),
(336, '16-2022-464', 'Deleted <b>NSTPCW 030: National Service Training Program</b> subject on <b>Friday</b> schedule of <b>Sharon Cuneta (Teacher)</b> on <b>ABELS - 1D</b>', '16:33:24', '2022-03-07'),
(337, '16-2022-464', 'Deleted <b>NSTPCW 030: National Service Training Program</b> subject on <b>Friday</b> schedule of <b>Sharon Cuneta (Teacher)</b> on <b>ABELS - 1C</b>', '16:33:30', '2022-03-07'),
(338, '16-2022-464', 'Deleted <b>NSTP 1008: National Service Training Program 1</b> subject on <b>Saturday</b> schedule of <b>Sharon Cuneta (Teacher)</b> on <b>BSIT - 1B</b>', '16:33:36', '2022-03-07'),
(339, '16-2022-464', 'Deleted <b>PUCOM 030: Purposive Communication</b> subject on <b>Monday</b> schedule of <b>Rhyan De Loyola (Teacher)</b> on <b>ABELS - 1A</b>', '16:33:52', '2022-03-07'),
(340, '16-2022-464', 'Deleted <b>CRPRO13M: Crop Protection</b> subject on <b>Tuesday</b> schedule of <b>Rhyan De Loyola (Teacher)</b> on <b>BSA - 1A</b>', '16:33:56', '2022-03-07'),
(341, '16-2022-464', 'Deleted <b>GEDC 1002: The Contemporary World</b> subject on <b>Monday</b> schedule of <b>Rhyan De Loyola (Teacher)</b> on <b>BSIT - 1B</b>', '16:34:01', '2022-03-07'),
(342, '16-2022-464', 'Deleted <b>GEDC 1002: The Contemporary World</b> subject on <b>Wednesday</b> schedule of <b>Rhyan De Loyola (Teacher)</b> on <b>BSIT - 1B</b>', '16:34:08', '2022-03-07'),
(343, '16-2022-464', 'Deleted <b>PUCOM 030: Purposive Communication</b> subject on <b>Monday</b> schedule of <b>Rhyan De Loyola (Teacher)</b> on <b>ABELS - 1D</b>', '16:34:14', '2022-03-07'),
(344, '16-2022-464', 'Deleted <b>PUCOM 030: Purposive Communication</b> subject on <b>Wednesday</b> schedule of <b>Rhyan De Loyola (Teacher)</b> on <b>ABELS - 1D</b>', '16:34:23', '2022-03-07'),
(345, '16-2022-464', 'Deleted <b>GEDC 1002: The Contemporary World</b> subject on <b>Monday</b> schedule of <b>Rhyan De Loyola (Teacher)</b> on <b>BSIT - 1A</b>', '16:34:41', '2022-03-07'),
(346, '16-2022-464', 'Deleted <b>GEDC 1002: The Contemporary World</b> subject on <b>Wednesday</b> schedule of <b>Rhyan De Loyola (Teacher)</b> on <b>BSIT - 1A</b>', '16:35:49', '2022-03-07'),
(347, '16-2022-464', 'Deleted <b>PUCOM 030: Purposive Communication</b> subject on <b>Wednesday</b> schedule of <b>Rhyan De Loyola (Teacher)</b> on <b>ABELS - 1A</b>', '16:35:54', '2022-03-07'),
(348, '16-2022-464', 'Deleted <b>PUCOM 030: Purposive Communication</b> subject on <b>Tuesday</b> schedule of <b>Rhyan De Loyola (Teacher)</b> on <b>ABELS - 1B</b>', '16:35:59', '2022-03-07'),
(349, '16-2022-464', 'Deleted <b>PUCOM 030: Purposive Communication</b> subject on <b>Thursday</b> schedule of <b>Rhyan De Loyola (Teacher)</b> on <b>ABELS - 1B</b>', '16:36:04', '2022-03-07'),
(350, '16-2022-464', 'Deleted <b>PUCOM 030: Purposive Communication</b> subject on <b>Tuesday</b> schedule of <b>Rhyan De Loyola (Teacher)</b> on <b>ABELS - 1C</b>', '16:36:09', '2022-03-07'),
(351, '16-2022-464', 'Deleted <b>PUCOM 030: Purposive Communication</b> subject on <b>Thursday</b> schedule of <b>Rhyan De Loyola (Teacher)</b> on <b>ABELS - 1C</b>', '16:36:14', '2022-03-07'),
(352, '16-2022-464', 'Deleted <b>CRPRO13M: Crop Protection</b> subject on <b>Thursday</b> schedule of <b>Rhyan De Loyola (Teacher)</b> on <b>BSA - 1B</b>', '16:36:19', '2022-03-07'),
(353, '16-2022-464', 'Deleted <b>GE 1: Purposive Communication</b> subject on <b>Friday</b> schedule of <b>Rhyan De Loyola (Teacher)</b> on <b>ABE - 1D</b>', '16:36:24', '2022-03-07'),
(354, '16-2022-464', 'Deleted <b>GE 1: Purposive Communication</b> subject on <b>Friday</b> schedule of <b>Rhyan De Loyola (Teacher)</b> on <b>ABE - 1B</b>', '16:36:28', '2022-03-07'),
(355, '16-2022-464', 'Deleted <b>GE 1: Purposive Communication</b> subject on <b>Friday</b> schedule of <b>Rhyan De Loyola (Teacher)</b> on <b>ABE - 1A</b>', '16:36:32', '2022-03-07'),
(356, '16-2022-464', 'Deleted <b>GE 1: Purposive Communication</b> subject on <b>Friday</b> schedule of <b>Rhyan De Loyola (Teacher)</b> on <b>ABE - 1C</b>', '16:36:37', '2022-03-07'),
(357, '16-2022-464', 'Deleted <b>CRPRO13M: Crop Protection</b> subject on <b>Saturday</b> schedule of <b>Rhyan De Loyola (Teacher)</b> on <b>BSA - 1C</b>', '16:36:41', '2022-03-07'),
(358, '16-2022-464', 'Deleted <b>CRPRO13M: Crop Protection</b> subject on <b>Saturday</b> schedule of <b>Rhyan De Loyola (Teacher)</b> on <b>BSA - 1D</b>', '16:36:45', '2022-03-07'),
(359, '16-2022-464', 'Deleted <b>GE 2 : Readings in Philippine History</b> subject on <b>Monday</b> schedule of <b>Winna Bucao (Teacher)</b> on <b>ABE - 1A</b>', '16:36:58', '2022-03-07'),
(360, '16-2022-464', 'Deleted <b>MATMW 030: Mathematics in the Modern World</b> subject on <b>Monday</b> schedule of <b>Winna Bucao (Teacher)</b> on <b>ABELS - 1D</b>', '16:37:05', '2022-03-07'),
(361, '16-2022-464', 'Deleted <b>MATMW 030: Mathematics in the Modern World</b> subject on <b>Tuesday</b> schedule of <b>Winna Bucao (Teacher)</b> on <b>ABELS - 1A</b>', '16:37:21', '2022-03-07'),
(362, '16-2022-464', 'Deleted <b>GE 2 : Readings in Philippine History</b> subject on <b>Tuesday</b> schedule of <b>Winna Bucao (Teacher)</b> on <b>ABE - 1B</b>', '16:37:25', '2022-03-07'),
(363, '16-2022-464', 'Deleted <b>MATMW 030: Mathematics in the Modern World</b> subject on <b>Monday</b> schedule of <b>Winna Bucao (Teacher)</b> on <b>ABELS - 1C</b>', '16:37:29', '2022-03-07'),
(364, '16-2022-464', 'Deleted <b>MATMW 030: Mathematics in the Modern World</b> subject on <b>Wednesday</b> schedule of <b>Winna Bucao (Teacher)</b> on <b>ABELS - 1C</b>', '16:37:34', '2022-03-07'),
(365, '16-2022-464', 'Deleted <b>MATMW 030: Mathematics in the Modern World</b> subject on <b>Monday</b> schedule of <b>Winna Bucao (Teacher)</b> on <b>ABELS - 1B</b>', '16:37:39', '2022-03-07'),
(366, '16-2022-464', 'Deleted <b>MATMW 030: Mathematics in the Modern World</b> subject on <b>Wednesday</b> schedule of <b>Winna Bucao (Teacher)</b> on <b>ABELS - 1B</b>', '16:37:43', '2022-03-07'),
(367, '16-2022-464', 'Deleted <b>USELF030: Understanding the Self</b> subject on <b>Wednesday</b> schedule of <b>Winna Bucao (Teacher)</b> on <b>BSA - 1B</b>', '16:37:47', '2022-03-07'),
(368, '16-2022-464', 'Deleted <b>MATMW 030: Mathematics in the Modern World</b> subject on <b>Wednesday</b> schedule of <b>Winna Bucao (Teacher)</b> on <b>ABELS - 1D</b>', '16:37:55', '2022-03-07'),
(369, '16-2022-464', 'Deleted <b>CITE1004: Introduction to Computing</b> subject on <b>Tuesday</b> schedule of <b>Winna Bucao (Teacher)</b> on <b>BSIT - 1B</b>', '16:38:00', '2022-03-07'),
(370, '16-2022-464', 'Deleted <b>CITE1004: Introduction to Computing</b> subject on <b>Thursday</b> schedule of <b>Winna Bucao (Teacher)</b> on <b>BSIT - 1B</b>', '16:38:04', '2022-03-07'),
(371, '16-2022-464', 'Deleted <b>MATMW 030: Mathematics in the Modern World</b> subject on <b>Thursday</b> schedule of <b>Winna Bucao (Teacher)</b> on <b>ABELS - 1A</b>', '16:38:08', '2022-03-07'),
(372, '16-2022-464', 'Deleted <b>USELF030: Understanding the Self</b> subject on <b>Thursday</b> schedule of <b>Winna Bucao (Teacher)</b> on <b>BSA - 1A</b>', '16:38:12', '2022-03-07'),
(373, '16-2022-464', 'Deleted <b>GE 2 : Readings in Philippine History</b> subject on <b>Friday</b> schedule of <b>Winna Bucao (Teacher)</b> on <b>ABE - 1C</b>', '16:38:16', '2022-03-07'),
(374, '16-2022-464', 'Deleted <b>USELF030: Understanding the Self</b> subject on <b>Friday</b> schedule of <b>Winna Bucao (Teacher)</b> on <b>BSA - 1D</b>', '16:38:20', '2022-03-07'),
(375, '16-2022-464', 'Deleted <b>GE 2 : Readings in Philippine History</b> subject on <b>Friday</b> schedule of <b>Winna Bucao (Teacher)</b> on <b>ABE - 1D</b>', '16:38:23', '2022-03-07'),
(376, '16-2022-464', 'Deleted <b>USELF030: Understanding the Self</b> subject on <b>Saturday</b> schedule of <b>Winna Bucao (Teacher)</b> on <b>BSA - 1C</b>', '16:38:27', '2022-03-07'),
(377, '16-2022-464', 'Deleted <b>GE 3: Mathematics in the Modern World</b> subject on <b>Monday</b> schedule of <b>Nahdem Columida (Teacher)</b> on <b>ABE - 1A</b>', '16:38:45', '2022-03-07'),
(378, '16-2022-464', 'Deleted <b>ORCHE030: Organic Chemistry</b> subject on <b>Monday</b> schedule of <b>Nahdem Columida (Teacher)</b> on <b>BSA - 1C</b>', '16:38:49', '2022-03-07'),
(379, '16-2022-464', 'Deleted <b>GEDC 1005: Mathematics in the Modern World</b> subject on <b>Monday</b> schedule of <b>Nahdem Columida (Teacher)</b> on <b>BSIT - 1B</b>', '16:38:53', '2022-03-07'),
(380, '16-2022-464', 'Deleted <b>ORCHE030: Organic Chemistry</b> subject on <b>Monday</b> schedule of <b>Nahdem Columida (Teacher)</b> on <b>BSA - 1D</b>', '16:38:57', '2022-03-07'),
(381, '16-2022-464', 'Deleted <b>GE 3: Mathematics in the Modern World</b> subject on <b>Tuesday</b> schedule of <b>Nahdem Columida (Teacher)</b> on <b>ABE - 1B</b>', '16:39:01', '2022-03-07'),
(382, '16-2022-464', 'Deleted <b>ARTAP 030: Art Appreciation</b> subject on <b>Tuesday</b> schedule of <b>Nahdem Columida (Teacher)</b> on <b>ABELS - 1D</b>', '16:39:05', '2022-03-07'),
(383, '16-2022-464', 'Deleted <b>GE 3: Mathematics in the Modern World</b> subject on <b>Wednesday</b> schedule of <b>Nahdem Columida (Teacher)</b> on <b>ABE - 1C</b>', '16:39:09', '2022-03-07'),
(384, '16-2022-464', 'Deleted <b>GEDC 1005: Mathematics in the Modern World</b> subject on <b>Wednesday</b> schedule of <b>Nahdem Columida (Teacher)</b> on <b>BSIT - 1B</b>', '16:39:12', '2022-03-07'),
(385, '16-2022-464', 'Deleted <b>ARTAP 030: Art Appreciation</b> subject on <b>Tuesday</b> schedule of <b>Nahdem Columida (Teacher)</b> on <b>ABELS - 1C</b>', '16:39:16', '2022-03-07'),
(386, '16-2022-464', 'Deleted <b>ARTAP 030: Art Appreciation</b> subject on <b>Thursday</b> schedule of <b>Nahdem Columida (Teacher)</b> on <b>ABELS - 1C</b>', '16:39:20', '2022-03-07'),
(387, '16-2022-464', 'Deleted <b>ARTAP 030: Art Appreciation</b> subject on <b>Thursday</b> schedule of <b>Nahdem Columida (Teacher)</b> on <b>ABELS - 1D</b>', '16:39:23', '2022-03-07'),
(388, '16-2022-464', 'Deleted <b>ARTAP 030: Art Appreciation</b> subject on <b>Thursday</b> schedule of <b>Nahdem Columida (Teacher)</b> on <b>ABELS - 1B</b>', '16:39:27', '2022-03-07'),
(389, '16-2022-464', 'Deleted <b>ARTAP 030: Art Appreciation</b> subject on <b>Friday</b> schedule of <b>Nahdem Columida (Teacher)</b> on <b>ABELS - 1B</b>', '16:39:31', '2022-03-07'),
(390, '16-2022-464', 'Deleted <b>ARTAP 030: Art Appreciation</b> subject on <b>Thursday</b> schedule of <b>Nahdem Columida (Teacher)</b> on <b>ABELS - 1A</b>', '16:39:35', '2022-03-07'),
(391, '16-2022-464', 'Deleted <b>ARTAP 030: Art Appreciation</b> subject on <b>Friday</b> schedule of <b>Nahdem Columida (Teacher)</b> on <b>ABELS - 1A</b>', '16:39:39', '2022-03-07'),
(392, '16-2022-464', 'Deleted <b>GE 3: Mathematics in the Modern World</b> subject on <b>Friday</b> schedule of <b>Nahdem Columida (Teacher)</b> on <b>ABE - 1D</b>', '16:39:43', '2022-03-07'),
(393, '16-2022-464', 'Deleted <b>CITE1004: Introduction to Computing</b> subject on <b></b> schedule of <b>Nahdem Columida (Teacher)</b> on <b>BSIT - 1A</b>', '16:39:46', '2022-03-07'),
(394, '16-2022-464', 'Deleted <b>CITE1003: Computer Programming 1</b> subject on <b>Monday</b> schedule of <b>Ariel Sumagaysay (Teacher)</b> on <b>BSIT - 1B</b>', '16:39:56', '2022-03-07'),
(395, '16-2022-464', 'Deleted <b>REPHI 030: Readings in Philippine History</b> subject on <b>Monday</b> schedule of <b>Ariel Sumagaysay (Teacher)</b> on <b>ABELS - 1C</b>', '16:39:59', '2022-03-07'),
(396, '16-2022-464', 'Deleted <b>GE 4: Art Appreciation</b> subject on <b>Monday</b> schedule of <b>Ariel Sumagaysay (Teacher)</b> on <b>ABE - 1A</b>', '16:40:03', '2022-03-07'),
(397, '16-2022-464', 'Deleted <b>GE 4: Art Appreciation</b> subject on <b>Tuesday</b> schedule of <b>Ariel Sumagaysay (Teacher)</b> on <b>ABE - 1C</b>', '16:40:07', '2022-03-07'),
(398, '16-2022-464', 'Deleted <b>GE 4: Art Appreciation</b> subject on <b>Tuesday</b> schedule of <b>Ariel Sumagaysay (Teacher)</b> on <b>ABE - 1B</b>', '16:40:11', '2022-03-07'),
(399, '16-2022-464', 'Deleted <b>REPHI 030: Readings in Philippine History</b> subject on <b>Tuesday</b> schedule of <b>Ariel Sumagaysay (Teacher)</b> on <b>ABELS - 1B</b>', '16:40:14', '2022-03-07'),
(400, '16-2022-464', 'Deleted <b>REPHI 030: Readings in Philippine History</b> subject on <b>Monday</b> schedule of <b>Ariel Sumagaysay (Teacher)</b> on <b>ABELS - 1A</b>', '16:40:18', '2022-03-07'),
(401, '16-2022-464', 'Deleted <b>REPHI 030: Readings in Philippine History</b> subject on <b>Wednesday</b> schedule of <b>Ariel Sumagaysay (Teacher)</b> on <b>ABELS - 1A</b>', '16:40:22', '2022-03-07'),
(402, '16-2022-464', 'Deleted <b>CITE1003: Computer Programming 1</b> subject on <b>Wednesday</b> schedule of <b>Ariel Sumagaysay (Teacher)</b> on <b>BSIT - 1B</b>', '16:40:30', '2022-03-07'),
(403, '16-2022-464', 'Deleted <b>REPHI 030: Readings in Philippine History</b> subject on <b>Wednesday</b> schedule of <b>Ariel Sumagaysay (Teacher)</b> on <b>ABELS - 1C</b>', '16:40:34', '2022-03-07'),
(404, '16-2022-464', 'Deleted <b>REPHI 030: Readings in Philippine History</b> subject on <b>Tuesday</b> schedule of <b>Ariel Sumagaysay (Teacher)</b> on <b>ABELS - 1D</b>', '16:40:38', '2022-03-07'),
(405, '16-2022-464', 'Deleted <b>REPHI 030: Readings in Philippine History</b> subject on <b>Thursday</b> schedule of <b>Ariel Sumagaysay (Teacher)</b> on <b>ABELS - 1D</b>', '16:40:42', '2022-03-07'),
(406, '16-2022-464', 'Deleted <b>REPHI 030: Readings in Philippine History</b> subject on <b>Thursday</b> schedule of <b>Ariel Sumagaysay (Teacher)</b> on <b>ABELS - 1B</b>', '16:40:45', '2022-03-07'),
(407, '16-2022-464', 'Deleted <b>GE 4: Art Appreciation</b> subject on <b>Thursday</b> schedule of <b>Ariel Sumagaysay (Teacher)</b> on <b>ABE - 1D</b>', '16:40:49', '2022-03-07'),
(408, '16-2022-464', 'Deleted <b>KAFIL030: Komunikasyon sa Akademikong Filipino</b> subject on <b>Friday</b> schedule of <b>Ariel Sumagaysay (Teacher)</b> on <b>BSA - 1C</b>', '16:40:53', '2022-03-07'),
(409, '16-2022-464', 'Deleted <b>KAFIL030: Komunikasyon sa Akademikong Filipino</b> subject on <b>Friday</b> schedule of <b>Ariel Sumagaysay (Teacher)</b> on <b>BSA - 1D</b>', '16:40:56', '2022-03-07'),
(410, '16-2022-464', 'Deleted <b>COWOR030: The Contemporary World</b> subject on <b>Friday</b> schedule of <b>Ariel Sumagaysay (Teacher)</b> on <b>BSA - 1D</b>', '16:41:01', '2022-03-07'),
(411, '16-2022-464', 'Deleted <b>COWOR030: The Contemporary World</b> subject on <b>Friday</b> schedule of <b>Ariel Sumagaysay (Teacher)</b> on <b>BSA - 1C</b>', '16:41:05', '2022-03-07'),
(412, '16-2022-464', 'Deleted <b>HISLA 1: History of the Language</b> subject on <b>Monday</b> schedule of <b>May Cuaycong (Teacher)</b> on <b>ABE - 1B</b>', '16:41:18', '2022-03-07'),
(413, '16-2022-464', 'Deleted <b>THEOL 030: The Creed</b> subject on <b>Monday</b> schedule of <b>May Cuaycong (Teacher)</b> on <b>ABELS - 1A</b>', '16:41:22', '2022-03-07'),
(414, '16-2022-464', 'Deleted <b>HISLA 1: History of the Language</b> subject on <b>Monday</b> schedule of <b>May Cuaycong (Teacher)</b> on <b>ABE - 1A</b>', '16:41:25', '2022-03-07'),
(415, '16-2022-464', 'Deleted <b>HISLA 1: History of the Language</b> subject on <b>Tuesday</b> schedule of <b>May Cuaycong (Teacher)</b> on <b>ABE - 1C</b>', '16:41:28', '2022-03-07'),
(416, '16-2022-464', 'Deleted <b>GEDC 1008: Understanding the Self</b> subject on <b>Tuesday</b> schedule of <b>May Cuaycong (Teacher)</b> on <b>BSIT - 1B</b>', '16:41:32', '2022-03-07'),
(417, '16-2022-464', 'Deleted <b>HISLA 1: History of the Language</b> subject on <b>Tuesday</b> schedule of <b>May Cuaycong (Teacher)</b> on <b>ABE - 1D</b>', '16:41:35', '2022-03-07'),
(418, '16-2022-464', 'Deleted <b>THEOL 030: The Creed</b> subject on <b>Wednesday</b> schedule of <b>May Cuaycong (Teacher)</b> on <b>ABELS - 1A</b>', '16:41:38', '2022-03-07'),
(419, '16-2022-464', 'Deleted <b>THEOL 030: The Creed</b> subject on <b>Wednesday</b> schedule of <b>May Cuaycong (Teacher)</b> on <b>ABELS - 1C</b>', '16:41:42', '2022-03-07'),
(420, '16-2022-464', 'Deleted <b>THEOL 030: The Creed</b> subject on <b>Thursday</b> schedule of <b>May Cuaycong (Teacher)</b> on <b>ABELS - 1C</b>', '16:41:45', '2022-03-07'),
(421, '16-2022-464', 'Deleted <b>GEDC 1008: Understanding the Self</b> subject on <b>Thursday</b> schedule of <b>May Cuaycong (Teacher)</b> on <b>BSIT - 1B</b>', '16:41:48', '2022-03-07'),
(422, '16-2022-464', 'Deleted <b>THEOL 030: The Creed</b> subject on <b>Thursday</b> schedule of <b>May Cuaycong (Teacher)</b> on <b>ABELS - 1D</b>', '16:41:52', '2022-03-07'),
(423, '16-2022-464', 'Deleted <b>THEOL 030: The Creed</b> subject on <b>Monday</b> schedule of <b>May Cuaycong (Teacher)</b> on <b>ABELS - 1B</b>', '16:41:55', '2022-03-07'),
(424, '16-2022-464', 'Deleted <b>THEOL 030: The Creed</b> subject on <b>Friday</b> schedule of <b>May Cuaycong (Teacher)</b> on <b>ABELS - 1B</b>', '16:41:59', '2022-03-07'),
(425, '16-2022-464', 'Deleted <b>REPHI030: Readings in Philippine History</b> subject on <b>Friday</b> schedule of <b>May Cuaycong (Teacher)</b> on <b>BSA - 1C</b>', '16:42:03', '2022-03-07');
INSERT INTO `user_log` (`user_log_id`, `account_user_id`, `user_action`, `user_log_time`, `user_log_date`) VALUES
(426, '16-2022-464', 'Deleted <b>REPHI030: Readings in Philippine History</b> subject on <b>Friday</b> schedule of <b>May Cuaycong (Teacher)</b> on <b>BSA - 1D</b>', '16:42:06', '2022-03-07'),
(427, '16-2022-464', 'Deleted <b>THEOL 030: The Creed</b> subject on <b>Friday</b> schedule of <b>May Cuaycong (Teacher)</b> on <b>ABELS - 1D</b>', '16:42:11', '2022-03-07'),
(428, '16-2022-464', 'Deleted <b>THEO 1: Salvation History</b> subject on <b>Monday</b> schedule of <b>Orville Balangue (Teacher)</b> on <b>ABE - 1B</b>', '16:42:21', '2022-03-07'),
(429, '16-2022-464', 'Deleted <b>THEO 1: Salvation History</b> subject on <b>Monday</b> schedule of <b>Orville Balangue (Teacher)</b> on <b>ABE - 1A</b>', '16:42:25', '2022-03-07'),
(430, '16-2022-464', 'Deleted <b>KAFIL 030: Komunikasyon sa Akademikong Filipino</b> subject on <b>Monday</b> schedule of <b>Orville Balangue (Teacher)</b> on <b>ABELS - 1D</b>', '16:42:29', '2022-03-07'),
(431, '16-2022-464', 'Deleted <b>GEDC 1004: Filipino 1: Istruktura ng Wikang Filipino</b> subject on <b>Tuesday</b> schedule of <b>Orville Balangue (Teacher)</b> on <b>BSIT - 1B</b>', '16:42:32', '2022-03-07'),
(432, '16-2022-464', 'Deleted <b>KAFIL 030: Komunikasyon sa Akademikong Filipino</b> subject on <b>Tuesday</b> schedule of <b>Orville Balangue (Teacher)</b> on <b>ABELS - 1C</b>', '16:42:36', '2022-03-07'),
(433, '16-2022-464', 'Deleted <b>KAFIL 030: Komunikasyon sa Akademikong Filipino</b> subject on <b>Tuesday</b> schedule of <b>Orville Balangue (Teacher)</b> on <b>ABELS - 1B</b>', '16:42:39', '2022-03-07'),
(434, '16-2022-464', 'Deleted <b>THEOL1C0: The Creed</b> subject on <b>Wednesday</b> schedule of <b>Orville Balangue (Teacher)</b> on <b>BSA - 1C</b>', '16:42:43', '2022-03-07'),
(435, '16-2022-464', 'Deleted <b>THEOL1C0: The Creed</b> subject on <b>Wednesday</b> schedule of <b>Orville Balangue (Teacher)</b> on <b>BSA - 1D</b>', '16:42:46', '2022-03-07'),
(436, '16-2022-464', 'Deleted <b>NSTPCW130: National Service Training Program</b> subject on <b>Thursday</b> schedule of <b>Orville Balangue (Teacher)</b> on <b>BSA - 1C</b>', '16:42:49', '2022-03-07'),
(437, '16-2022-464', 'Deleted <b>GEDC 1004: Filipino 1: Istruktura ng Wikang Filipino</b> subject on <b>Thursday</b> schedule of <b>Orville Balangue (Teacher)</b> on <b>BSIT - 1B</b>', '16:42:53', '2022-03-07'),
(438, '16-2022-464', 'Deleted <b>NSTPCW130: National Service Training Program</b> subject on <b>Thursday</b> schedule of <b>Orville Balangue (Teacher)</b> on <b>BSA - 1D</b>', '16:42:56', '2022-03-07'),
(439, '16-2022-464', 'Deleted <b>KAFIL 030: Komunikasyon sa Akademikong Filipino</b> subject on <b>Friday</b> schedule of <b>Orville Balangue (Teacher)</b> on <b>ABELS - 1A</b>', '16:42:59', '2022-03-07'),
(440, '16-2022-464', 'Deleted <b>THEO 1: Salvation History</b> subject on <b>Friday</b> schedule of <b>Orville Balangue (Teacher)</b> on <b>ABE - 1C</b>', '16:43:02', '2022-03-07'),
(441, '16-2022-464', 'Deleted <b>THEO 1: Salvation History</b> subject on <b>Friday</b> schedule of <b>Orville Balangue (Teacher)</b> on <b>ABE - 1D</b>', '16:43:05', '2022-03-07'),
(442, '16-2022-464', 'Deleted <b>NSTP 1: National Service Training Program</b> subject on <b>Monday</b> schedule of <b>Juvani Delos Santos (Teacher)</b> on <b>ABE - 1C</b>', '16:43:14', '2022-03-07'),
(443, '16-2022-464', 'Deleted <b>NSTP 1: National Service Training Program</b> subject on <b>Monday</b> schedule of <b>Juvani Delos Santos (Teacher)</b> on <b>ABE - 1A</b>', '16:43:17', '2022-03-07'),
(444, '16-2022-464', 'Deleted <b>NSTP 1: National Service Training Program</b> subject on <b>Monday</b> schedule of <b>Juvani Delos Santos (Teacher)</b> on <b>ABE - 1D</b>', '16:43:20', '2022-03-07'),
(445, '16-2022-464', 'Deleted <b>NSTP 1: National Service Training Program</b> subject on <b>Monday</b> schedule of <b>Juvani Delos Santos (Teacher)</b> on <b>ABE - 1B</b>', '16:43:24', '2022-03-07'),
(446, '16-2022-464', 'Deleted <b>SOILS13M: Principles of Soil Science</b> subject on <b>Tuesday</b> schedule of <b>Juvani Delos Santos (Teacher)</b> on <b>BSA - 1C</b>', '16:43:27', '2022-03-07'),
(447, '16-2022-464', 'Deleted <b>SOILS13M: Principles of Soil Science</b> subject on <b>Tuesday</b> schedule of <b>Juvani Delos Santos (Teacher)</b> on <b>BSA - 1D</b>', '16:43:30', '2022-03-07'),
(448, '16-2022-464', 'Deleted <b>HISLA 030: History of the Language</b> subject on <b>Thursday</b> schedule of <b>Juvani Delos Santos (Teacher)</b> on <b>ABELS - 1A</b>', '16:43:33', '2022-03-07'),
(449, '16-2022-464', 'Deleted <b>HISLA 030: History of the Language</b> subject on <b>Thursday</b> schedule of <b>Juvani Delos Santos (Teacher)</b> on <b>ABELS - 1D</b>', '16:43:37', '2022-03-07'),
(450, '16-2022-464', 'Deleted <b>STIC 1002: Euthenics 1</b> subject on <b>Wednesday</b> schedule of <b>Juvani Delos Santos (Teacher)</b> on <b>BSIT - 1B</b>', '16:43:41', '2022-03-07'),
(451, '16-2022-464', 'Deleted <b>STIC 1002: Euthenics 1</b> subject on <b>Friday</b> schedule of <b>Juvani Delos Santos (Teacher)</b> on <b>BSIT - 1B</b>', '16:43:44', '2022-03-07'),
(452, '16-2022-464', 'Deleted <b>HISLA 030: History of the Language</b> subject on <b>Friday</b> schedule of <b>Juvani Delos Santos (Teacher)</b> on <b>ABELS - 1C</b>', '16:43:48', '2022-03-07'),
(453, '16-2022-464', 'Deleted <b>HISLA 030: History of the Language</b> subject on <b>Friday</b> schedule of <b>Juvani Delos Santos (Teacher)</b> on <b>ABELS - 1C</b>', '16:43:51', '2022-03-07'),
(454, '16-2022-464', 'Deleted <b>HISLA 030: History of the Language</b> subject on <b>Friday</b> schedule of <b>Juvani Delos Santos (Teacher)</b> on <b>ABELS - 1B</b>', '16:43:54', '2022-03-07'),
(455, '16-2022-464', 'Loaded <b>PHYED012: Physical Fitness</b> subject on <b>Friday</b> schedule for <b>Bella Ramos (Teacher)</b> on <b>BSA - 1A</b>', '16:44:43', '2022-03-07'),
(456, '16-2022-464', 'Loaded <b>NSTPCW130: National Service Training Program</b> subject on <b>Saturday</b> schedule for <b>Ace Craig (Teacher)</b> on <b>BSA - 1A</b>', '16:45:49', '2022-03-07'),
(457, '16-2022-464', 'Loaded <b>COWOR030: The Contemporary World</b> subject on <b>Monday</b> schedule for <b>Baby Kooken (Teacher)</b> on <b>BSA - 1A</b>', '16:46:52', '2022-03-07'),
(458, '16-2022-464', 'Loaded <b>COWOR030: The Contemporary World</b> subject on <b>Wednesday</b> schedule for <b>Baby Kooken (Teacher)</b> on <b>BSA - 1A</b>', '16:46:52', '2022-03-07'),
(459, '16-2022-464', 'Loaded <b>KAFIL030: Komunikasyon sa Akademikong Filipino</b> subject on <b>Monday</b> schedule for <b>Sharon Cuneta (Teacher)</b> on <b>BSA - 1A</b>', '16:48:09', '2022-03-07'),
(460, '16-2022-464', 'Loaded <b>KAFIL030: Komunikasyon sa Akademikong Filipino</b> subject on <b>Wednesday</b> schedule for <b>Sharon Cuneta (Teacher)</b> on <b>BSA - 1A</b>', '16:48:09', '2022-03-07'),
(461, '16-2022-464', 'Loaded <b>REPHI030: Readings in Philippine History</b> subject on <b>Monday</b> schedule for <b>Rhyan De Loyola (Teacher)</b> on <b>BSA - 1A</b>', '16:49:08', '2022-03-07'),
(462, '16-2022-464', 'Loaded <b>REPHI030: Readings in Philippine History</b> subject on <b>Wednesday</b> schedule for <b>Rhyan De Loyola (Teacher)</b> on <b>BSA - 1A</b>', '16:49:08', '2022-03-07'),
(463, '16-2022-464', 'Loaded <b>THEOL1C0: The Creed</b> subject on <b>Monday</b> schedule for <b>Winna Bucao (Teacher)</b> on <b>BSA - 1A</b>', '16:49:56', '2022-03-07'),
(464, '16-2022-464', 'Loaded <b>THEOL1C0: The Creed</b> subject on <b>Wednesday</b> schedule for <b>Winna Bucao (Teacher)</b> on <b>BSA - 1A</b>', '16:49:56', '2022-03-07'),
(465, '16-2022-464', 'Loaded <b>USELF030: Understanding the Self</b> subject on <b>Monday</b> schedule for <b>Nahdem Columida (Teacher)</b> on <b>BSA - 1A</b>', '17:00:00', '2022-03-07'),
(466, '16-2022-464', 'Loaded <b>USELF030: Understanding the Self</b> subject on <b>Wednesday</b> schedule for <b>Nahdem Columida (Teacher)</b> on <b>BSA - 1A</b>', '17:00:00', '2022-03-07'),
(467, '16-2022-464', 'Loaded <b>CRPRO13M: Crop Protection</b> subject on <b>Tuesday</b> schedule for <b>Ariel Sumagaysay (Teacher)</b> on <b>BSA - 1A</b>', '17:01:03', '2022-03-07'),
(468, '16-2022-464', 'Loaded <b>CRPRO13M: Crop Protection</b> subject on <b>Thursday</b> schedule for <b>Ariel Sumagaysay (Teacher)</b> on <b>BSA - 1A</b>', '17:01:03', '2022-03-07'),
(469, '16-2022-464', 'Loaded <b>INTAG110: Introduction to Agriculture</b> subject on <b>Tuesday</b> schedule for <b>May Cuaycong (Teacher)</b> on <b>BSA - 1A</b>', '17:02:11', '2022-03-07'),
(470, '16-2022-464', 'Loaded <b>INTAG110: Introduction to Agriculture</b> subject on <b>Thursday</b> schedule for <b>May Cuaycong (Teacher)</b> on <b>BSA - 1A</b>', '17:02:11', '2022-03-07'),
(471, '16-2022-464', 'Loaded <b>ORCHE030: Organic Chemistry</b> subject on <b>Tuesday</b> schedule for <b>Orville Balangue (Teacher)</b> on <b>BSA - 1A</b>', '17:03:07', '2022-03-07'),
(472, '16-2022-464', 'Loaded <b>ORCHE030: Organic Chemistry</b> subject on <b>Thursday</b> schedule for <b>Orville Balangue (Teacher)</b> on <b>BSA - 1A</b>', '17:03:07', '2022-03-07'),
(473, '16-2022-464', 'Loaded <b>SOILS13M: Principles of Soil Science</b> subject on <b>Tuesday</b> schedule for <b>Juvani Delos Santos (Teacher)</b> on <b>BSA - 1A</b>', '17:03:50', '2022-03-07'),
(474, '16-2022-464', 'Loaded <b>SOILS13M: Principles of Soil Science</b> subject on <b>Thursday</b> schedule for <b>Juvani Delos Santos (Teacher)</b> on <b>BSA - 1A</b>', '17:03:50', '2022-03-07'),
(475, '16-2022-464', 'Loaded <b>COWOR030: The Contemporary World</b> subject on <b>Monday</b> schedule for <b>Juvani Delos Santos (Teacher)</b> on <b>BSA - 1B</b>', '17:16:17', '2022-03-07'),
(476, '16-2022-464', 'Loaded <b>COWOR030: The Contemporary World</b> subject on <b>Wednesday</b> schedule for <b>Juvani Delos Santos (Teacher)</b> on <b>BSA - 1B</b>', '17:16:17', '2022-03-07'),
(477, '16-2022-464', 'Loaded <b>CRPRO13M: Crop Protection</b> subject on <b>Tuesday</b> schedule for <b>Orville Balangue (Teacher)</b> on <b>BSA - 1B</b>', '17:17:39', '2022-03-07'),
(478, '16-2022-464', 'Loaded <b>CRPRO13M: Crop Protection</b> subject on <b>Thursday</b> schedule for <b>Orville Balangue (Teacher)</b> on <b>BSA - 1B</b>', '17:17:39', '2022-03-07'),
(479, '16-2022-464', 'Loaded <b>INTAG110: Introduction to Agriculture</b> subject on <b>Tuesday</b> schedule for <b>Ace Craig (Teacher)</b> on <b>BSA - 1B</b>', '17:19:59', '2022-03-07'),
(480, '16-2022-464', 'Loaded <b>INTAG110: Introduction to Agriculture</b> subject on <b>Thursday</b> schedule for <b>Ace Craig (Teacher)</b> on <b>BSA - 1B</b>', '17:19:59', '2022-03-07'),
(481, '16-2022-464', 'Loaded <b>KAFIL030: Komunikasyon sa Akademikong Filipino</b> subject on <b>Monday</b> schedule for <b>Ariel Sumagaysay (Teacher)</b> on <b>BSA - 1B</b>', '17:21:01', '2022-03-07'),
(482, '16-2022-464', 'Loaded <b>KAFIL030: Komunikasyon sa Akademikong Filipino</b> subject on <b>Wednesday</b> schedule for <b>Ariel Sumagaysay (Teacher)</b> on <b>BSA - 1B</b>', '17:21:01', '2022-03-07'),
(483, '16-2022-464', 'Loaded <b>NSTPCW130: National Service Training Program</b> subject on <b>Saturday</b> schedule for <b>Nahdem Columida (Teacher)</b> on <b>BSA - 1B</b>', '17:22:17', '2022-03-07'),
(484, '16-2022-464', 'Loaded <b>ORCHE030: Organic Chemistry</b> subject on <b>Tuesday</b> schedule for <b>Winna Bucao (Teacher)</b> on <b>BSA - 1B</b>', '17:23:09', '2022-03-07'),
(485, '16-2022-464', 'Loaded <b>ORCHE030: Organic Chemistry</b> subject on <b>Thursday</b> schedule for <b>Winna Bucao (Teacher)</b> on <b>BSA - 1B</b>', '17:23:09', '2022-03-07'),
(486, '16-2022-464', 'Loaded <b>PHYED012: Physical Fitness</b> subject on <b>Friday</b> schedule for <b>Rhyan De Loyola (Teacher)</b> on <b>BSA - 1B</b>', '17:24:09', '2022-03-07'),
(487, '16-2022-464', 'Loaded <b>REPHI030: Readings in Philippine History</b> subject on <b>Monday</b> schedule for <b>Sharon Cuneta (Teacher)</b> on <b>BSA - 1B</b>', '17:25:17', '2022-03-07'),
(488, '16-2022-464', 'Loaded <b>REPHI030: Readings in Philippine History</b> subject on <b>Wednesday</b> schedule for <b>Sharon Cuneta (Teacher)</b> on <b>BSA - 1B</b>', '17:25:17', '2022-03-07'),
(489, '16-2022-464', 'Loaded <b>SOILS13M: Principles of Soil Science</b> subject on <b>Tuesday</b> schedule for <b>Baby Kooken (Teacher)</b> on <b>BSA - 1B</b>', '17:26:13', '2022-03-07'),
(490, '16-2022-464', 'Loaded <b>SOILS13M: Principles of Soil Science</b> subject on <b>Thursday</b> schedule for <b>Baby Kooken (Teacher)</b> on <b>BSA - 1B</b>', '17:26:13', '2022-03-07'),
(491, '16-2022-464', 'Loaded <b>THEOL1C0: The Creed</b> subject on <b>Monday</b> schedule for <b>May Cuaycong (Teacher)</b> on <b>BSA - 1B</b>', '17:27:03', '2022-03-07'),
(492, '16-2022-464', 'Loaded <b>THEOL1C0: The Creed</b> subject on <b>Wednesday</b> schedule for <b>May Cuaycong (Teacher)</b> on <b>BSA - 1B</b>', '17:27:03', '2022-03-07'),
(493, '16-2022-464', 'Loaded <b>USELF030: Understanding the Self</b> subject on <b>Monday</b> schedule for <b>Bella Ramos (Teacher)</b> on <b>BSA - 1B</b>', '17:27:43', '2022-03-07'),
(494, '16-2022-464', 'Loaded <b>USELF030: Understanding the Self</b> subject on <b>Wednesday</b> schedule for <b>Bella Ramos (Teacher)</b> on <b>BSA - 1B</b>', '17:27:43', '2022-03-07'),
(495, '16-2022-464', 'Loaded <b>COWOR030: The Contemporary World</b> subject on <b>Tuesday</b> schedule for <b>Bella Ramos (Teacher)</b> on <b>BSA - 1C</b>', '17:42:45', '2022-03-07'),
(496, '16-2022-464', 'Loaded <b>COWOR030: The Contemporary World</b> subject on <b>Thursday</b> schedule for <b>Bella Ramos (Teacher)</b> on <b>BSA - 1C</b>', '17:42:45', '2022-03-07'),
(497, '16-2022-464', 'Loaded <b>CRPRO13M: Crop Protection</b> subject on <b>Monday</b> schedule for <b>Ace Craig (Teacher)</b> on <b>BSA - 1C</b>', '17:43:28', '2022-03-07'),
(498, '16-2022-464', 'Loaded <b>CRPRO13M: Crop Protection</b> subject on <b>Wednesday</b> schedule for <b>Ace Craig (Teacher)</b> on <b>BSA - 1C</b>', '17:43:28', '2022-03-07'),
(499, '16-2022-464', 'Loaded <b>INTAG110: Introduction to Agriculture</b> subject on <b>Monday</b> schedule for <b>Baby Kooken (Teacher)</b> on <b>BSA - 1C</b>', '17:44:10', '2022-03-07'),
(500, '16-2022-464', 'Loaded <b>INTAG110: Introduction to Agriculture</b> subject on <b>Wednesday</b> schedule for <b>Baby Kooken (Teacher)</b> on <b>BSA - 1C</b>', '17:44:10', '2022-03-07'),
(501, '16-2022-464', 'Loaded <b>KAFIL030: Komunikasyon sa Akademikong Filipino</b> subject on <b>Tuesday</b> schedule for <b>Sharon Cuneta (Teacher)</b> on <b>BSA - 1C</b>', '17:44:46', '2022-03-07'),
(502, '16-2022-464', 'Loaded <b>KAFIL030: Komunikasyon sa Akademikong Filipino</b> subject on <b>Thursday</b> schedule for <b>Sharon Cuneta (Teacher)</b> on <b>BSA - 1C</b>', '17:44:46', '2022-03-07'),
(503, '16-2022-464', 'Loaded <b>NSTPCW130: National Service Training Program</b> subject on <b>Saturday</b> schedule for <b>Rhyan De Loyola (Teacher)</b> on <b>BSA - 1C</b>', '17:45:41', '2022-03-07'),
(504, '16-2022-464', 'Loaded <b>PHYED012: Physical Fitness</b> subject on <b>Friday</b> schedule for <b>Winna Bucao (Teacher)</b> on <b>BSA - 1C</b>', '17:51:49', '2022-03-07'),
(505, '16-2022-464', 'Loaded <b>ORCHE030: Organic Chemistry</b> subject on <b>Monday</b> schedule for <b>Nahdem Columida (Teacher)</b> on <b>BSA - 1C</b>', '17:52:35', '2022-03-07'),
(506, '16-2022-464', 'Loaded <b>ORCHE030: Organic Chemistry</b> subject on <b>Wednesday</b> schedule for <b>Nahdem Columida (Teacher)</b> on <b>BSA - 1C</b>', '17:52:35', '2022-03-07'),
(507, '16-2022-464', 'Loaded <b>REPHI030: Readings in Philippine History</b> subject on <b>Tuesday</b> schedule for <b>Ariel Sumagaysay (Teacher)</b> on <b>BSA - 1C</b>', '17:53:53', '2022-03-07'),
(508, '16-2022-464', 'Loaded <b>REPHI030: Readings in Philippine History</b> subject on <b>Thursday</b> schedule for <b>Ariel Sumagaysay (Teacher)</b> on <b>BSA - 1C</b>', '17:53:53', '2022-03-07'),
(509, '16-2022-464', 'Loaded <b>SOILS13M: Principles of Soil Science</b> subject on <b>Monday</b> schedule for <b>May Cuaycong (Teacher)</b> on <b>BSA - 1C</b>', '17:54:57', '2022-03-07'),
(510, '16-2022-464', 'Loaded <b>SOILS13M: Principles of Soil Science</b> subject on <b>Wednesday</b> schedule for <b>May Cuaycong (Teacher)</b> on <b>BSA - 1C</b>', '17:54:57', '2022-03-07'),
(511, '16-2022-464', 'Loaded <b>THEOL1C0: The Creed</b> subject on <b>Tuesday</b> schedule for <b>Juvani Delos Santos (Teacher)</b> on <b>BSA - 1C</b>', '17:56:56', '2022-03-07'),
(512, '16-2022-464', 'Loaded <b>THEOL1C0: The Creed</b> subject on <b>Thursday</b> schedule for <b>Juvani Delos Santos (Teacher)</b> on <b>BSA - 1C</b>', '17:56:56', '2022-03-07'),
(513, '16-2022-464', 'Loaded <b>USELF030: Understanding the Self</b> subject on <b>Tuesday</b> schedule for <b>Orville Balangue (Teacher)</b> on <b>BSA - 1C</b>', '17:57:33', '2022-03-07'),
(514, '16-2022-464', 'Loaded <b>USELF030: Understanding the Self</b> subject on <b>Thursday</b> schedule for <b>Orville Balangue (Teacher)</b> on <b>BSA - 1C</b>', '17:57:33', '2022-03-07'),
(515, '16-2022-464', 'Loaded <b>COWOR030: The Contemporary World</b> subject on <b>Tuesday</b> schedule for <b>Ace Craig (Teacher)</b> on <b>BSA - 1D</b>', '18:04:37', '2022-03-07'),
(516, '16-2022-464', 'Loaded <b>COWOR030: The Contemporary World</b> subject on <b>Thursday</b> schedule for <b>Ace Craig (Teacher)</b> on <b>BSA - 1D</b>', '18:04:37', '2022-03-07'),
(517, '16-2022-464', 'Loaded <b>CRPRO13M: Crop Protection</b> subject on <b>Monday</b> schedule for <b>Nahdem Columida (Teacher)</b> on <b>BSA - 1D</b>', '18:06:57', '2022-03-07'),
(518, '16-2022-464', 'Loaded <b>CRPRO13M: Crop Protection</b> subject on <b>Wednesday</b> schedule for <b>Nahdem Columida (Teacher)</b> on <b>BSA - 1D</b>', '18:06:57', '2022-03-07'),
(519, '16-2022-464', 'Loaded <b>INTAG110: Introduction to Agriculture</b> subject on <b>Monday</b> schedule for <b>May Cuaycong (Teacher)</b> on <b>BSA - 1D</b>', '18:09:32', '2022-03-07'),
(520, '16-2022-464', 'Loaded <b>INTAG110: Introduction to Agriculture</b> subject on <b>Wednesday</b> schedule for <b>May Cuaycong (Teacher)</b> on <b>BSA - 1D</b>', '18:09:32', '2022-03-07'),
(521, '16-2022-464', 'Loaded <b>KAFIL030: Komunikasyon sa Akademikong Filipino</b> subject on <b>Tuesday</b> schedule for <b>Winna Bucao (Teacher)</b> on <b>BSA - 1D</b>', '18:10:31', '2022-03-07'),
(522, '16-2022-464', 'Loaded <b>KAFIL030: Komunikasyon sa Akademikong Filipino</b> subject on <b>Thursday</b> schedule for <b>Winna Bucao (Teacher)</b> on <b>BSA - 1D</b>', '18:10:31', '2022-03-07'),
(523, '16-2022-464', 'Loaded <b>NSTPCW130: National Service Training Program</b> subject on <b>Saturday</b> schedule for <b>Juvani Delos Santos (Teacher)</b> on <b>BSA - 1D</b>', '18:11:07', '2022-03-07'),
(524, '16-2022-464', 'Loaded <b>ORCHE030: Organic Chemistry</b> subject on <b>Monday</b> schedule for <b>Ariel Sumagaysay (Teacher)</b> on <b>BSA - 1D</b>', '18:12:00', '2022-03-07'),
(525, '16-2022-464', 'Loaded <b>ORCHE030: Organic Chemistry</b> subject on <b>Wednesday</b> schedule for <b>Ariel Sumagaysay (Teacher)</b> on <b>BSA - 1D</b>', '18:12:00', '2022-03-07'),
(526, '16-2022-464', 'Loaded <b>PHYED012: Physical Fitness</b> subject on <b>Friday</b> schedule for <b>Orville Balangue (Teacher)</b> on <b>BSA - 1D</b>', '18:12:38', '2022-03-07'),
(527, '16-2022-464', 'Loaded <b>REPHI030: Readings in Philippine History</b> subject on <b>Tuesday</b> schedule for <b>Bella Ramos (Teacher)</b> on <b>BSA - 1D</b>', '18:14:54', '2022-03-07'),
(528, '16-2022-464', 'Loaded <b>REPHI030: Readings in Philippine History</b> subject on <b>Thursday</b> schedule for <b>Bella Ramos (Teacher)</b> on <b>BSA - 1D</b>', '18:14:54', '2022-03-07'),
(529, '16-2022-464', 'Loaded <b>SOILS13M: Principles of Soil Science</b> subject on <b>Monday</b> schedule for <b>Baby Kooken (Teacher)</b> on <b>BSA - 1D</b>', '18:16:43', '2022-03-07'),
(530, '16-2022-464', 'Loaded <b>SOILS13M: Principles of Soil Science</b> subject on <b>Wednesday</b> schedule for <b>Baby Kooken (Teacher)</b> on <b>BSA - 1D</b>', '18:16:43', '2022-03-07'),
(531, '16-2022-464', 'Loaded <b>THEOL1C0: The Creed</b> subject on <b>Tuesday</b> schedule for <b>Rhyan De Loyola (Teacher)</b> on <b>BSA - 1D</b>', '18:17:21', '2022-03-07'),
(532, '16-2022-464', 'Loaded <b>THEOL1C0: The Creed</b> subject on <b>Thursday</b> schedule for <b>Rhyan De Loyola (Teacher)</b> on <b>BSA - 1D</b>', '18:17:21', '2022-03-07'),
(533, '16-2022-464', 'Loaded <b>USELF030: Understanding the Self</b> subject on <b>Tuesday</b> schedule for <b>Sharon Cuneta (Teacher)</b> on <b>BSA - 1D</b>', '18:18:03', '2022-03-07'),
(534, '16-2022-464', 'Loaded <b>USELF030: Understanding the Self</b> subject on <b>Thursday</b> schedule for <b>Sharon Cuneta (Teacher)</b> on <b>BSA - 1D</b>', '18:18:03', '2022-03-07'),
(535, '11-2022-238', 'Added <b>Laila  Perkins (Teacher)</b> as authorized user', '18:26:02', '2022-03-07'),
(536, '11-2022-238', 'Added <b>Sanaa Tucker (Teacher)</b> as authorized user', '18:27:02', '2022-03-07'),
(537, '11-2022-238', 'Added <b>Jamiya Hogan (Teacher)</b> as authorized user', '18:28:29', '2022-03-07'),
(538, '11-2022-238', 'Added <b>Sasha Zimmerman (Teacher)</b> as authorized user', '18:31:32', '2022-03-07'),
(539, '11-2022-238', 'Added <b>Elyse Oconnor (Teacher)</b> as authorized user', '18:32:05', '2022-03-07'),
(540, '11-2022-238', 'Added <b>Kendall Delgado (Teacher)</b> as authorized user', '18:32:38', '2022-03-07'),
(541, '11-2022-238', 'Added <b>Nylah Knapp (Teacher)</b> as authorized user', '18:33:43', '2022-03-07'),
(542, '11-2022-238', 'Added <b>Richard Rhodes (Teacher)</b> as authorized user', '18:34:09', '2022-03-07'),
(543, '11-2022-238', 'Added <b>Nikhil Edwards (Teacher)</b> as authorized user', '18:34:31', '2022-03-07'),
(544, '22-2021-269', 'Activated <b>Leni Marcos (System Admin)</b> account', '19:34:10', '2022-03-07'),
(545, '16-2022-464', 'Deleted <b>COWOR030: The Contemporary World</b> subject on <b>Tuesday</b> schedule of <b>Bella Ramos (Teacher)</b> on <b>BSA - 1C</b>', '21:32:45', '2022-03-07'),
(546, '16-2022-464', 'Deleted <b>COWOR030: The Contemporary World</b> subject on <b>Thursday</b> schedule of <b>Bella Ramos (Teacher)</b> on <b>BSA - 1C</b>', '21:32:50', '2022-03-07'),
(547, '16-2022-464', 'Deleted <b>REPHI030: Readings in Philippine History</b> subject on <b>Tuesday</b> schedule of <b>Bella Ramos (Teacher)</b> on <b>BSA - 1D</b>', '21:32:55', '2022-03-07'),
(548, '16-2022-464', 'Deleted <b>REPHI030: Readings in Philippine History</b> subject on <b>Thursday</b> schedule of <b>Bella Ramos (Teacher)</b> on <b>BSA - 1D</b>', '21:32:59', '2022-03-07'),
(549, '16-2022-464', 'Deleted <b>CRPRO13M: Crop Protection</b> subject on <b>Monday</b> schedule of <b>Ace Craig (Teacher)</b> on <b>BSA - 1C</b>', '21:33:16', '2022-03-07'),
(550, '16-2022-464', 'Deleted <b>CRPRO13M: Crop Protection</b> subject on <b>Wednesday</b> schedule of <b>Ace Craig (Teacher)</b> on <b>BSA - 1C</b>', '21:33:23', '2022-03-07'),
(551, '16-2022-464', 'Deleted <b>COWOR030: The Contemporary World</b> subject on <b>Tuesday</b> schedule of <b>Ace Craig (Teacher)</b> on <b>BSA - 1D</b>', '21:33:27', '2022-03-07'),
(552, '16-2022-464', 'Deleted <b>COWOR030: The Contemporary World</b> subject on <b>Thursday</b> schedule of <b>Ace Craig (Teacher)</b> on <b>BSA - 1D</b>', '21:33:31', '2022-03-07'),
(553, '16-2022-464', 'Deleted <b>INTAG110: Introduction to Agriculture</b> subject on <b>Monday</b> schedule of <b>Baby Kooken (Teacher)</b> on <b>BSA - 1C</b>', '21:34:43', '2022-03-07'),
(554, '16-2022-464', 'Deleted <b>INTAG110: Introduction to Agriculture</b> subject on <b>Wednesday</b> schedule of <b>Baby Kooken (Teacher)</b> on <b>BSA - 1C</b>', '21:34:48', '2022-03-07'),
(555, '16-2022-464', 'Deleted <b>SOILS13M: Principles of Soil Science</b> subject on <b>Monday</b> schedule of <b>Baby Kooken (Teacher)</b> on <b>BSA - 1D</b>', '21:34:52', '2022-03-07'),
(556, '16-2022-464', 'Deleted <b>SOILS13M: Principles of Soil Science</b> subject on <b>Wednesday</b> schedule of <b>Baby Kooken (Teacher)</b> on <b>BSA - 1D</b>', '21:34:57', '2022-03-07'),
(557, '16-2022-464', 'Deleted <b>KAFIL030: Komunikasyon sa Akademikong Filipino</b> subject on <b>Tuesday</b> schedule of <b>Sharon Cuneta (Teacher)</b> on <b>BSA - 1C</b>', '21:35:24', '2022-03-07'),
(558, '16-2022-464', 'Deleted <b>KAFIL030: Komunikasyon sa Akademikong Filipino</b> subject on <b>Thursday</b> schedule of <b>Sharon Cuneta (Teacher)</b> on <b>BSA - 1C</b>', '21:35:29', '2022-03-07'),
(559, '16-2022-464', 'Deleted <b>USELF030: Understanding the Self</b> subject on <b>Tuesday</b> schedule of <b>Sharon Cuneta (Teacher)</b> on <b>BSA - 1D</b>', '21:35:34', '2022-03-07'),
(560, '16-2022-464', 'Deleted <b>USELF030: Understanding the Self</b> subject on <b>Thursday</b> schedule of <b>Sharon Cuneta (Teacher)</b> on <b>BSA - 1D</b>', '21:35:52', '2022-03-07'),
(561, '16-2022-464', 'Deleted <b>THEOL1C0: The Creed</b> subject on <b>Tuesday</b> schedule of <b>Rhyan De Loyola (Teacher)</b> on <b>BSA - 1D</b>', '21:36:23', '2022-03-07'),
(562, '16-2022-464', 'Deleted <b>THEOL1C0: The Creed</b> subject on <b>Thursday</b> schedule of <b>Rhyan De Loyola (Teacher)</b> on <b>BSA - 1D</b>', '21:36:28', '2022-03-07'),
(563, '16-2022-464', 'Deleted <b>NSTPCW130: National Service Training Program</b> subject on <b>Saturday</b> schedule of <b>Rhyan De Loyola (Teacher)</b> on <b>BSA - 1C</b>', '21:37:04', '2022-03-07'),
(564, '16-2022-464', 'Deleted <b>KAFIL030: Komunikasyon sa Akademikong Filipino</b> subject on <b>Tuesday</b> schedule of <b>Winna Bucao (Teacher)</b> on <b>BSA - 1D</b>', '21:37:19', '2022-03-07'),
(565, '16-2022-464', 'Deleted <b>KAFIL030: Komunikasyon sa Akademikong Filipino</b> subject on <b>Thursday</b> schedule of <b>Winna Bucao (Teacher)</b> on <b>BSA - 1D</b>', '21:37:25', '2022-03-07'),
(566, '16-2022-464', 'Deleted <b>PHYED012: Physical Fitness</b> subject on <b>Friday</b> schedule of <b>Winna Bucao (Teacher)</b> on <b>BSA - 1C</b>', '21:37:31', '2022-03-07'),
(567, '16-2022-464', 'Deleted <b>ORCHE030: Organic Chemistry</b> subject on <b>Monday</b> schedule of <b>Nahdem Columida (Teacher)</b> on <b>BSA - 1C</b>', '21:37:45', '2022-03-07'),
(568, '16-2022-464', 'Deleted <b>CRPRO13M: Crop Protection</b> subject on <b>Monday</b> schedule of <b>Nahdem Columida (Teacher)</b> on <b>BSA - 1D</b>', '21:37:52', '2022-03-07'),
(569, '16-2022-464', 'Deleted <b>ORCHE030: Organic Chemistry</b> subject on <b>Wednesday</b> schedule of <b>Nahdem Columida (Teacher)</b> on <b>BSA - 1C</b>', '21:37:57', '2022-03-07'),
(570, '16-2022-464', 'Deleted <b>CRPRO13M: Crop Protection</b> subject on <b>Wednesday</b> schedule of <b>Nahdem Columida (Teacher)</b> on <b>BSA - 1D</b>', '21:38:02', '2022-03-07'),
(571, '16-2022-464', 'Deleted <b>ORCHE030: Organic Chemistry</b> subject on <b>Monday</b> schedule of <b>Ariel Sumagaysay (Teacher)</b> on <b>BSA - 1D</b>', '21:39:30', '2022-03-07'),
(572, '16-2022-464', 'Deleted <b>REPHI030: Readings in Philippine History</b> subject on <b>Tuesday</b> schedule of <b>Ariel Sumagaysay (Teacher)</b> on <b>BSA - 1C</b>', '21:39:38', '2022-03-07'),
(573, '16-2022-464', 'Deleted <b>ORCHE030: Organic Chemistry</b> subject on <b>Wednesday</b> schedule of <b>Ariel Sumagaysay (Teacher)</b> on <b>BSA - 1D</b>', '21:39:44', '2022-03-07'),
(574, '16-2022-464', 'Deleted <b>SOILS13M: Principles of Soil Science</b> subject on <b>Monday</b> schedule of <b>May Cuaycong (Teacher)</b> on <b>BSA - 1C</b>', '21:40:26', '2022-03-07'),
(575, '16-2022-464', 'Deleted <b>INTAG110: Introduction to Agriculture</b> subject on <b>Monday</b> schedule of <b>May Cuaycong (Teacher)</b> on <b>BSA - 1D</b>', '21:40:31', '2022-03-07'),
(576, '16-2022-464', 'Deleted <b>SOILS13M: Principles of Soil Science</b> subject on <b>Wednesday</b> schedule of <b>May Cuaycong (Teacher)</b> on <b>BSA - 1C</b>', '21:41:04', '2022-03-07'),
(577, '16-2022-464', 'Deleted <b>INTAG110: Introduction to Agriculture</b> subject on <b>Wednesday</b> schedule of <b>May Cuaycong (Teacher)</b> on <b>BSA - 1D</b>', '21:41:11', '2022-03-07'),
(578, '16-2022-464', 'Deleted <b>USELF030: Understanding the Self</b> subject on <b>Tuesday</b> schedule of <b>Orville Balangue (Teacher)</b> on <b>BSA - 1C</b>', '21:41:26', '2022-03-07'),
(579, '16-2022-464', 'Deleted <b>USELF030: Understanding the Self</b> subject on <b>Thursday</b> schedule of <b>Orville Balangue (Teacher)</b> on <b>BSA - 1C</b>', '21:41:32', '2022-03-07'),
(580, '16-2022-464', 'Deleted <b>PHYED012: Physical Fitness</b> subject on <b>Friday</b> schedule of <b>Orville Balangue (Teacher)</b> on <b>BSA - 1D</b>', '21:41:53', '2022-03-07'),
(581, '16-2022-464', 'Deleted <b>THEOL1C0: The Creed</b> subject on <b>Tuesday</b> schedule of <b>Juvani Delos Santos (Teacher)</b> on <b>BSA - 1C</b>', '21:42:08', '2022-03-07'),
(582, '16-2022-464', 'Deleted <b>THEOL1C0: The Creed</b> subject on <b>Thursday</b> schedule of <b>Juvani Delos Santos (Teacher)</b> on <b>BSA - 1C</b>', '21:42:14', '2022-03-07'),
(583, '16-2022-464', 'Deleted <b>NSTPCW130: National Service Training Program</b> subject on <b>Saturday</b> schedule of <b>Juvani Delos Santos (Teacher)</b> on <b>BSA - 1D</b>', '21:42:23', '2022-03-07'),
(584, '16-2022-464', 'Loaded <b>FIL 1: Komunikasyon sa Akademikong Filipino</b> subject on <b>Tuesday</b> schedule for <b>Bella Ramos (Teacher)</b> on <b>ABE - 1A</b>', '21:47:49', '2022-03-07'),
(585, '16-2022-464', 'Loaded <b>FIL 1: Komunikasyon sa Akademikong Filipino</b> subject on <b>Thursday</b> schedule for <b>Bella Ramos (Teacher)</b> on <b>ABE - 1A</b>', '21:47:49', '2022-03-07'),
(586, '16-2022-464', 'Loaded <b>GE 1: Purposive Communication</b> subject on <b>Monday</b> schedule for <b>Ace Craig (Teacher)</b> on <b>ABE - 1A</b>', '21:49:48', '2022-03-07'),
(587, '16-2022-464', 'Loaded <b>GE 1: Purposive Communication</b> subject on <b>Wednesday</b> schedule for <b>Ace Craig (Teacher)</b> on <b>ABE - 1A</b>', '21:49:48', '2022-03-07'),
(588, '16-2022-464', 'Loaded <b>GE 2 : Readings in Philippine History</b> subject on <b>Monday</b> schedule for <b>Baby Kooken (Teacher)</b> on <b>ABE - 1A</b>', '21:51:17', '2022-03-07'),
(589, '16-2022-464', 'Loaded <b>GE 2 : Readings in Philippine History</b> subject on <b>Wednesday</b> schedule for <b>Baby Kooken (Teacher)</b> on <b>ABE - 1A</b>', '21:51:17', '2022-03-07'),
(590, '16-2022-464', 'Loaded <b>GE 3: Mathematics in the Modern World</b> subject on <b>Tuesday</b> schedule for <b>Sharon Cuneta (Teacher)</b> on <b>ABE - 1A</b>', '21:52:09', '2022-03-07'),
(591, '16-2022-464', 'Loaded <b>GE 3: Mathematics in the Modern World</b> subject on <b>Thursday</b> schedule for <b>Sharon Cuneta (Teacher)</b> on <b>ABE - 1A</b>', '21:52:09', '2022-03-07'),
(592, '16-2022-464', 'Loaded <b>GE 4: Art Appreciation</b> subject on <b>Saturday</b> schedule for <b>Rhyan De Loyola (Teacher)</b> on <b>ABE - 1A</b>', '21:53:06', '2022-03-07'),
(593, '16-2022-464', 'Loaded <b>PE 1: Physical Fitness</b> subject on <b>Tuesday</b> schedule for <b>Ariel Sumagaysay (Teacher)</b> on <b>ABE - 1A</b>', '21:54:03', '2022-03-07'),
(594, '16-2022-464', 'Loaded <b>NSTP 1: National Service Training Program</b> subject on <b>Friday</b> schedule for <b>Ariel Sumagaysay (Teacher)</b> on <b>ABE - 1A</b>', '21:55:45', '2022-03-07'),
(595, '16-2022-464', 'Loaded <b>HISLA 1: History of the Language</b> subject on <b>Monday</b> schedule for <b>Nahdem Columida (Teacher)</b> on <b>ABE - 1A</b>', '21:56:25', '2022-03-07'),
(596, '16-2022-464', 'Loaded <b>HISLA 1: History of the Language</b> subject on <b>Wednesday</b> schedule for <b>Nahdem Columida (Teacher)</b> on <b>ABE - 1A</b>', '21:56:25', '2022-03-07'),
(597, '16-2022-464', 'Loaded <b>GE 3: Mathematics in the Modern World</b> subject on <b>Monday</b> schedule for <b>Kendall Delgado (Teacher)</b> on <b>ABE - 1B</b>', '21:59:55', '2022-03-07'),
(598, '16-2022-464', 'Loaded <b>GE 3: Mathematics in the Modern World</b> subject on <b>Wednesday</b> schedule for <b>Kendall Delgado (Teacher)</b> on <b>ABE - 1B</b>', '21:59:55', '2022-03-07'),
(599, '16-2022-464', 'Loaded <b>PE 1: Physical Fitness</b> subject on <b>Friday</b> schedule for <b>Kendall Delgado (Teacher)</b> on <b>ABE - 1B</b>', '22:00:51', '2022-03-07'),
(600, '16-2022-464', 'Loaded <b>PHED 1001: Physical Education 1 (Physical Fitness and Conditioning)</b> subject on <b>Tuesday</b> schedule for <b>Kendall Delgado (Teacher)</b> on <b>BSIT - 1A</b>', '22:02:25', '2022-03-07'),
(601, '28-2021-147', 'Encoded grades on <b>BSA-1A</b> for the subject <b>THEOL1C0: The Creed</b> on <b>Prelim</b> period', '22:03:01', '2022-03-07'),
(602, '16-2022-464', 'Loaded <b>THEOL 030: The Creed</b> subject on <b>Monday</b> schedule for <b>Jamiya Hogan (Teacher)</b> on <b>ABELS - 1A</b>', '22:03:10', '2022-03-07'),
(603, '16-2022-464', 'Loaded <b>THEOL 030: The Creed</b> subject on <b>Wednesday</b> schedule for <b>Jamiya Hogan (Teacher)</b> on <b>ABELS - 1A</b>', '22:03:10', '2022-03-07'),
(604, '16-2022-464', 'Loaded <b>REPHI 030: Readings in Philippine History</b> subject on <b>Tuesday</b> schedule for <b>Jamiya Hogan (Teacher)</b> on <b>ABELS - 1B</b>', '22:03:42', '2022-03-07'),
(605, '16-2022-464', 'Loaded <b>REPHI 030: Readings in Philippine History</b> subject on <b>Thursday</b> schedule for <b>Jamiya Hogan (Teacher)</b> on <b>ABELS - 1B</b>', '22:03:42', '2022-03-07'),
(606, '16-2022-464', 'Loaded <b>GEDC 1002: The Contemporary World</b> subject on <b>Monday</b> schedule for <b>Laila  Perkins (Teacher)</b> on <b>BSIT - 1A</b>', '22:04:35', '2022-03-07'),
(607, '16-2022-464', 'Loaded <b>GEDC 1002: The Contemporary World</b> subject on <b>Wednesday</b> schedule for <b>Laila  Perkins (Teacher)</b> on <b>BSIT - 1A</b>', '22:04:35', '2022-03-07'),
(608, '16-2022-464', 'Loaded <b>GEDC 1004: Filipino 1: Istruktura ng Wikang Filipino</b> subject on <b>Tuesday</b> schedule for <b>Laila  Perkins (Teacher)</b> on <b>BSIT - 1B</b>', '22:05:05', '2022-03-07'),
(609, '16-2022-464', 'Loaded <b>GEDC 1004: Filipino 1: Istruktura ng Wikang Filipino</b> subject on <b>Thursday</b> schedule for <b>Laila  Perkins (Teacher)</b> on <b>BSIT - 1B</b>', '22:05:05', '2022-03-07'),
(610, '28-2021-147', 'Encoded grades on <b>BSA-1B</b> for the subject <b>THEOL1C0: The Creed</b> on <b>Prelim</b> period', '22:05:45', '2022-03-07'),
(611, '16-2022-464', 'Loaded <b>THEO 1: Salvation History</b> subject on <b>Monday</b> schedule for <b>Richard Rhodes (Teacher)</b> on <b>ABELS - 1A</b>', '22:06:19', '2022-03-07'),
(612, '16-2022-464', 'Loaded <b>THEO 1: Salvation History</b> subject on <b>Wednesday</b> schedule for <b>Richard Rhodes (Teacher)</b> on <b>ABELS - 1A</b>', '22:06:19', '2022-03-07'),
(613, '16-2022-464', 'Loaded <b>THEOL 030: The Creed</b> subject on <b>Tuesday</b> schedule for <b>Richard Rhodes (Teacher)</b> on <b>ABELS - 1B</b>', '22:06:50', '2022-03-07'),
(614, '16-2022-464', 'Loaded <b>THEOL 030: The Creed</b> subject on <b>Thursday</b> schedule for <b>Richard Rhodes (Teacher)</b> on <b>ABELS - 1B</b>', '22:06:50', '2022-03-07'),
(615, '28-2021-459', 'Encoded grades on <b>BSA-1A</b> for the subject <b>ORCHE030: Organic Chemistry</b> on <b>Prelim</b> period', '22:06:55', '2022-03-07'),
(616, '16-2022-464', 'Loaded <b>GEDC 1004: Filipino 1: Istruktura ng Wikang Filipino</b> subject on <b>Monday</b> schedule for <b>Sanaa Tucker (Teacher)</b> on <b>BSIT - 1A</b>', '22:07:27', '2022-03-07'),
(617, '16-2022-464', 'Loaded <b>GEDC 1004: Filipino 1: Istruktura ng Wikang Filipino</b> subject on <b>Wednesday</b> schedule for <b>Sanaa Tucker (Teacher)</b> on <b>BSIT - 1A</b>', '22:07:27', '2022-03-07'),
(618, '28-2021-459', 'Encoded grades on <b>BSA-1A</b> for the subject <b>ORCHE030: Organic Chemistry</b> on <b>Midterm</b> period', '22:08:10', '2022-03-07'),
(619, '28-2021-147', 'Encoded grades on <b>BSA-1B</b> for the subject <b>ORCHE030: Organic Chemistry</b> on <b>Prelim</b> period', '22:08:49', '2022-03-07'),
(620, '16-2022-464', 'Loaded <b>STIC 1002: Euthenics 1</b> subject on <b>Tuesday</b> schedule for <b>Sanaa Tucker (Teacher)</b> on <b>BSIT - 1B</b>', '22:08:50', '2022-03-07'),
(621, '16-2022-464', 'Loaded <b>STIC 1002: Euthenics 1</b> subject on <b>Thursday</b> schedule for <b>Sanaa Tucker (Teacher)</b> on <b>BSIT - 1B</b>', '22:08:50', '2022-03-07'),
(622, '28-2021-459', 'Encoded grades on <b>BSA-1A</b> for the subject <b>ORCHE030: Organic Chemistry</b> on <b>Final</b> period', '22:08:57', '2022-03-07'),
(623, '11-2022-238', 'Deactivated <b>Elyse Oconnor (Teacher)</b> account', '22:11:15', '2022-03-07'),
(624, '28-2021-147', 'Encoded grades on <b>BSA-1B</b> for the subject <b>ORCHE030: Organic Chemistry</b> on <b>Midterm</b> period', '22:11:21', '2022-03-07'),
(625, '11-2022-238', 'Deactivated <b>Nikhil Edwards (Teacher)</b> account', '22:11:39', '2022-03-07'),
(626, '28-2021-459', 'Encoded grades on <b>BSA-1B</b> for the subject <b>ORCHE030: Organic Chemistry</b> on <b>Midterm</b> period', '22:11:43', '2022-03-07'),
(627, '11-2022-238', 'Deactivated <b>Sasha Zimmerman (Teacher)</b> account', '22:11:58', '2022-03-07'),
(628, '11-2022-238', 'Deactivated <b>Nylah Knapp (Teacher)</b> account', '22:12:10', '2022-03-07'),
(629, '28-2021-459', 'Encoded grades on <b>BSA-1B</b> for the subject <b>ORCHE030: Organic Chemistry</b> on <b>Final</b> period', '22:12:16', '2022-03-07'),
(630, '28-2021-459', 'Encoded grades on <b>BSA-1A</b> for the subject <b>CRPRO13M: Crop Protection</b> on <b>Prelim</b> period', '22:13:37', '2022-03-07'),
(631, '28-2021-147', 'Encoded grades on <b>BSA-1B</b> for the subject <b>ORCHE030: Organic Chemistry</b> on <b>Final</b> period', '22:13:43', '2022-03-07'),
(632, '28-2021-459', 'Encoded grades on <b>BSA-1A</b> for the subject <b>CRPRO13M: Crop Protection</b> on <b>Midterm</b> period', '22:14:07', '2022-03-07'),
(633, '28-2021-459', 'Encoded grades on <b>BSA-1A</b> for the subject <b>CRPRO13M: Crop Protection</b> on <b>Final</b> period', '22:14:43', '2022-03-07'),
(634, '28-2021-147', 'Encoded grades on <b>BSA-1A</b> for the subject <b>THEOL1C0: The Creed</b> on <b>Midterm</b> period', '22:16:06', '2022-03-07'),
(635, '28-2021-147', 'Encoded grades on <b>BSA-1B</b> for the subject <b>THEOL1C0: The Creed</b> on <b>Midterm</b> period', '22:17:26', '2022-03-07'),
(636, '28-2021-147', 'Encoded grades on <b>BSA-1A</b> for the subject <b>THEOL1C0: The Creed</b> on <b>Final</b> period', '22:19:05', '2022-03-07'),
(637, '28-2021-147', 'Encoded grades on <b>BSA-1B</b> for the subject <b>THEOL1C0: The Creed</b> on <b>Final</b> period', '22:20:36', '2022-03-07'),
(638, '22-2021-138', 'Encoded grades on <b>BSA-1A</b> for the subject <b>REPHI030: Readings in Philippine History</b> on <b>Prelim</b> period', '22:24:43', '2022-03-07'),
(639, '22-2021-138', 'Encoded grades on <b>BSA-1A</b> for the subject <b>REPHI030: Readings in Philippine History</b> on <b>Prelim</b> period', '22:24:59', '2022-03-07'),
(640, '22-2021-138', 'Encoded grades on <b>BSA-1A</b> for the subject <b>REPHI030: Readings in Philippine History</b> on <b>Midterm</b> period', '22:26:12', '2022-03-07'),
(641, '22-2021-138', 'Encoded grades on <b>BSA-1A</b> for the subject <b>REPHI030: Readings in Philippine History</b> on <b>Midterm</b> period', '22:26:25', '2022-03-07'),
(642, '22-2021-138', 'Encoded grades on <b>BSA-1A</b> for the subject <b>REPHI030: Readings in Philippine History</b> on <b>Final</b> period', '22:27:28', '2022-03-07'),
(643, '22-2021-138', 'Encoded grades on <b>BSA-1A</b> for the subject <b>REPHI030: Readings in Philippine History</b> on <b>Final</b> period', '22:27:48', '2022-03-07'),
(644, '22-2021-138', 'Encoded grades on <b>BSA-1B</b> for the subject <b>REPHI030: Readings in Philippine History</b> on <b>Prelim</b> period', '22:28:08', '2022-03-07'),
(645, '22-2021-138', 'Encoded grades on <b>BSA-1B</b> for the subject <b>REPHI030: Readings in Philippine History</b> on <b>Midterm</b> period', '22:28:36', '2022-03-07'),
(646, '22-2021-138', 'Encoded grades on <b>BSA-1B</b> for the subject <b>REPHI030: Readings in Philippine History</b> on <b>Final</b> period', '22:29:11', '2022-03-07'),
(647, '22-2021-138', 'Encoded grades on <b>BSA-1B</b> for the subject <b>REPHI030: Readings in Philippine History</b> on <b>Midterm</b> period', '22:29:38', '2022-03-07'),
(648, '22-2021-138', 'Encoded grades on <b>BSA-1A</b> for the subject <b>PHYED012: Physical Fitness</b> on <b>Final</b> period', '22:29:50', '2022-03-07'),
(649, '22-2021-138', 'Encoded grades on <b>BSA-1A</b> for the subject <b>PHYED012: Physical Fitness</b> on <b>Prelim</b> period', '22:30:18', '2022-03-07'),
(650, '22-2021-138', 'Encoded grades on <b>BSA-1A</b> for the subject <b>PHYED012: Physical Fitness</b> on <b>Midterm</b> period', '22:31:06', '2022-03-07'),
(651, '22-2021-138', 'Encoded grades on <b>ABE-1A</b> for the subject <b>GE 4: Art Appreciation</b> on <b>Midterm</b> period', '22:31:51', '2022-03-07'),
(652, '22-2021-138', 'Encoded grades on <b>ABE-1A</b> for the subject <b>GE 4: Art Appreciation</b> on <b>Prelim</b> period', '22:32:12', '2022-03-07'),
(653, '22-2021-138', 'Encoded grades on <b>BSA-1B</b> for the subject <b>PHYED012: Physical Fitness</b> on <b>Prelim</b> period', '22:32:24', '2022-03-07'),
(654, '22-2021-138', 'Encoded grades on <b>ABE-1A</b> for the subject <b>GE 4: Art Appreciation</b> on <b>Final</b> period', '22:32:25', '2022-03-07'),
(655, '22-2021-138', 'Encoded grades on <b>BSA-1B</b> for the subject <b>PHYED012: Physical Fitness</b> on <b>Midterm</b> period', '22:33:50', '2022-03-07'),
(656, '22-2021-138', 'Encoded grades on <b>BSA-1B</b> for the subject <b>PHYED012: Physical Fitness</b> on <b>Final</b> period', '22:35:13', '2022-03-07'),
(657, '22-2021-123', 'Encoded grades on <b>BSA-1A</b> for the subject <b>COWOR030: The Contemporary World</b> on <b>Prelim</b> period', '22:39:47', '2022-03-07'),
(658, '22-2021-123', 'Encoded grades on <b>BSA-1A</b> for the subject <b>COWOR030: The Contemporary World</b> on <b>Midterm</b> period', '22:41:14', '2022-03-07'),
(659, '22-2021-123', 'Encoded grades on <b>BSA-1A</b> for the subject <b>COWOR030: The Contemporary World</b> on <b>Final</b> period', '22:42:41', '2022-03-07'),
(660, '22-2021-123', 'Encoded grades on <b>BSA-1B</b> for the subject <b>COWOR030: The Contemporary World</b> on <b>Prelim</b> period', '22:44:15', '2022-03-07'),
(661, '22-2021-123', 'Encoded grades on <b>BSA-1B</b> for the subject <b>COWOR030: The Contemporary World</b> on <b>Midterm</b> period', '22:46:05', '2022-03-07'),
(662, '22-2021-123', 'Encoded grades on <b>BSA-1B</b> for the subject <b>COWOR030: The Contemporary World</b> on <b>Final</b> period', '22:47:24', '2022-03-07'),
(663, '22-2021-123', 'Encoded grades on <b>BSA-1A</b> for the subject <b>SOILS13M: Principles of Soil Science</b> on <b>Prelim</b> period', '22:49:30', '2022-03-07'),
(664, '22-2021-123', 'Encoded grades on <b>BSA-1A</b> for the subject <b>SOILS13M: Principles of Soil Science</b> on <b>Midterm</b> period', '22:50:32', '2022-03-07'),
(665, '22-2021-123', 'Encoded grades on <b>BSA-1A</b> for the subject <b>SOILS13M: Principles of Soil Science</b> on <b>Final</b> period', '22:51:30', '2022-03-07'),
(666, '22-2021-123', 'Encoded grades on <b>BSA-1B</b> for the subject <b>SOILS13M: Principles of Soil Science</b> on <b>Prelim</b> period', '22:52:51', '2022-03-07'),
(667, '22-2021-123', 'Encoded grades on <b>BSA-1B</b> for the subject <b>SOILS13M: Principles of Soil Science</b> on <b>Midterm</b> period', '22:54:02', '2022-03-07'),
(668, '22-2021-123', 'Encoded grades on <b>BSA-1B</b> for the subject <b>SOILS13M: Principles of Soil Science</b> on <b>Final</b> period', '22:55:04', '2022-03-07'),
(669, '22-2021-124', 'Encoded grades on <b>BSA-1A</b> for the subject <b>KAFIL030: Komunikasyon sa Akademikong Filipino</b> on <b>Prelim</b> period', '22:58:51', '2022-03-07'),
(670, '22-2021-124', 'Encoded grades on <b>BSA-1A</b> for the subject <b>KAFIL030: Komunikasyon sa Akademikong Filipino</b> on <b>Midterm</b> period', '23:01:00', '2022-03-07'),
(671, '22-2021-124', 'Encoded grades on <b>BSA-1A</b> for the subject <b>KAFIL030: Komunikasyon sa Akademikong Filipino</b> on <b>Final</b> period', '23:02:00', '2022-03-07'),
(672, '22-2021-124', 'Encoded grades on <b>BSA-1B</b> for the subject <b>KAFIL030: Komunikasyon sa Akademikong Filipino</b> on <b>Prelim</b> period', '23:03:29', '2022-03-07'),
(673, '22-2021-124', 'Encoded grades on <b>BSA-1B</b> for the subject <b>KAFIL030: Komunikasyon sa Akademikong Filipino</b> on <b>Midterm</b> period', '23:06:18', '2022-03-07'),
(674, '22-2021-124', 'Encoded grades on <b>BSA-1B</b> for the subject <b>KAFIL030: Komunikasyon sa Akademikong Filipino</b> on <b>Final</b> period', '23:07:23', '2022-03-07'),
(675, '22-2021-124', 'Encoded grades on <b>ABE-1A</b> for the subject <b>GE 3: Mathematics in the Modern World</b> on <b>Prelim</b> period', '23:09:32', '2022-03-07'),
(676, '22-2021-124', 'Encoded grades on <b>ABE-1A</b> for the subject <b>GE 3: Mathematics in the Modern World</b> on <b>Midterm</b> period', '23:09:56', '2022-03-07'),
(677, '22-2021-124', 'Encoded grades on <b>ABE-1A</b> for the subject <b>GE 3: Mathematics in the Modern World</b> on <b>Final</b> period', '23:10:20', '2022-03-07'),
(678, '22-2021-269', 'Activated academic year <b>2018 - 2019 (2nd Semester)</b>', '01:55:22', '2022-03-08'),
(679, '22-2021-269', 'Activated academic year <b>2018 - 2019 (1st Semester)</b>', '03:33:36', '2022-03-08'),
(680, '22-2021-355', 'Archived <b>College Of Agriculture (COA)</b> department', '22:55:35', '2022-03-13'),
(681, '22-2021-355', 'Restored <b>College Of Agriculture (COA)</b> department', '22:55:42', '2022-03-13'),
(682, '22-2021-355', 'Archived <b>Bachelor Of Science In Information System (BSIS)</b> program', '23:51:17', '2022-03-13'),
(683, '22-2021-355', 'Restored <b>Bachelor Of Science In Information System (BSIS)</b> program', '23:51:25', '2022-03-13'),
(684, '22-2021-355', 'Added new curriculum <b>BSIT - 2012</b>', '20:29:20', '2022-03-14'),
(685, '22-2021-355', 'Archived <b>BSIT - 2012</b> curriculum', '20:29:47', '2022-03-14'),
(686, '22-2021-355', 'Restored <b>BSIT - 2012</b> curriculum', '20:31:27', '2022-03-14'),
(687, '22-2021-355', 'Archived <b>BSIT - 2012</b> curriculum', '20:31:34', '2022-03-14'),
(688, '22-2021-355', 'Archived <b>Introduction to Computing (CITE1004)</b> subject on <b>BSIT</b> course (<b>1st Year - 1st Semester</b>)', '20:07:05', '2022-03-16'),
(689, '22-2021-355', 'Archived <b>Computer Programming 1 (CITE1003)</b> subject on <b>BSIT</b> course (<b>1st Year - 1st Semester</b>)', '20:07:12', '2022-03-16'),
(690, '22-2021-355', 'Restored <b>Introduction to Computing (CITE1004)</b> subject on <b>BSIT</b> course (<b>1st Year - 1st Semester</b>)', '20:07:22', '2022-03-16'),
(691, '22-2021-355', 'Restored <b>Computer Programming 1 (CITE1003)</b> subject on <b>BSIT</b> course (<b>1st Year - 1st Semester</b>)', '20:07:29', '2022-03-16'),
(692, '22-2021-355', 'Updated <b>Introduction To Computing (CITE1004)</b> subject on <b>BSIT</b> course (<b>1st Year - 1st Semester</b>)', '20:58:59', '2022-03-16'),
(693, '22-2021-355', 'Deactivated <b>The Contemporary World (GEDC 1002)</b> subject on <b>BSIT</b> course (<b>1st Year - 1st Semester</b>)', '21:00:04', '2022-03-16'),
(694, '22-2021-355', 'Activated <b>The Contemporary World (GEDC 1002)</b> subject on <b>BSIT</b> course (<b>1st Year - 1st Semester</b>)', '21:00:11', '2022-03-16'),
(695, '22-2021-269', 'Activated academic year <b>2018 - 2019 (2nd Semester)</b>', '17:53:05', '2022-03-28'),
(696, '22-2021-269', 'Activated academic year <b>2018 - 2019 (1st Semester)</b>', '18:03:37', '2022-03-28'),
(697, '22-2021-269', 'Activated academic year <b>2018 - 2019 (2nd Semester)</b>', '18:03:48', '2022-03-28'),
(698, '22-2021-269', 'Activated academic year <b>2018 - 2019 (1st Semester)</b>', '18:05:27', '2022-03-28'),
(699, '22-2021-269', 'Activated academic year <b>2018 - 2019 (2nd Semester)</b>', '18:05:43', '2022-03-28'),
(700, '22-2021-269', 'Activated academic year <b>2018 - 2019 (1st Semester)</b>', '18:59:17', '2022-03-28'),
(701, '22-2021-138', 'Encoded grades on <b>BSA-1A</b> for the subject <b>REPHI030: Readings in Philippine History</b> on <b>Prelim</b> period', '19:05:07', '2022-03-28'),
(702, '22-2021-138', 'Encoded grades on <b>BSA-1A</b> for the subject <b>REPHI030: Readings in Philippine History</b> on <b>Prelim</b> period', '19:05:14', '2022-03-28'),
(703, '22-2021-269', 'Activated academic year <b>2018 - 2019 (2nd Semester)</b>', '20:44:28', '2022-03-28'),
(704, '22-2021-269', 'Activated academic year <b>2018 - 2019 (1st Semester)</b>', '21:06:35', '2022-03-28'),
(705, '22-2021-269', 'Activated academic year <b>2018 - 2019 (2nd Semester)</b>', '22:04:08', '2022-03-28'),
(706, '22-2021-269', 'Activated academic year <b>2018 - 2019 (1st Semester)</b>', '22:04:32', '2022-03-28'),
(707, '22-2021-269', 'Activated academic year <b>2018 - 2019 (2nd Semester)</b>', '22:06:19', '2022-03-28'),
(708, '22-2021-269', 'Activated academic year <b>2018 - 2019 (1st Semester)</b>', '22:11:42', '2022-03-28'),
(709, '10-2022-292', 'Reset password back to default on <b>Tony Parker (Registrar)</b> account', '21:32:12', '2022-03-29'),
(710, '16-2022-464', 'Loaded <b>GEDC 1008: Understanding the Self</b> subject on <b>Monday</b> schedule for <b>Sasha Zimmerman (Teacher)</b> on <b>BSIT - 1A</b>', '21:39:26', '2022-03-29'),
(711, '16-2022-464', 'Loaded <b>GEDC 1008: Understanding the Self</b> subject on <b>Wednesday</b> schedule for <b>Sasha Zimmerman (Teacher)</b> on <b>BSIT - 1A</b>', '21:39:26', '2022-03-29'),
(712, '16-2022-464', 'Loaded <b>GEDC 1008: Understanding the Self</b> subject on <b>Friday</b> schedule for <b>Sasha Zimmerman (Teacher)</b> on <b>BSIT - 1A</b>', '21:39:26', '2022-03-29'),
(713, '16-2022-464', 'Loaded <b>GEDC 1008: Understanding the Self</b> subject on <b>Monday</b> schedule for <b>Sasha Zimmerman (Teacher)</b> on <b>BSIT - 1A</b>', '21:42:24', '2022-03-29'),
(714, '16-2022-464', 'Loaded <b>GEDC 1008: Understanding the Self</b> subject on <b>Wednesday</b> schedule for <b>Sasha Zimmerman (Teacher)</b> on <b>BSIT - 1A</b>', '21:42:24', '2022-03-29'),
(715, '16-2022-464', 'Loaded <b>GEDC 1008: Understanding the Self</b> subject on <b>Friday</b> schedule for <b>Sasha Zimmerman (Teacher)</b> on <b>BSIT - 1A</b>', '21:42:24', '2022-03-29'),
(716, '07-2022-153', 'Encoded grades on <b>BSA-1A</b> for the subject <b>USELF030: Understanding the Self</b> on <b>Prelim</b> period', '21:42:49', '2022-03-29');
INSERT INTO `user_log` (`user_log_id`, `account_user_id`, `user_action`, `user_log_time`, `user_log_date`) VALUES
(717, '07-2022-153', 'Encoded grades on <b>BSA-1A</b> for the subject <b>USELF030: Understanding the Self</b> on <b>Midterm</b> period', '21:45:01', '2022-03-29'),
(718, '16-2022-464', 'Loaded <b>PHED 1001: Physical Education 1 (Physical Fitness and Conditioning)</b> subject on <b>Saturday</b> schedule for <b>Elyse Oconnor (Teacher)</b> on <b>BSIT - 1C</b>', '21:45:41', '2022-03-29'),
(719, '07-2022-153', 'Encoded grades on <b>BSA-1A</b> for the subject <b>USELF030: Understanding the Self</b> on <b>Final</b> period', '21:46:03', '2022-03-29'),
(720, '16-2022-464', 'Loaded <b>CITE1003: Computer Programming 1</b> subject on <b>Monday</b> schedule for <b>Elyse Oconnor (Teacher)</b> on <b>BSIT - 1A</b>', '21:46:25', '2022-03-29'),
(721, '07-2022-153', 'Encoded grades on <b>BSA-1B</b> for the subject <b>USELF030: Understanding the Self</b> on <b>Prelim</b> period', '21:48:24', '2022-03-29'),
(722, '07-2022-153', 'Encoded grades on <b>BSA-1B</b> for the subject <b>USELF030: Understanding the Self</b> on <b>Midterm</b> period', '21:49:38', '2022-03-29'),
(723, '07-2022-153', 'Encoded grades on <b>BSA-1B</b> for the subject <b>USELF030: Understanding the Self</b> on <b>Final</b> period', '21:50:49', '2022-03-29'),
(724, '07-2022-153', 'Encoded grades on <b>ABE-1A</b> for the subject <b>FIL 1: Komunikasyon sa Akademikong Filipino</b> on <b>Prelim</b> period', '21:52:05', '2022-03-29'),
(725, '07-2022-153', 'Encoded grades on <b>ABE-1A</b> for the subject <b>FIL 1: Komunikasyon sa Akademikong Filipino</b> on <b>Midterm</b> period', '21:52:26', '2022-03-29'),
(726, '07-2022-153', 'Encoded grades on <b>ABE-1A</b> for the subject <b>FIL 1: Komunikasyon sa Akademikong Filipino</b> on <b>Final</b> period', '21:52:45', '2022-03-29'),
(727, '07-2022-179', 'Encoded grades on <b>ABE-1A</b> for the subject <b>PE 1: Physical Fitness</b> on <b>Prelim</b> period', '21:56:03', '2022-03-29'),
(728, '07-2022-179', 'Encoded grades on <b>ABE-1A</b> for the subject <b>PE 1: Physical Fitness</b> on <b>Midterm</b> period', '21:56:23', '2022-03-29'),
(729, '07-2022-179', 'Encoded grades on <b>ABE-1A</b> for the subject <b>PE 1: Physical Fitness</b> on <b>Final</b> period', '21:56:42', '2022-03-29'),
(730, '16-2022-464', 'Loaded <b>GEDC 1003: The Entrepreneurial Mind</b> subject on <b>Monday</b> schedule for <b>Nylah Knapp (Teacher)</b> on <b>BSIT - 2A</b>', '21:57:03', '2022-03-29'),
(731, '16-2022-464', 'Loaded <b>GEDC 1003: The Entrepreneurial Mind</b> subject on <b>Tuesday</b> schedule for <b>Nylah Knapp (Teacher)</b> on <b>BSIT - 2A</b>', '21:57:03', '2022-03-29'),
(732, '16-2022-464', 'Loaded <b>GEDC 1003: The Entrepreneurial Mind</b> subject on <b>Wednesday</b> schedule for <b>Nylah Knapp (Teacher)</b> on <b>BSIT - 2B</b>', '21:57:33', '2022-03-29'),
(733, '16-2022-464', 'Loaded <b>GEDC 1003: The Entrepreneurial Mind</b> subject on <b>Thursday</b> schedule for <b>Nylah Knapp (Teacher)</b> on <b>BSIT - 2B</b>', '21:57:33', '2022-03-29'),
(734, '16-2022-464', 'Loaded <b>COSC 1008: Platform Technology 1 (Operating Systems)</b> subject on <b>Friday</b> schedule for <b>Nikhil Edwards (Teacher)</b> on <b>BSIT - 2C</b>', '21:58:45', '2022-03-29'),
(735, '16-2022-464', 'Loaded <b>COSC 1008: Platform Technology 1 (Operating Systems)</b> subject on <b>Saturday</b> schedule for <b>Nikhil Edwards (Teacher)</b> on <b>BSIT - 2C</b>', '21:58:45', '2022-03-29'),
(736, '16-2022-464', 'Loaded <b>COSC 1008: Platform Technology 1 (Operating Systems)</b> subject on <b>Wednesday</b> schedule for <b>Nikhil Edwards (Teacher)</b> on <b>BSIT - 2B</b>', '21:59:16', '2022-03-29'),
(737, '16-2022-464', 'Loaded <b>COSC 1008: Platform Technology 1 (Operating Systems)</b> subject on <b>Thursday</b> schedule for <b>Nikhil Edwards (Teacher)</b> on <b>BSIT - 2B</b>', '21:59:16', '2022-03-29'),
(738, '07-2022-179', 'Encoded grades on <b>BSIT-1A</b> for the subject <b>PHED 1001: Physical Education 1 (Physical Fitness and Conditioning)</b> on <b>Prelim</b> period', '21:59:22', '2022-03-29'),
(739, '16-2022-464', 'Loaded <b>MAJOR 1: Introduction to Pragmatics</b> subject on <b>Monday</b> schedule for <b>Fsdf Sdfsd (Teacher)</b> on <b>ABE - 2A</b>', '22:00:31', '2022-03-29'),
(740, '16-2022-464', 'Loaded <b>MAJOR 1: Introduction to Pragmatics</b> subject on <b>Tuesday</b> schedule for <b>Fsdf Sdfsd (Teacher)</b> on <b>ABE - 2A</b>', '22:00:31', '2022-03-29'),
(741, '07-2022-179', 'Encoded grades on <b>BSIT-1A</b> for the subject <b>PHED 1001: Physical Education 1 (Physical Fitness and Conditioning)</b> on <b>Midterm</b> period', '22:00:38', '2022-03-29'),
(742, '07-2022-179', 'Encoded grades on <b>BSIT-1A</b> for the subject <b>PHED 1001: Physical Education 1 (Physical Fitness and Conditioning)</b> on <b>Final</b> period', '22:02:02', '2022-03-29'),
(743, '07-2022-179', 'Encoded grades on <b>BSIT-1B</b> for the subject <b>PHED 1001: Physical Education 1 (Physical Fitness and Conditioning)</b> on <b>Prelim</b> period', '22:04:03', '2022-03-29'),
(744, '07-2022-179', 'Encoded grades on <b>BSIT-1B</b> for the subject <b>PHED 1001: Physical Education 1 (Physical Fitness and Conditioning)</b> on <b>Midterm</b> period', '22:05:16', '2022-03-29'),
(745, '07-2022-179', 'Encoded grades on <b>BSIT-1B</b> for the subject <b>PHED 1001: Physical Education 1 (Physical Fitness and Conditioning)</b> on <b>Final</b> period', '22:06:35', '2022-03-29'),
(746, '07-2022-210', 'Encoded grades on <b>ABELS-1A</b> for the subject <b>THEOL 030: The Creed</b> on <b>Prelim</b> period', '22:08:51', '2022-03-29'),
(747, '07-2022-210', 'Encoded grades on <b>ABELS-1A</b> for the subject <b>THEOL 030: The Creed</b> on <b>Midterm</b> period', '22:09:35', '2022-03-29'),
(748, '07-2022-210', 'Encoded grades on <b>ABELS-1A</b> for the subject <b>THEOL 030: The Creed</b> on <b>Final</b> period', '22:10:19', '2022-03-29'),
(749, '07-2022-210', 'Encoded grades on <b>ABELS-1A</b> for the subject <b>REPHI 030: Readings in Philippine History</b> on <b>Prelim</b> period', '22:11:08', '2022-03-29'),
(750, '07-2022-210', 'Encoded grades on <b>ABELS-1A</b> for the subject <b>REPHI 030: Readings in Philippine History</b> on <b>Midterm</b> period', '22:11:58', '2022-03-29'),
(751, '07-2022-210', 'Encoded grades on <b>ABELS-1A</b> for the subject <b>REPHI 030: Readings in Philippine History</b> on <b>Final</b> period', '22:12:43', '2022-03-29'),
(752, '07-2022-210', 'Encoded grades on <b>ABELS-1B</b> for the subject <b>REPHI 030: Readings in Philippine History</b> on <b>Prelim</b> period', '22:13:46', '2022-03-29'),
(753, '07-2022-210', 'Encoded grades on <b>ABELS-1B</b> for the subject <b>REPHI 030: Readings in Philippine History</b> on <b>Midterm</b> period', '22:14:41', '2022-03-29'),
(754, '07-2022-210', 'Encoded grades on <b>ABELS-1B</b> for the subject <b>REPHI 030: Readings in Philippine History</b> on <b>Final</b> period', '22:15:22', '2022-03-29'),
(755, '07-2022-210', 'Encoded grades on <b>ABELS-1B</b> for the subject <b>THEOL 030: The Creed</b> on <b>Prelim</b> period', '22:16:14', '2022-03-29'),
(756, '07-2022-210', 'Encoded grades on <b>ABELS-1B</b> for the subject <b>THEOL 030: The Creed</b> on <b>Midterm</b> period', '22:17:01', '2022-03-29'),
(757, '07-2022-210', 'Encoded grades on <b>ABELS-1B</b> for the subject <b>THEOL 030: The Creed</b> on <b>Final</b> period', '22:17:42', '2022-03-29'),
(758, '07-2022-235', 'Encoded grades on <b>BSIT-1A</b> for the subject <b>GEDC 1002: The Contemporary World</b> on <b>Prelim</b> period', '22:19:49', '2022-03-29'),
(759, '07-2022-235', 'Encoded grades on <b>BSIT-1A</b> for the subject <b>GEDC 1002: The Contemporary World</b> on <b>Midterm</b> period', '22:20:26', '2022-03-29'),
(760, '07-2022-235', 'Encoded grades on <b>BSIT-1A</b> for the subject <b>GEDC 1002: The Contemporary World</b> on <b>Final</b> period', '22:21:41', '2022-03-29'),
(761, '07-2022-235', 'Encoded grades on <b>BSIT-1A</b> for the subject <b>GEDC 1004: Filipino 1: Istruktura ng Wikang Filipino</b> on <b>Prelim</b> period', '22:22:39', '2022-03-29'),
(762, '07-2022-235', 'Encoded grades on <b>BSIT-1A</b> for the subject <b>GEDC 1004: Filipino 1: Istruktura ng Wikang Filipino</b> on <b>Midterm</b> period', '22:23:17', '2022-03-29'),
(763, '07-2022-235', 'Encoded grades on <b>BSIT-1A</b> for the subject <b>GEDC 1004: Filipino 1: Istruktura ng Wikang Filipino</b> on <b>Final</b> period', '22:23:52', '2022-03-29'),
(764, '07-2022-235', 'Encoded grades on <b>BSIT-1B</b> for the subject <b>GEDC 1002: The Contemporary World</b> on <b>Prelim</b> period', '22:24:51', '2022-03-29'),
(765, '07-2022-235', 'Encoded grades on <b>BSIT-1B</b> for the subject <b>GEDC 1002: The Contemporary World</b> on <b>Midterm</b> period', '22:25:40', '2022-03-29'),
(766, '07-2022-235', 'Encoded grades on <b>BSIT-1B</b> for the subject <b>GEDC 1002: The Contemporary World</b> on <b>Final</b> period', '22:26:19', '2022-03-29'),
(767, '07-2022-235', 'Encoded grades on <b>BSIT-1B</b> for the subject <b>GEDC 1004: Filipino 1: Istruktura ng Wikang Filipino</b> on <b>Prelim</b> period', '22:27:05', '2022-03-29'),
(768, '07-2022-235', 'Encoded grades on <b>BSIT-1B</b> for the subject <b>GEDC 1004: Filipino 1: Istruktura ng Wikang Filipino</b> on <b>Midterm</b> period', '22:28:07', '2022-03-29'),
(769, '07-2022-235', 'Encoded grades on <b>BSIT-1B</b> for the subject <b>GEDC 1004: Filipino 1: Istruktura ng Wikang Filipino</b> on <b>Final</b> period', '22:29:26', '2022-03-29'),
(770, '07-2022-292', 'Encoded grades on <b>BSIT-1A</b> for the subject <b>STIC 1002: Euthenics 1</b> on <b>Prelim</b> period', '22:33:36', '2022-03-29'),
(771, '07-2022-292', 'Encoded grades on <b>BSIT-1A</b> for the subject <b>STIC 1002: Euthenics 1</b> on <b>Midterm</b> period', '22:34:26', '2022-03-29'),
(772, '07-2022-292', 'Encoded grades on <b>BSIT-1A</b> for the subject <b>STIC 1002: Euthenics 1</b> on <b>Final</b> period', '22:35:06', '2022-03-29'),
(773, '07-2022-292', 'Encoded grades on <b>BSIT-1B</b> for the subject <b>STIC 1002: Euthenics 1</b> on <b>Prelim</b> period', '22:36:08', '2022-03-29'),
(774, '07-2022-292', 'Encoded grades on <b>BSIT-1B</b> for the subject <b>STIC 1002: Euthenics 1</b> on <b>Midterm</b> period', '22:37:03', '2022-03-29'),
(775, '07-2022-292', 'Encoded grades on <b>BSIT-1B</b> for the subject <b>STIC 1002: Euthenics 1</b> on <b>Final</b> period', '22:37:39', '2022-03-29'),
(776, '07-2022-309', 'Encoded grades on <b>BSA-1A</b> for the subject <b>NSTPCW130: National Service Training Program</b> on <b>Prelim</b> period', '22:47:28', '2022-03-29'),
(777, '07-2022-309', 'Encoded grades on <b>BSA-1A</b> for the subject <b>NSTPCW130: National Service Training Program</b> on <b>Midterm</b> period', '22:48:14', '2022-03-29'),
(778, '07-2022-309', 'Encoded grades on <b>BSA-1A</b> for the subject <b>NSTPCW130: National Service Training Program</b> on <b>Final</b> period', '22:49:25', '2022-03-29'),
(779, '07-2022-309', 'Encoded grades on <b>BSA-1A</b> for the subject <b>INTAG110: Introduction to Agriculture</b> on <b>Prelim</b> period', '22:50:28', '2022-03-29'),
(780, '07-2022-309', 'Encoded grades on <b>BSA-1A</b> for the subject <b>INTAG110: Introduction to Agriculture</b> on <b>Midterm</b> period', '22:51:22', '2022-03-29'),
(781, '07-2022-309', 'Encoded grades on <b>BSA-1A</b> for the subject <b>INTAG110: Introduction to Agriculture</b> on <b>Final</b> period', '22:52:09', '2022-03-29'),
(782, '07-2022-309', 'Encoded grades on <b>BSA-1B</b> for the subject <b>NSTPCW130: National Service Training Program</b> on <b>Prelim</b> period', '22:53:19', '2022-03-29'),
(783, '07-2022-309', 'Encoded grades on <b>BSA-1B</b> for the subject <b>NSTPCW130: National Service Training Program</b> on <b>Midterm</b> period', '22:54:03', '2022-03-29'),
(784, '07-2022-309', 'Encoded grades on <b>BSA-1B</b> for the subject <b>NSTPCW130: National Service Training Program</b> on <b>Final</b> period', '22:54:31', '2022-03-29'),
(785, '07-2022-309', 'Encoded grades on <b>BSA-1B</b> for the subject <b>INTAG110: Introduction to Agriculture</b> on <b>Prelim</b> period', '22:55:29', '2022-03-29'),
(786, '07-2022-309', 'Encoded grades on <b>BSA-1B</b> for the subject <b>INTAG110: Introduction to Agriculture</b> on <b>Midterm</b> period', '22:56:46', '2022-03-29'),
(787, '07-2022-309', 'Encoded grades on <b>BSA-1B</b> for the subject <b>INTAG110: Introduction to Agriculture</b> on <b>Final</b> period', '22:57:54', '2022-03-29'),
(788, '07-2022-309', 'Encoded grades on <b>ABE-1A</b> for the subject <b>GE 1: Purposive Communication</b> on <b>Prelim</b> period', '22:58:43', '2022-03-29'),
(789, '07-2022-309', 'Encoded grades on <b>ABE-1A</b> for the subject <b>GE 1: Purposive Communication</b> on <b>Midterm</b> period', '22:59:00', '2022-03-29'),
(790, '07-2022-309', 'Encoded grades on <b>ABE-1A</b> for the subject <b>GE 1: Purposive Communication</b> on <b>Final</b> period', '22:59:35', '2022-03-29'),
(791, '22-2021-123', 'Encoded grades on <b>ABE-1A</b> for the subject <b>GE 2 : Readings in Philippine History</b> on <b>Prelim</b> period', '23:47:18', '2022-03-29'),
(792, '22-2021-123', 'Encoded grades on <b>ABE-1A</b> for the subject <b>GE 2 : Readings in Philippine History</b> on <b>Midterm</b> period', '23:47:35', '2022-03-29'),
(793, '22-2021-123', 'Encoded grades on <b>ABE-1A</b> for the subject <b>GE 2 : Readings in Philippine History</b> on <b>Final</b> period', '23:47:52', '2022-03-29'),
(794, '28-2021-164', 'Encoded grades on <b>ABE-1A</b> for the subject <b>HISLA 1: History of the Language</b> on <b>Prelim</b> period', '23:54:52', '2022-03-29'),
(795, '28-2021-164', 'Encoded grades on <b>ABE-1A</b> for the subject <b>HISLA 1: History of the Language</b> on <b>Midterm</b> period', '23:55:11', '2022-03-29'),
(796, '28-2021-164', 'Encoded grades on <b>ABE-1A</b> for the subject <b>HISLA 1: History of the Language</b> on <b>Final</b> period', '23:55:25', '2022-03-29'),
(797, '28-2021-207', 'Encoded grades on <b>BSA-1B</b> for the subject <b>CRPRO13M: Crop Protection</b> on <b>Prelim</b> period', '23:58:31', '2022-03-29'),
(798, '28-2021-207', 'Encoded grades on <b>BSA-1B</b> for the subject <b>CRPRO13M: Crop Protection</b> on <b>Midterm</b> period', '23:59:20', '2022-03-29'),
(799, '28-2021-207', 'Encoded grades on <b>BSA-1B</b> for the subject <b>CRPRO13M: Crop Protection</b> on <b>Final</b> period', '23:59:58', '2022-03-29'),
(800, '28-2021-207', 'Encoded grades on <b>ABE-1A</b> for the subject <b>NSTP 1: National Service Training Program</b> on <b>Prelim</b> period', '00:00:56', '2022-03-30'),
(801, '28-2021-207', 'Encoded grades on <b>ABE-1A</b> for the subject <b>NSTP 1: National Service Training Program</b> on <b>Midterm</b> period', '00:01:10', '2022-03-30'),
(802, '28-2021-207', 'Encoded grades on <b>ABE-1A</b> for the subject <b>NSTP 1: National Service Training Program</b> on <b>Final</b> period', '00:01:25', '2022-03-30'),
(803, '24-2022-330', 'Reset password back to default on <b>May Cuaycong (Teacher)</b> account', '00:05:43', '2022-03-30'),
(804, '24-2022-330', 'Reset password back to default on <b>Orville Balangue (Teacher)</b> account', '00:10:48', '2022-03-30'),
(805, '24-2022-330', 'Reset password back to default on <b>Juvani Delos Santos (Teacher)</b> account', '00:14:27', '2022-03-30'),
(806, '10-2022-292', 'Reset password back to default on <b>Tony Parker (Registrar)</b> account', '19:25:09', '2022-03-30'),
(807, '16-2022-464', 'Loaded <b>CITE1003: Computer Programming 1</b> subject on <b>Wednesday</b> schedule for <b>Juvani Delos Santos (Teacher)</b> on <b>BSIT - 1B</b>', '21:38:15', '2022-03-30'),
(808, '16-2022-464', 'Loaded <b>CITE1004: Introduction to Computing</b> subject on <b>Friday</b> schedule for <b>Orville Balangue (Teacher)</b> on <b>BSIT - 1B</b>', '21:39:52', '2022-03-30'),
(809, '16-2022-464', 'Loaded <b>GEDC 1002: The Contemporary World</b> subject on <b>Saturday</b> schedule for <b>Ariel Sumagaysay (Teacher)</b> on <b>BSIT - 1B</b>', '21:41:19', '2022-03-30'),
(810, '22-2021-269', 'Activated <b>Sasha Zimmerman (Teacher)</b> account', '21:52:09', '2022-03-30'),
(811, '22-2021-269', 'Activated <b>Elyse Oconnor (Teacher)</b> account', '21:52:59', '2022-03-30'),
(812, '22-2021-269', 'Activated <b>Nikhil Edwards (Teacher)</b> account', '21:54:45', '2022-03-30'),
(813, '22-2021-269', 'Activated <b>Nylah Knapp (Teacher)</b> account', '21:57:05', '2022-03-30'),
(814, '16-2022-464', 'Loaded <b>CITE1004: Introduction to Computing</b> subject on <b>Monday</b> schedule for <b>Bella Ramos (Teacher)</b> on <b>BSIT - 1A</b>', '22:03:43', '2022-03-30'),
(815, '16-2022-464', 'Loaded <b>PUCOM 030: Purposive Communication</b> subject on <b>Saturday</b> schedule for <b>Elyse Oconnor (Teacher)</b> on <b>ABELS - 1</b>', '22:05:01', '2022-03-30'),
(816, '16-2022-464', 'Loaded <b>NSTP 1008: National Service Training Program 1</b> subject on <b>Saturday</b> schedule for <b>Kendall Delgado (Teacher)</b> on <b>BSIT - 1A</b>', '22:05:03', '2022-03-30'),
(817, '16-2022-464', 'Updated <b>CITE1003: Computer Programming 1</b> subject on <b>Monday</b> schedule for <b>Elyse Oconnor (Teacher)</b> on <b>BSIT - 1A</b>', '22:05:32', '2022-03-30'),
(818, '16-2022-464', 'Loaded <b>ARTAP 030: Art Appreciation</b> subject on <b>Monday</b> schedule for <b>Bella Ramos (Teacher)</b> on <b>ABELS - 1</b>', '22:09:11', '2022-03-30'),
(819, '16-2022-464', 'Updated <b>ARTAP 030: Art Appreciation</b> subject on <b>Monday</b> schedule for <b>Bella Ramos (Teacher)</b> on <b>ABELS - 1A</b>', '22:09:36', '2022-03-30'),
(820, '16-2022-464', 'Loaded <b>HISLA 030: History of the Language</b> subject on <b>Thursday</b> schedule for <b>Kendall Delgado (Teacher)</b> on <b>ABELS - 1A</b>', '22:11:31', '2022-03-30'),
(821, '16-2022-464', 'Loaded <b>STIC 1002: Euthenics 1</b> subject on <b>Thursday</b> schedule for <b>Kendall Delgado (Teacher)</b> on <b>BSIT - 1A</b>', '22:14:12', '2022-03-30'),
(822, '16-2022-464', 'Loaded <b>KAFIL 030: Komunikasyon sa Akademikong Filipino</b> subject on <b>Wednesday</b> schedule for <b>Jamiya Hogan (Teacher)</b> on <b>ABELS - 1A</b>', '22:18:27', '2022-03-30'),
(823, '16-2022-464', 'Loaded <b>MATMW 030: Mathematics in the Modern World</b> subject on <b>Thursday</b> schedule for <b>Richard Rhodes (Teacher)</b> on <b>ABELS - 1A</b>', '22:20:02', '2022-03-30'),
(824, '16-2022-464', 'Loaded <b>NSTPCW 030: National Service Training Program</b> subject on <b>Friday</b> schedule for <b>Sanaa Tucker (Teacher)</b> on <b>ABELS - 1A</b>', '22:21:59', '2022-03-30'),
(825, '16-2022-464', 'Loaded <b>PHYED 020: Physical Fitness</b> subject on <b>Monday</b> schedule for <b>Sasha Zimmerman (Teacher)</b> on <b>ABELS - 1A</b>', '22:23:36', '2022-03-30'),
(826, '16-2022-464', 'Loaded <b>REPHI 030: Readings in Philippine History</b> subject on <b>Friday</b> schedule for <b>Nylah Knapp (Teacher)</b> on <b>ABELS - 1A</b>', '22:27:34', '2022-03-30'),
(827, '16-2022-464', 'Updated <b>PUCOM 030: Purposive Communication</b> subject on <b>Saturday</b> schedule for <b>Elyse Oconnor (Teacher)</b> on <b>ABELS - 1A</b>', '22:29:37', '2022-03-30'),
(828, '16-2022-464', 'Loaded <b>GEDC 1005: Mathematics in the Modern World</b> subject on <b>Monday</b> schedule for <b>Jamiya Hogan (Teacher)</b> on <b>BSIT - 1A</b>', '22:30:57', '2022-03-30'),
(829, '16-2022-464', 'Loaded <b>ARTAP 030: Art Appreciation</b> subject on <b>Friday</b> schedule for <b>Bella Ramos (Teacher)</b> on <b>ABELS - 1B</b>', '22:36:50', '2022-03-30'),
(830, '16-2022-464', 'Updated <b>GEDC 1005: Mathematics in the Modern World</b> subject on <b>Monday</b> schedule for <b>Jamiya Hogan (Teacher)</b> on <b>BSIT - 1A</b>', '22:38:05', '2022-03-30'),
(831, '16-2022-464', 'Loaded <b>NSTP 1008: National Service Training Program 1</b> subject on <b>Saturday</b> schedule for <b>Kendall Delgado (Teacher)</b> on <b>BSIT - 1B</b>', '22:42:25', '2022-03-30'),
(832, '16-2022-464', 'Loaded <b>HISLA 030: History of the Language</b> subject on <b>Wednesday</b> schedule for <b>Kendall Delgado (Teacher)</b> on <b>ABELS - 1B</b>', '22:42:39', '2022-03-30'),
(833, '16-2022-464', 'Loaded <b>KAFIL 030: Komunikasyon sa Akademikong Filipino</b> subject on <b>Saturday</b> schedule for <b>Kendall Delgado (Teacher)</b> on <b>ABELS - 1B</b>', '22:45:10', '2022-03-30'),
(834, '16-2022-464', 'Loaded <b>MATMW 030: Mathematics in the Modern World</b> subject on <b>Monday</b> schedule for <b>Richard Rhodes (Teacher)</b> on <b>ABELS - 1B</b>', '22:47:16', '2022-03-30'),
(835, '16-2022-464', 'Loaded <b>NSTPCW 030: National Service Training Program</b> subject on <b>Friday</b> schedule for <b>Sanaa Tucker (Teacher)</b> on <b>ABELS - 1B</b>', '22:49:41', '2022-03-30'),
(836, '16-2022-464', 'Loaded <b>GEDC 1005: Mathematics in the Modern World</b> subject on <b>Monday</b> schedule for <b>Kendall Delgado (Teacher)</b> on <b>BSIT - 1B</b>', '22:51:56', '2022-03-30'),
(837, '16-2022-464', 'Loaded <b>PHYED 020: Physical Fitness</b> subject on <b>Tuesday</b> schedule for <b>Sasha Zimmerman (Teacher)</b> on <b>ABELS - 1B</b>', '22:52:14', '2022-03-30'),
(838, '16-2022-464', 'Loaded <b>PUCOM 030: Purposive Communication</b> subject on <b>Wednesday</b> schedule for <b>Elyse Oconnor (Teacher)</b> on <b>ABELS - 1B</b>', '22:53:55', '2022-03-30'),
(839, '16-2022-464', 'Loaded <b>GEDC 1008: Understanding the Self</b> subject on <b>Tuesday</b> schedule for <b>Laila  Perkins (Teacher)</b> on <b>BSIT - 1B</b>', '22:54:25', '2022-03-30'),
(840, '16-2022-464', 'Loaded <b>PHED 1001: Physical Education 1 (Physical Fitness and Conditioning)</b> subject on <b>Friday</b> schedule for <b>Laila  Perkins (Teacher)</b> on <b>BSIT - 1B</b>', '22:55:23', '2022-03-30'),
(841, '07-2022-210', 'Encoded grades on <b>ABELS-1A</b> for the subject <b>KAFIL 030: Komunikasyon sa Akademikong Filipino</b> on <b>Prelim</b> period', '23:11:07', '2022-03-30'),
(842, '07-2022-210', 'Encoded grades on <b>ABELS-1A</b> for the subject <b>KAFIL 030: Komunikasyon sa Akademikong Filipino</b> on <b>Midterm</b> period', '23:11:52', '2022-03-30'),
(843, '07-2022-210', 'Encoded grades on <b>ABELS-1A</b> for the subject <b>KAFIL 030: Komunikasyon sa Akademikong Filipino</b> on <b>Final</b> period', '23:12:26', '2022-03-30'),
(844, '07-2022-210', 'Encoded grades on <b>ABELS-1B</b> for the subject <b>KAFIL 030: Komunikasyon sa Akademikong Filipino</b> on <b>Prelim</b> period', '23:14:04', '2022-03-30'),
(845, '07-2022-210', 'Encoded grades on <b>ABELS-1B</b> for the subject <b>KAFIL 030: Komunikasyon sa Akademikong Filipino</b> on <b>Midterm</b> period', '23:14:54', '2022-03-30'),
(846, '10-2022-292', 'Reset password back to default on <b>Bella Ramos (Teacher)</b> account', '23:15:12', '2022-03-30'),
(847, '07-2022-210', 'Encoded grades on <b>ABELS-1B</b> for the subject <b>KAFIL 030: Komunikasyon sa Akademikong Filipino</b> on <b>Final</b> period', '23:15:37', '2022-03-30'),
(848, '07-2022-153', 'Encoded grades on <b>ABELS-1A</b> for the subject <b>ARTAP 030: Art Appreciation</b> on <b>Prelim</b> period', '23:19:05', '2022-03-30'),
(849, '07-2022-153', 'Encoded grades on <b>ABELS-1A</b> for the subject <b>ARTAP 030: Art Appreciation</b> on <b>Midterm</b> period', '23:20:37', '2022-03-30'),
(850, '07-2022-153', 'Encoded grades on <b>ABELS-1A</b> for the subject <b>ARTAP 030: Art Appreciation</b> on <b>Final</b> period', '23:21:24', '2022-03-30'),
(851, '07-2022-179', 'Encoded grades on <b>BSIT-1A</b> for the subject <b>NSTP 1008: National Service Training Program 1</b> on <b>Prelim</b> period', '23:22:13', '2022-03-30'),
(852, '07-2022-179', 'Encoded grades on <b>BSIT-1A</b> for the subject <b>NSTP 1008: National Service Training Program 1</b> on <b>Midterm</b> period', '23:22:38', '2022-03-30'),
(853, '07-2022-153', 'Encoded grades on <b>ABELS-1B</b> for the subject <b>ARTAP 030: Art Appreciation</b> on <b>Prelim</b> period', '23:22:56', '2022-03-30'),
(854, '07-2022-153', 'Encoded grades on <b>ABELS-1B</b> for the subject <b>ARTAP 030: Art Appreciation</b> on <b>Midterm</b> period', '23:23:30', '2022-03-30'),
(855, '07-2022-153', 'Encoded grades on <b>ABELS-1B</b> for the subject <b>ARTAP 030: Art Appreciation</b> on <b>Final</b> period', '23:24:21', '2022-03-30'),
(856, '07-2022-289', 'Encoded grades on <b>ABELS-1A</b> for the subject <b>MATMW 030: Mathematics in the Modern World</b> on <b>Prelim</b> period', '23:26:59', '2022-03-30'),
(857, '07-2022-179', 'Encoded grades on <b>BSIT-1A</b> for the subject <b>NSTP 1008: National Service Training Program 1</b> on <b>Final</b> period', '23:27:10', '2022-03-30'),
(858, '07-2022-289', 'Encoded grades on <b>ABELS-1A</b> for the subject <b>MATMW 030: Mathematics in the Modern World</b> on <b>Midterm</b> period', '23:27:38', '2022-03-30'),
(859, '07-2022-179', 'Encoded grades on <b>BSIT-1B</b> for the subject <b>NSTP 1008: National Service Training Program 1</b> on <b>Prelim</b> period', '23:28:06', '2022-03-30'),
(860, '07-2022-289', 'Encoded grades on <b>ABELS-1A</b> for the subject <b>MATMW 030: Mathematics in the Modern World</b> on <b>Final</b> period', '23:28:18', '2022-03-30'),
(861, '07-2022-179', 'Encoded grades on <b>BSIT-1B</b> for the subject <b>NSTP 1008: National Service Training Program 1</b> on <b>Midterm</b> period', '23:28:37', '2022-03-30'),
(862, '07-2022-289', 'Encoded grades on <b>ABELS-1B</b> for the subject <b>MATMW 030: Mathematics in the Modern World</b> on <b>Prelim</b> period', '23:29:18', '2022-03-30'),
(863, '07-2022-289', 'Encoded grades on <b>ABELS-1B</b> for the subject <b>MATMW 030: Mathematics in the Modern World</b> on <b>Midterm</b> period', '23:30:03', '2022-03-30'),
(864, '07-2022-289', 'Encoded grades on <b>ABELS-1B</b> for the subject <b>MATMW 030: Mathematics in the Modern World</b> on <b>Final</b> period', '23:31:30', '2022-03-30'),
(865, '07-2022-292', 'Encoded grades on <b>ABELS-1A</b> for the subject <b>NSTPCW 030: National Service Training Program</b> on <b>Prelim</b> period', '23:33:45', '2022-03-30'),
(866, '07-2022-292', 'Encoded grades on <b>ABELS-1A</b> for the subject <b>NSTPCW 030: National Service Training Program</b> on <b>Midterm</b> period', '23:34:26', '2022-03-30'),
(867, '07-2022-292', 'Encoded grades on <b>ABELS-1A</b> for the subject <b>NSTPCW 030: National Service Training Program</b> on <b>Final</b> period', '23:35:04', '2022-03-30'),
(868, '07-2022-292', 'Encoded grades on <b>ABELS-1B</b> for the subject <b>NSTPCW 030: National Service Training Program</b> on <b>Prelim</b> period', '23:36:12', '2022-03-30'),
(869, '07-2022-292', 'Encoded grades on <b>ABELS-1B</b> for the subject <b>NSTPCW 030: National Service Training Program</b> on <b>Midterm</b> period', '23:38:06', '2022-03-30'),
(870, '07-2022-292', 'Encoded grades on <b>ABELS-1B</b> for the subject <b>NSTPCW 030: National Service Training Program</b> on <b>Final</b> period', '23:38:39', '2022-03-30'),
(871, '07-2022-179', 'Encoded grades on <b>ABELS-1A</b> for the subject <b>HISLA 030: History of the Language</b> on <b>Prelim</b> period', '23:42:03', '2022-03-30'),
(872, '07-2022-179', 'Encoded grades on <b>ABELS-1A</b> for the subject <b>HISLA 030: History of the Language</b> on <b>Midterm</b> period', '23:42:34', '2022-03-30'),
(873, '07-2022-179', 'Encoded grades on <b>ABELS-1A</b> for the subject <b>HISLA 030: History of the Language</b> on <b>Final</b> period', '23:43:13', '2022-03-30'),
(874, '07-2022-179', 'Encoded grades on <b>ABELS-1B</b> for the subject <b>HISLA 030: History of the Language</b> on <b>Prelim</b> period', '23:43:55', '2022-03-30'),
(875, '07-2022-179', 'Encoded grades on <b>ABELS-1B</b> for the subject <b>HISLA 030: History of the Language</b> on <b>Midterm</b> period', '23:44:28', '2022-03-30'),
(876, '07-2022-179', 'Encoded grades on <b>ABELS-1B</b> for the subject <b>HISLA 030: History of the Language</b> on <b>Final</b> period', '23:45:04', '2022-03-30'),
(877, '07-2022-299', 'Encoded grades on <b>ABELS-1A</b> for the subject <b>PHYED 020: Physical Fitness</b> on <b>Prelim</b> period', '23:49:08', '2022-03-30'),
(878, '07-2022-299', 'Encoded grades on <b>ABELS-1A</b> for the subject <b>PHYED 020: Physical Fitness</b> on <b>Midterm</b> period', '23:49:41', '2022-03-30'),
(879, '07-2022-299', 'Encoded grades on <b>ABELS-1A</b> for the subject <b>PHYED 020: Physical Fitness</b> on <b>Final</b> period', '23:50:18', '2022-03-30'),
(880, '07-2022-299', 'Encoded grades on <b>ABELS-1B</b> for the subject <b>PHYED 020: Physical Fitness</b> on <b>Prelim</b> period', '23:51:01', '2022-03-30'),
(881, '07-2022-299', 'Encoded grades on <b>ABELS-1B</b> for the subject <b>PHYED 020: Physical Fitness</b> on <b>Midterm</b> period', '23:51:29', '2022-03-30'),
(882, '07-2022-299', 'Encoded grades on <b>ABELS-1B</b> for the subject <b>PHYED 020: Physical Fitness</b> on <b>Final</b> period', '23:52:08', '2022-03-30'),
(883, '07-2022-153', 'Encoded grades on <b>BSIT-1A</b> for the subject <b>CITE1004: Introduction to Computing</b> on <b>Prelim</b> period', '22:40:19', '2022-04-01'),
(884, '07-2022-153', 'Encoded grades on <b>BSIT-1A</b> for the subject <b>CITE1004: Introduction to Computing</b> on <b>Midterm</b> period', '22:40:52', '2022-04-01'),
(885, '07-2022-153', 'Encoded grades on <b>BSIT-1A</b> for the subject <b>CITE1004: Introduction to Computing</b> on <b>Final</b> period', '22:41:30', '2022-04-01'),
(886, '07-2022-153', 'Encoded grades on <b>BSIT-1B</b> for the subject <b>CITE1004: Introduction to Computing</b> on <b>Prelim</b> period', '22:43:10', '2022-04-01'),
(887, '07-2022-153', 'Encoded grades on <b>BSIT-1B</b> for the subject <b>CITE1004: Introduction to Computing</b> on <b>Midterm</b> period', '22:43:37', '2022-04-01'),
(888, '07-2022-153', 'Encoded grades on <b>BSIT-1B</b> for the subject <b>CITE1004: Introduction to Computing</b> on <b>Final</b> period', '22:44:06', '2022-04-01'),
(889, '07-2022-210', 'Encoded grades on <b>BSIT-1A</b> for the subject <b>GEDC 1005: Mathematics in the Modern World</b> on <b>Prelim</b> period', '22:49:05', '2022-04-01'),
(890, '07-2022-210', 'Encoded grades on <b>BSIT-1A</b> for the subject <b>GEDC 1005: Mathematics in the Modern World</b> on <b>Midterm</b> period', '22:49:54', '2022-04-01'),
(891, '07-2022-210', 'Encoded grades on <b>BSIT-1A</b> for the subject <b>GEDC 1005: Mathematics in the Modern World</b> on <b>Final</b> period', '22:53:28', '2022-04-01'),
(892, '07-2022-210', 'Encoded grades on <b>BSIT-1B</b> for the subject <b>GEDC 1005: Mathematics in the Modern World</b> on <b>Final</b> period', '22:54:07', '2022-04-01'),
(893, '07-2022-210', 'Encoded grades on <b>BSIT-1B</b> for the subject <b>GEDC 1005: Mathematics in the Modern World</b> on <b>Prelim</b> period', '22:55:09', '2022-04-01'),
(894, '07-2022-210', 'Encoded grades on <b>BSIT-1B</b> for the subject <b>GEDC 1005: Mathematics in the Modern World</b> on <b>Midterm</b> period', '22:56:34', '2022-04-01'),
(895, '07-2022-235', 'Encoded grades on <b>BSIT-1A</b> for the subject <b>GEDC 1008: Understanding the Self</b> on <b>Prelim</b> period', '23:00:48', '2022-04-01'),
(896, '07-2022-235', 'Encoded grades on <b>BSIT-1A</b> for the subject <b>GEDC 1008: Understanding the Self</b> on <b>Midterm</b> period', '23:01:21', '2022-04-01'),
(897, '07-2022-235', 'Encoded grades on <b>BSIT-1A</b> for the subject <b>GEDC 1008: Understanding the Self</b> on <b>Final</b> period', '23:01:56', '2022-04-01'),
(898, '07-2022-235', 'Encoded grades on <b>BSIT-1B</b> for the subject <b>GEDC 1008: Understanding the Self</b> on <b>Final</b> period', '23:06:26', '2022-04-01'),
(899, '10-2022-292', 'Reset password back to default on <b>Elyse Oconnor (Teacher)</b> account', '23:07:15', '2022-04-01'),
(900, '07-2022-235', 'Encoded grades on <b>BSIT-1B</b> for the subject <b>GEDC 1008: Understanding the Self</b> on <b>Midterm</b> period', '23:08:13', '2022-04-01'),
(901, '10-2022-292', 'Encoded grades on <b>BSIT-1B</b> for the subject <b>GEDC 1008: Understanding the Self</b> on <b>Prelim</b> period', '23:08:49', '2022-04-01'),
(902, '07-2022-302', 'Encoded grades on <b>BSIT-1A</b> for the subject <b>CITE1003: Computer Programming 1</b> on <b>Prelim</b> period', '23:11:13', '2022-04-01'),
(903, '07-2022-302', 'Encoded grades on <b>BSIT-1A</b> for the subject <b>CITE1003: Computer Programming 1</b> on <b>Midterm</b> period', '23:11:51', '2022-04-01'),
(904, '07-2022-302', 'Encoded grades on <b>BSIT-1A</b> for the subject <b>CITE1003: Computer Programming 1</b> on <b>Final</b> period', '23:13:14', '2022-04-01'),
(905, '07-2022-302', 'Encoded grades on <b>BSIT-1B</b> for the subject <b>CITE1003: Computer Programming 1</b> on <b>Prelim</b> period', '23:14:34', '2022-04-01'),
(906, '07-2022-302', 'Encoded grades on <b>BSIT-1B</b> for the subject <b>CITE1003: Computer Programming 1</b> on <b>Midterm</b> period', '23:15:24', '2022-04-01'),
(907, '07-2022-302', 'Encoded grades on <b>BSIT-1B</b> for the subject <b>CITE1003: Computer Programming 1</b> on <b>Final</b> period', '23:15:49', '2022-04-01'),
(908, '16-2022-464', 'Loaded <b>THEOL 030: The Creed</b> subject on <b>Monday</b> schedule for <b>Nikhil Edwards (Teacher)</b> on <b>ABELS - 1C</b>', '23:39:09', '2022-04-01'),
(909, '16-2022-464', 'Loaded <b>REPHI 030: Readings in Philippine History</b> subject on <b>Monday</b> schedule for <b>Nikhil Edwards (Teacher)</b> on <b>ABELS - 1C</b>', '23:40:48', '2022-04-01'),
(910, '07-2022-302', 'Encoded grades on <b>ABELS-1A</b> for the subject <b>PUCOM 030: Purposive Communication</b> on <b>Prelim</b> period', '23:41:49', '2022-04-01'),
(911, '07-2022-302', 'Encoded grades on <b>ABELS-1A</b> for the subject <b>PUCOM 030: Purposive Communication</b> on <b>Midterm</b> period', '23:42:23', '2022-04-01'),
(912, '07-2022-302', 'Encoded grades on <b>ABELS-1A</b> for the subject <b>PUCOM 030: Purposive Communication</b> on <b>Final</b> period', '23:42:55', '2022-04-01'),
(913, '16-2022-464', 'Loaded <b>PUCOM 030: Purposive Communication</b> subject on <b>Monday</b> schedule for <b>Nikhil Edwards (Teacher)</b> on <b>ABELS - 1C</b>', '23:43:23', '2022-04-01'),
(914, '16-2022-464', 'Loaded <b>ARTAP 030: Art Appreciation</b> subject on <b>Monday</b> schedule for <b>Fsdf Sdfsd (Teacher)</b> on <b>ABELS - 1C</b>', '23:44:14', '2022-04-01'),
(915, '16-2022-464', 'Loaded <b>MATMW 030: Mathematics in the Modern World</b> subject on <b>Monday</b> schedule for <b>Fsdf Sdfsd (Teacher)</b> on <b>ABELS - 1C</b>', '23:46:19', '2022-04-01'),
(916, '16-2022-464', 'Loaded <b>NSTPCW 030: National Service Training Program</b> subject on <b>Saturday</b> schedule for <b>Fsdf Sdfsd (Teacher)</b> on <b>ABELS - 1C</b>', '23:46:53', '2022-04-01'),
(917, '16-2022-464', 'Loaded <b>PHYED 020: Physical Fitness</b> subject on <b>Tuesday</b> schedule for <b>Baby Kooken (Teacher)</b> on <b>ABELS - 1C</b>', '23:48:15', '2022-04-01'),
(918, '16-2022-464', 'Loaded <b>KAFIL 030: Komunikasyon sa Akademikong Filipino</b> subject on <b>Tuesday</b> schedule for <b>Baby Kooken (Teacher)</b> on <b>ABELS - 1C</b>', '23:48:47', '2022-04-01'),
(919, '16-2022-464', 'Loaded <b>HISLA 030: History of the Language</b> subject on <b>Tuesday</b> schedule for <b>Baby Kooken (Teacher)</b> on <b>ABELS - 1C</b>', '23:49:18', '2022-04-01'),
(920, '07-2022-302', 'Encoded grades on <b>ABELS-1B</b> for the subject <b>PUCOM 030: Purposive Communication</b> on <b>Prelim</b> period', '23:55:07', '2022-04-01'),
(921, '07-2022-302', 'Encoded grades on <b>ABELS-1B</b> for the subject <b>PUCOM 030: Purposive Communication</b> on <b>Midterm</b> period', '23:55:55', '2022-04-01'),
(922, '07-2022-302', 'Encoded grades on <b>ABELS-1B</b> for the subject <b>PUCOM 030: Purposive Communication</b> on <b>Final</b> period', '23:56:33', '2022-04-01'),
(923, '07-2022-302', 'Encoded grades on <b>ABELS-1C</b> for the subject <b>PUCOM 030: Purposive Communication</b> on <b>Prelim</b> period', '23:57:57', '2022-04-01'),
(924, '07-2022-302', 'Encoded grades on <b>ABELS-1C</b> for the subject <b>PUCOM 030: Purposive Communication</b> on <b>Midterm</b> period', '23:58:32', '2022-04-01'),
(925, '07-2022-302', 'Encoded grades on <b>ABELS-1C</b> for the subject <b>PUCOM 030: Purposive Communication</b> on <b>Final</b> period', '23:59:02', '2022-04-01'),
(926, '16-2022-464', 'Loaded <b>THEO 1: Salvation History</b> subject on <b>Friday</b> schedule for <b>Richard Rhodes (Teacher)</b> on <b>ABE - 1A</b>', '00:20:53', '2022-04-02'),
(927, '07-2022-289', 'Encoded grades on <b>ABE-1A</b> for the subject <b>THEO 1: Salvation History</b> on <b>Prelim</b> period', '00:22:02', '2022-04-02'),
(928, '07-2022-289', 'Encoded grades on <b>ABE-1A</b> for the subject <b>THEO 1: Salvation History</b> on <b>Midterm</b> period', '00:24:30', '2022-04-02'),
(929, '07-2022-289', 'Encoded grades on <b>ABE-1A</b> for the subject <b>THEO 1: Salvation History</b> on <b>Final</b> period', '00:24:55', '2022-04-02'),
(930, '07-2022-402', 'Encoded grades on <b>ABELS-1C</b> for the subject <b>THEOL 030: The Creed</b> on <b>Prelim</b> period', '00:33:16', '2022-04-02'),
(931, '07-2022-402', 'Encoded grades on <b>ABELS-1C</b> for the subject <b>THEOL 030: The Creed</b> on <b>Midterm</b> period', '00:34:09', '2022-04-02'),
(932, '07-2022-402', 'Encoded grades on <b>ABELS-1C</b> for the subject <b>THEOL 030: The Creed</b> on <b>Final</b> period', '00:35:11', '2022-04-02'),
(933, '07-2022-402', 'Encoded grades on <b>ABELS-1C</b> for the subject <b>REPHI 030: Readings in Philippine History</b> on <b>Prelim</b> period', '00:36:24', '2022-04-02'),
(934, '07-2022-402', 'Encoded grades on <b>ABELS-1C</b> for the subject <b>REPHI 030: Readings in Philippine History</b> on <b>Midterm</b> period', '00:37:38', '2022-04-02'),
(935, '07-2022-402', 'Encoded grades on <b>ABELS-1C</b> for the subject <b>REPHI 030: Readings in Philippine History</b> on <b>Final</b> period', '00:38:27', '2022-04-02'),
(936, '16-2022-464', 'Deleted <b>THEO 1: Salvation History</b> subject on <b>Monday</b> schedule of <b>Richard Rhodes (Teacher)</b> on <b>ABELS - 1A</b>', '00:39:13', '2022-04-02'),
(937, '16-2022-464', 'Deleted <b>THEO 1: Salvation History</b> subject on <b>Wednesday</b> schedule of <b>Richard Rhodes (Teacher)</b> on <b>ABELS - 1A</b>', '00:39:26', '2022-04-02'),
(938, '16-2022-464', '', '00:00:00', '0000-00-00'),
(939, '22-2021-123', 'Encoded grades on <b>ABELS-1C</b> for the subject <b>HISLA 030: History of the Language</b> on <b>Prelim</b> period', '00:53:05', '2022-04-02'),
(940, '22-2021-123', 'Encoded grades on <b>ABELS-1C</b> for the subject <b>HISLA 030: History of the Language</b> on <b>Midterm</b> period', '00:53:58', '2022-04-02'),
(941, '22-2021-123', 'Encoded grades on <b>ABELS-1C</b> for the subject <b>HISLA 030: History of the Language</b> on <b>Final</b> period', '00:56:18', '2022-04-02'),
(942, '22-2021-123', 'Encoded grades on <b>ABELS-1C</b> for the subject <b>KAFIL 030: Komunikasyon sa Akademikong Filipino</b> on <b>Prelim</b> period', '01:01:31', '2022-04-02'),
(943, '22-2021-123', 'Encoded grades on <b>ABELS-1C</b> for the subject <b>KAFIL 030: Komunikasyon sa Akademikong Filipino</b> on <b>Midterm</b> period', '18:08:11', '2022-04-02'),
(944, '22-2021-123', 'Encoded grades on <b>ABELS-1C</b> for the subject <b>KAFIL 030: Komunikasyon sa Akademikong Filipino</b> on <b>Final</b> period', '18:08:57', '2022-04-02'),
(945, '22-2021-123', 'Encoded grades on <b>ABELS-1C</b> for the subject <b>PHYED 020: Physical Fitness</b> on <b>Prelim</b> period', '18:10:08', '2022-04-02'),
(946, '22-2021-123', 'Encoded grades on <b>ABELS-1C</b> for the subject <b>PHYED 020: Physical Fitness</b> on <b>Midterm</b> period', '18:10:48', '2022-04-02'),
(947, '22-2021-123', 'Encoded grades on <b>ABELS-1C</b> for the subject <b>PHYED 020: Physical Fitness</b> on <b>Final</b> period', '18:11:20', '2022-04-02'),
(948, '22-2021-355', 'Deleted subject <b>INTE 1006: System Administration and Maintenance 1</b> from <b>Samson S. Banihit updated (Student)</b> subject load schedule on academic year <b>2018 - 2019 (1st Semester)</b>', '19:49:37', '2022-04-02'),
(949, '22-2021-269', 'Restored <b>Fsdf Sdfsd (Teacher)</b> account', '20:02:20', '2022-04-02'),
(950, '16-2022-399', 'Encoded grades on <b>ABELS-1C</b> for the subject <b>ARTAP 030: Art Appreciation</b> on <b>Prelim</b> period', '21:14:33', '2022-04-02'),
(951, '16-2022-399', 'Encoded grades on <b>ABELS-1C</b> for the subject <b>ARTAP 030: Art Appreciation</b> on <b>Midterm</b> period', '21:15:04', '2022-04-02'),
(952, '16-2022-399', 'Encoded grades on <b>ABELS-1C</b> for the subject <b>ARTAP 030: Art Appreciation</b> on <b>Final</b> period', '21:16:37', '2022-04-02'),
(953, '16-2022-399', 'Encoded grades on <b>ABELS-1C</b> for the subject <b>NSTPCW 030: National Service Training Program</b> on <b>Prelim</b> period', '21:18:33', '2022-04-02'),
(954, '16-2022-399', 'Encoded grades on <b>ABELS-1C</b> for the subject <b>NSTPCW 030: National Service Training Program</b> on <b>Midterm</b> period', '21:19:13', '2022-04-02'),
(955, '16-2022-399', 'Encoded grades on <b>ABELS-1C</b> for the subject <b>NSTPCW 030: National Service Training Program</b> on <b>Final</b> period', '21:19:42', '2022-04-02'),
(956, '16-2022-399', 'Encoded grades on <b>ABELS-1C</b> for the subject <b>MATMW 030: Mathematics in the Modern World</b> on <b>Prelim</b> period', '21:20:40', '2022-04-02'),
(957, '16-2022-399', 'Encoded grades on <b>ABELS-1C</b> for the subject <b>MATMW 030: Mathematics in the Modern World</b> on <b>Midterm</b> period', '21:21:18', '2022-04-02'),
(958, '16-2022-399', 'Encoded grades on <b>ABELS-1C</b> for the subject <b>MATMW 030: Mathematics in the Modern World</b> on <b>Midterm</b> period', '21:21:19', '2022-04-02'),
(959, '16-2022-399', 'Encoded grades on <b>ABELS-1C</b> for the subject <b>MATMW 030: Mathematics in the Modern World</b> on <b>Final</b> period', '21:21:58', '2022-04-02'),
(960, '16-2022-399', 'Account has been updated', '21:23:06', '2022-04-02'),
(961, '10-2022-292', 'Activated academic year <b>2018 - 2019 (2nd Semester)</b>', '21:34:57', '2022-04-02'),
(962, '10-2022-292', 'Enrolled <b>Lizeth G. Castaneda (Old Student)</b> in <b>ABE-1A</b> for the academic year <b>2018 - 2019 (2nd Semester)</b>', '21:36:43', '2022-04-02'),
(963, '16-2022-464', 'Enrolled <b>Vicky B. Abello (Old Student)</b> in <b>ABELS-1A</b> for the academic year <b>2018 - 2019 (2nd Semester)</b>', '21:37:04', '2022-04-02'),
(964, '10-2022-292', 'Enrolled <b>Rhett C. Conley (Old Student)</b> in <b>ABE-1A</b> for the academic year <b>2018 - 2019 (2nd Semester)</b>', '21:37:48', '2022-04-02'),
(965, '16-2022-464', 'Enrolled <b>crasiana r. amerol (Old Student)</b> in <b>ABELS-1A</b> for the academic year <b>2018 - 2019 (2nd Semester)</b>', '21:37:54', '2022-04-02'),
(966, '10-2022-292', 'Enrolled <b>Victoria L. Cox (Old Student)</b> in <b>ABE-1A</b> for the academic year <b>2018 - 2019 (2nd Semester)</b>', '21:38:13', '2022-04-02'),
(967, '16-2022-464', 'Enrolled <b>hwasa h. balaba (Old Student)</b> in <b>ABELS-1A</b> for the academic year <b>2018 - 2019 (2nd Semester)</b>', '21:38:21', '2022-04-02'),
(968, '10-2022-292', 'Enrolled <b>John S. Ferguson (Old Student)</b> in <b>ABE-1A</b> for the academic year <b>2018 - 2019 (2nd Semester)</b>', '21:38:27', '2022-04-02'),
(969, '10-2022-292', 'Enrolled <b>Elijah F. Fisher (Old Student)</b> in <b>ABE-1A</b> for the academic year <b>2018 - 2019 (2nd Semester)</b>', '21:38:46', '2022-04-02'),
(970, '16-2022-464', 'Enrolled <b>ash g. brown (Old Student)</b> in <b>ABELS-1A</b> for the academic year <b>2018 - 2019 (2nd Semester)</b>', '21:38:53', '2022-04-02'),
(971, '10-2022-292', 'Enrolled <b>Kamari R. Gay (Old Student)</b> in <b>ABE-1A</b> for the academic year <b>2018 - 2019 (2nd Semester)</b>', '21:39:04', '2022-04-02'),
(972, '16-2022-464', 'Enrolled <b>marcus b. buendia (Old Student)</b> in <b>ABELS-1A</b> for the academic year <b>2018 - 2019 (2nd Semester)</b>', '21:39:15', '2022-04-02'),
(973, '10-2022-292', 'Enrolled <b>Joe R. Gibbs (Old Student)</b> in <b>ABE-1A</b> for the academic year <b>2018 - 2019 (2nd Semester)</b>', '21:39:16', '2022-04-02'),
(974, '10-2022-292', 'Enrolled <b>Dario P. Gibson (Old Student)</b> in <b>ABE-1A</b> for the academic year <b>2018 - 2019 (2nd Semester)</b>', '21:39:30', '2022-04-02'),
(975, '16-2022-464', 'Enrolled <b>Stef l. Curry (Old Student)</b> in <b>ABELS-1A</b> for the academic year <b>2018 - 2019 (2nd Semester)</b>', '21:39:35', '2022-04-02'),
(976, '10-2022-292', 'Enrolled <b>Patricia B. Hamilton (Old Student)</b> in <b>ABE-1A</b> for the academic year <b>2018 - 2019 (2nd Semester)</b>', '21:39:46', '2022-04-02'),
(977, '10-2022-292', 'Enrolled <b>Michael V. Hensley (Old Student)</b> in <b>ABE-1A</b> for the academic year <b>2018 - 2019 (2nd Semester)</b>', '21:40:01', '2022-04-02'),
(978, '16-2022-464', 'Enrolled <b>mark z. david (Old Student)</b> in <b>ABELS-1A</b> for the academic year <b>2018 - 2019 (2nd Semester)</b>', '21:40:07', '2022-04-02'),
(979, '10-2022-292', 'Enrolled <b>Jasmine G. James (Old Student)</b> in <b>ABE-1A</b> for the academic year <b>2018 - 2019 (2nd Semester)</b>', '21:40:13', '2022-04-02'),
(980, '10-2022-292', 'Enrolled <b>Jennifer R. Johnson (Old Student)</b> in <b>ABE-1A</b> for the academic year <b>2018 - 2019 (2nd Semester)</b>', '21:40:29', '2022-04-02'),
(981, '16-2022-464', 'Enrolled <b>Mc D. donald (Old Student)</b> in <b>ABELS-1A</b> for the academic year <b>2018 - 2019 (2nd Semester)</b>', '21:40:40', '2022-04-02'),
(982, '10-2022-292', 'Enrolled <b>Giancarlo d. Kaufman (Old Student)</b> in <b>ABE-1A</b> for the academic year <b>2018 - 2019 (2nd Semester)</b>', '21:40:41', '2022-04-02'),
(983, '10-2022-292', 'Enrolled <b>Maci F. Morrow (Old Student)</b> in <b>ABE-1A</b> for the academic year <b>2018 - 2019 (2nd Semester)</b>', '21:40:53', '2022-04-02'),
(984, '16-2022-464', 'Enrolled <b>magudato b. esmael (Old Student)</b> in <b>ABELS-1A</b> for the academic year <b>2018 - 2019 (2nd Semester)</b>', '21:41:17', '2022-04-02'),
(985, '10-2022-292', 'Enrolled <b>Aiyanna C. Orozco (Old Student)</b> in <b>ABE-1A</b> for the academic year <b>2018 - 2019 (2nd Semester)</b>', '21:41:43', '2022-04-02'),
(986, '16-2022-464', 'Enrolled <b>joshua l. gracia (Old Student)</b> in <b>ABELS-1A</b> for the academic year <b>2018 - 2019 (2nd Semester)</b>', '21:41:53', '2022-04-02'),
(987, '10-2022-292', 'Enrolled <b>Samuel F. Patterson (Old Student)</b> in <b>ABE-1A</b> for the academic year <b>2018 - 2019 (2nd Semester)</b>', '21:41:56', '2022-04-02'),
(988, '16-2022-464', 'Enrolled <b>angelina b. jones (Old Student)</b> in <b>ABELS-1A</b> for the academic year <b>2018 - 2019 (2nd Semester)</b>', '21:42:13', '2022-04-02'),
(989, '10-2022-292', 'Enrolled <b>Natalie M. Robinson (Old Student)</b> in <b>ABE-1A</b> for the academic year <b>2018 - 2019 (2nd Semester)</b>', '21:42:25', '2022-04-02'),
(990, '10-2022-292', 'Enrolled <b>Belen F. Sawyer (Old Student)</b> in <b>ABE-1A</b> for the academic year <b>2018 - 2019 (2nd Semester)</b>', '21:42:36', '2022-04-02'),
(991, '16-2022-464', 'Enrolled <b>sebastian f. lopues  (Old Student)</b> in <b>ABELS-1A</b> for the academic year <b>2018 - 2019 (2nd Semester)</b>', '21:42:38', '2022-04-02'),
(992, '10-2022-292', 'Enrolled <b>Alijah L. Stuart (Old Student)</b> in <b>ABE-1A</b> for the academic year <b>2018 - 2019 (2nd Semester)</b>', '21:42:49', '2022-04-02'),
(993, '10-2022-292', 'Enrolled <b>Adeline S. Vaughn (Old Student)</b> in <b>ABE-1A</b> for the academic year <b>2018 - 2019 (2nd Semester)</b>', '21:43:02', '2022-04-02'),
(994, '16-2022-464', 'Enrolled <b>mike t. miller (Old Student)</b> in <b>ABELS-1A</b> for the academic year <b>2018 - 2019 (2nd Semester)</b>', '21:43:06', '2022-04-02'),
(995, '10-2022-292', 'Enrolled <b>Gunner Z. Wilkerson (Old Student)</b> in <b>ABE-1A</b> for the academic year <b>2018 - 2019 (2nd Semester)</b>', '21:43:13', '2022-04-02'),
(996, '16-2022-464', 'Enrolled <b>oscar p. pareja  (Old Student)</b> in <b>ABELS-1A</b> for the academic year <b>2018 - 2019 (2nd Semester)</b>', '21:43:23', '2022-04-02'),
(997, '16-2022-464', 'Enrolled <b>lynnette m. reyes (Old Student)</b> in <b>ABELS-1A</b> for the academic year <b>2018 - 2019 (2nd Semester)</b>', '21:43:44', '2022-04-02'),
(998, '16-2022-464', 'Enrolled <b>peter t. Sanchez (Old Student)</b> in <b>ABELS-1A</b> for the academic year <b>2018 - 2019 (2nd Semester)</b>', '21:43:59', '2022-04-02'),
(999, '16-2022-464', 'Enrolled <b>christopher c. smith (Old Student)</b> in <b>ABELS-1A</b> for the academic year <b>2018 - 2019 (2nd Semester)</b>', '21:44:27', '2022-04-02'),
(1000, '16-2022-464', 'Enrolled <b> vien d. Vinas (Old Student)</b> in <b>ABELS-1A</b> for the academic year <b>2018 - 2019 (2nd Semester)</b>', '21:44:42', '2022-04-02'),
(1001, '16-2022-464', 'Enrolled <b>kris p. williams (Old Student)</b> in <b>ABELS-1A</b> for the academic year <b>2018 - 2019 (2nd Semester)</b>', '21:45:01', '2022-04-02'),
(1002, '16-2022-464', 'Enrolled <b>Samson S. Banihit updated (Old Student)</b> in <b>BSIT-1A</b> for the academic year <b>2018 - 2019 (2nd Semester)</b>', '21:46:07', '2022-04-02'),
(1003, '16-2022-464', 'Enrolled <b>Alfredo J. Bloron (Old Student)</b> in <b>BSIT-1B</b> for the academic year <b>2018 - 2019 (2nd Semester)</b>', '21:46:56', '2022-04-02'),
(1004, '16-2022-464', 'Updated <b>Samson S. Banihit updated (Student)</b> enrollment information', '21:47:11', '2022-04-02'),
(1005, '16-2022-464', 'Enrolled <b>Reynan Earl I. Caile (Old Student)</b> in <b>BSIT-1B</b> for the academic year <b>2018 - 2019 (2nd Semester)</b>', '21:48:12', '2022-04-02'),
(1006, '16-2022-464', 'Enrolled <b>Reynan J. Cainoy (Old Student)</b> in <b>BSIT-1B</b> for the academic year <b>2018 - 2019 (2nd Semester)</b>', '21:49:14', '2022-04-02'),
(1007, '16-2022-464', 'Enrolled <b>Jan Paul v. Castro (Old Student)</b> in <b>BSIT-1B</b> for the academic year <b>2018 - 2019 (2nd Semester)</b>', '21:50:23', '2022-04-02'),
(1008, '16-2022-464', 'Enrolled <b>Allen I. Consigna (Old Student)</b> in <b>BSIT-1B</b> for the academic year <b>2018 - 2019 (2nd Semester)</b>', '21:50:56', '2022-04-02'),
(1009, '16-2022-464', 'Enrolled <b>Paul B. Cosino (Old Student)</b> in <b>BSIT-1B</b> for the academic year <b>2018 - 2019 (2nd Semester)</b>', '21:51:29', '2022-04-02'),
(1010, '16-2022-464', 'Enrolled <b>Rojj M. Dedoyco (Old Student)</b> in <b>BSIT-1B</b> for the academic year <b>2018 - 2019 (2nd Semester)</b>', '21:52:16', '2022-04-02');
INSERT INTO `user_log` (`user_log_id`, `account_user_id`, `user_action`, `user_log_time`, `user_log_date`) VALUES
(1011, '16-2022-464', 'Enrolled <b>Jomarie t. Derequito (Old Student)</b> in <b>BSIT-1B</b> for the academic year <b>2018 - 2019 (2nd Semester)</b>', '21:53:06', '2022-04-02'),
(1012, '16-2022-464', 'Enrolled <b>Thea Marie C. Gabinete (Old Student)</b> in <b>BSIT-1B</b> for the academic year <b>2018 - 2019 (2nd Semester)</b>', '21:53:29', '2022-04-02'),
(1013, '16-2022-464', 'Enrolled <b>Ken Lowil J. Geñorga (Old Student)</b> in <b>BSIT-1B</b> for the academic year <b>2018 - 2019 (2nd Semester)</b>', '21:54:03', '2022-04-02'),
(1014, '16-2022-464', 'Enrolled <b>Samson B. Gomez (Old Student)</b> in <b>BSIT-1B</b> for the academic year <b>2018 - 2019 (2nd Semester)</b>', '21:54:41', '2022-04-02'),
(1015, '16-2022-464', 'Enrolled <b>Patrick S. Guintivano (Old Student)</b> in <b>BSIT-1B</b> for the academic year <b>2018 - 2019 (2nd Semester)</b>', '21:55:05', '2022-04-02'),
(1016, '16-2022-464', 'Enrolled <b>Nicole R. Guniabo (Old Student)</b> in <b>BSIT-1B</b> for the academic year <b>2018 - 2019 (2nd Semester)</b>', '21:55:29', '2022-04-02'),
(1017, '16-2022-464', 'Enrolled <b>Dweny L. Mondia (Old Student)</b> in <b>BSIT-1B</b> for the academic year <b>2018 - 2019 (2nd Semester)</b>', '21:55:50', '2022-04-02'),
(1018, '16-2022-464', 'Enrolled <b>Jayferson I. Perater (Old Student)</b> in <b>BSIT-1B</b> for the academic year <b>2018 - 2019 (2nd Semester)</b>', '21:56:16', '2022-04-02'),
(1019, '16-2022-464', 'Enrolled <b>Jules L. Salvador (Old Student)</b> in <b>BSIT-1B</b> for the academic year <b>2018 - 2019 (2nd Semester)</b>', '21:56:41', '2022-04-02'),
(1020, '16-2022-464', 'Enrolled <b>Arcier R. Sambilad (Old Student)</b> in <b>BSIT-1B</b> for the academic year <b>2018 - 2019 (2nd Semester)</b>', '21:57:03', '2022-04-02'),
(1021, '16-2022-464', 'Enrolled <b>Methusela J. Somcio (Old Student)</b> in <b>BSIT-1B</b> for the academic year <b>2018 - 2019 (2nd Semester)</b>', '21:57:21', '2022-04-02'),
(1022, '16-2022-464', 'Enrolled <b>Joseph M. Tamon (Old Student)</b> in <b>BSIT-1B</b> for the academic year <b>2018 - 2019 (2nd Semester)</b>', '21:57:57', '2022-04-02'),
(1023, '16-2022-464', 'Enrolled <b>Krentz k. Villariaz (Old Student)</b> in <b>BSIT-1B</b> for the academic year <b>2018 - 2019 (2nd Semester)</b>', '21:58:22', '2022-04-02'),
(1024, '16-2022-464', 'Enrolled <b>Ashley d. Cantrell (Old Student)</b> in <b>BSA-1A</b> for the academic year <b>2018 - 2019 (2nd Semester)</b>', '22:00:26', '2022-04-02'),
(1025, '16-2022-464', 'Enrolled <b>Jesus P. Conner (Old Student)</b> in <b>BSA-1A</b> for the academic year <b>2018 - 2019 (2nd Semester)</b>', '22:02:38', '2022-04-02'),
(1026, '16-2022-464', 'Enrolled <b>Michael G. Hamilton (Old Student)</b> in <b>BSA-1A</b> for the academic year <b>2018 - 2019 (2nd Semester)</b>', '22:03:55', '2022-04-02'),
(1027, '10-2022-292', 'Activated academic year <b>2018 - 2019 (1st Semester)</b>', '22:04:49', '2022-04-02'),
(1028, '10-2022-292', 'Activated academic year <b>2018 - 2019 (2nd Semester)</b>', '22:05:59', '2022-04-02'),
(1029, '10-2022-292', 'Activated academic year <b>2018 - 2019 (1st Semester)</b>', '22:07:14', '2022-04-02'),
(1030, '10-2022-292', 'Activated academic year <b>2018 - 2019 (2nd Semester)</b>', '22:07:59', '2022-04-02'),
(1031, '16-2022-464', 'Enrolled <b>oscar p. pareja  (Old Student)</b> in <b>ABELS-1A</b> for the academic year <b>2018 - 2019 (2nd Semester)</b>', '22:13:03', '2022-04-02'),
(1032, '16-2022-464', 'Enrolled <b>Richard G. Lambert (Old Student)</b> in <b>BSA-1A</b> for the academic year <b>2018 - 2019 (2nd Semester)</b>', '22:17:28', '2022-04-02'),
(1033, '16-2022-464', 'Enrolled <b>William I. Nunez (Old Student)</b> in <b>BSA-1A</b> for the academic year <b>2018 - 2019 (2nd Semester)</b>', '22:17:50', '2022-04-02'),
(1034, '16-2022-464', 'Enrolled <b>Nicole E. Powell (Old Student)</b> in <b>BSA-1A</b> for the academic year <b>2018 - 2019 (2nd Semester)</b>', '22:18:10', '2022-04-02'),
(1035, '16-2022-464', 'Enrolled <b>Michele F. Preston (Old Student)</b> in <b>BSA-1A</b> for the academic year <b>2018 - 2019 (2nd Semester)</b>', '22:18:32', '2022-04-02'),
(1036, '16-2022-464', 'Enrolled <b>Robert A. Reid (Old Student)</b> in <b>BSA-1A</b> for the academic year <b>2018 - 2019 (2nd Semester)</b>', '22:18:49', '2022-04-02'),
(1037, '16-2022-464', 'Enrolled <b>Michael P. Rodriguez (Old Student)</b> in <b>BSA-1A</b> for the academic year <b>2018 - 2019 (2nd Semester)</b>', '22:26:36', '2022-04-02'),
(1038, '16-2022-464', 'Enrolled <b>Lauren R. Rodriguez (Old Student)</b> in <b>BSA-1A</b> for the academic year <b>2018 - 2019 (2nd Semester)</b>', '22:27:09', '2022-04-02'),
(1039, '16-2022-464', 'Enrolled <b>Brendan V. Rose (Old Student)</b> in <b>BSA-1A</b> for the academic year <b>2018 - 2019 (2nd Semester)</b>', '22:27:30', '2022-04-02'),
(1040, '16-2022-464', 'Enrolled <b>Tracy d. Salazar (Old Student)</b> in <b>BSA-1A</b> for the academic year <b>2018 - 2019 (2nd Semester)</b>', '22:27:50', '2022-04-02'),
(1041, '16-2022-464', 'Enrolled <b>Matthew V. Salinas (Old Student)</b> in <b>BSA-1A</b> for the academic year <b>2018 - 2019 (2nd Semester)</b>', '22:28:20', '2022-04-02'),
(1042, '16-2022-464', 'Enrolled <b>Elizabeth V. Savage (Old Student)</b> in <b>BSA-1A</b> for the academic year <b>2018 - 2019 (2nd Semester)</b>', '22:28:41', '2022-04-02'),
(1043, '16-2022-464', 'Enrolled <b>Antonio Y. Aguihon (Old Student)</b> in <b>BSIT-1A</b> for the academic year <b>2018 - 2019 (2nd Semester)</b>', '22:29:45', '2022-04-02'),
(1044, '16-2022-464', 'Enrolled <b>Dave G. Alucitain (Old Student)</b> in <b>BSIT-1A</b> for the academic year <b>2018 - 2019 (2nd Semester)</b>', '22:30:12', '2022-04-02'),
(1045, '16-2022-464', 'Enrolled <b>Harvey F. Anacleto (Old Student)</b> in <b>BSIT-1A</b> for the academic year <b>2018 - 2019 (2nd Semester)</b>', '22:30:30', '2022-04-02'),
(1046, '16-2022-464', 'Enrolled <b>Levi O. Barellano (Old Student)</b> in <b>BSIT-1A</b> for the academic year <b>2018 - 2019 (2nd Semester)</b>', '22:30:47', '2022-04-02'),
(1047, '16-2022-464', 'Enrolled <b>Arvy R. Bato (Old Student)</b> in <b>BSIT-1A</b> for the academic year <b>2018 - 2019 (2nd Semester)</b>', '22:31:09', '2022-04-02'),
(1048, '16-2022-464', 'Enrolled <b>Eunice A. Chang (Old Student)</b> in <b>BSIT-1A</b> for the academic year <b>2018 - 2019 (2nd Semester)</b>', '22:31:25', '2022-04-02'),
(1049, '16-2022-464', 'Enrolled <b>Thea Marie C. Dedoyco (Old Student)</b> in <b>BSIT-1A</b> for the academic year <b>2018 - 2019 (2nd Semester)</b>', '22:31:43', '2022-04-02'),
(1050, '16-2022-464', 'Enrolled <b>Jose F. Dolorfino (Old Student)</b> in <b>BSIT-1A</b> for the academic year <b>2018 - 2019 (2nd Semester)</b>', '22:31:59', '2022-04-02'),
(1051, '16-2022-464', 'Enrolled <b>Eid K. Ehav (Old Student)</b> in <b>BSIT-1A</b> for the academic year <b>2018 - 2019 (2nd Semester)</b>', '22:32:14', '2022-04-02'),
(1052, '16-2022-464', 'Enrolled <b>Edrian T. Escototo (Old Student)</b> in <b>BSIT-1A</b> for the academic year <b>2018 - 2019 (2nd Semester)</b>', '22:32:29', '2022-04-02'),
(1053, '16-2022-464', 'Enrolled <b>Chris C. Evans (Old Student)</b> in <b>BSIT-1A</b> for the academic year <b>2018 - 2019 (2nd Semester)</b>', '22:32:44', '2022-04-02'),
(1054, '16-2022-464', 'Enrolled <b>Jeron Y. Flores (Old Student)</b> in <b>BSIT-1A</b> for the academic year <b>2018 - 2019 (2nd Semester)</b>', '22:33:04', '2022-04-02'),
(1055, '16-2022-464', 'Enrolled <b>Christine S. Gamelon (Old Student)</b> in <b>BSIT-1A</b> for the academic year <b>2018 - 2019 (2nd Semester)</b>', '22:33:19', '2022-04-02'),
(1056, '16-2022-464', 'Enrolled <b>Werner G. Grapa (Old Student)</b> in <b>BSIT-1A</b> for the academic year <b>2018 - 2019 (2nd Semester)</b>', '22:33:38', '2022-04-02'),
(1057, '16-2022-464', 'Enrolled <b>Tony F. Hawk (Old Student)</b> in <b>BSIT-1A</b> for the academic year <b>2018 - 2019 (2nd Semester)</b>', '22:33:51', '2022-04-02'),
(1058, '16-2022-464', 'Enrolled <b>Man T. Iron (Old Student)</b> in <b>BSIT-1A</b> for the academic year <b>2018 - 2019 (2nd Semester)</b>', '22:34:05', '2022-04-02'),
(1059, '16-2022-464', 'Enrolled <b>Abby B. Javelona (Old Student)</b> in <b>BSIT-1A</b> for the academic year <b>2018 - 2019 (2nd Semester)</b>', '22:34:17', '2022-04-02'),
(1060, '16-2022-464', 'Enrolled <b>Hanna R. Javier (Old Student)</b> in <b>BSIT-1A</b> for the academic year <b>2018 - 2019 (2nd Semester)</b>', '22:34:30', '2022-04-02'),
(1061, '16-2022-464', 'Enrolled <b>Ruben T. Jonota (Old Student)</b> in <b>BSIT-1A</b> for the academic year <b>2018 - 2019 (2nd Semester)</b>', '22:34:44', '2022-04-02'),
(1062, '16-2022-464', 'Enrolled <b>Nicole T. Lopez (Old Student)</b> in <b>BSIT-1A</b> for the academic year <b>2018 - 2019 (2nd Semester)</b>', '22:34:57', '2022-04-02'),
(1063, '16-2022-464', 'Enrolled <b>Melvin M. Padilla (Old Student)</b> in <b>BSIT-1A</b> for the academic year <b>2018 - 2019 (2nd Semester)</b>', '22:35:10', '2022-04-02'),
(1064, '16-2022-464', 'Enrolled <b>Arjiel J. Peralta (Old Student)</b> in <b>BSIT-1A</b> for the academic year <b>2018 - 2019 (2nd Semester)</b>', '22:35:24', '2022-04-02'),
(1065, '16-2022-464', 'Enrolled <b>Marygrace G. Pineda (Old Student)</b> in <b>BSIT-1A</b> for the academic year <b>2018 - 2019 (2nd Semester)</b>', '22:35:37', '2022-04-02'),
(1066, '16-2022-464', 'Enrolled <b>Mark H. Rufallo (Old Student)</b> in <b>BSIT-1A</b> for the academic year <b>2018 - 2019 (2nd Semester)</b>', '22:35:55', '2022-04-02'),
(1067, '16-2022-464', 'Enrolled <b>Cristy C. Talahuron (Old Student)</b> in <b>BSIT-1A</b> for the academic year <b>2018 - 2019 (2nd Semester)</b>', '22:36:29', '2022-04-02'),
(1068, '22-2021-355', 'Enrolled <b>Christian d. Williams (Old Student)</b> in <b>BSA-1A</b> for the academic year <b>2018 - 2019 (2nd Semester)</b>', '23:28:19', '2022-04-02'),
(1069, '22-2021-355', 'Loaded subject <b>PHED 1002: Physical Education 2 (Rhythmic Dancing)</b> on <b>Antonio Y. Aguihon (Student)</b>', '03:00:09', '2022-04-13'),
(1070, '22-2021-355', 'Loaded subject <b>COSC 1002: Discrete Structures 1 (Discrete Mathematics)</b> on <b>Antonio Y. Aguihon (Student)</b>', '03:00:09', '2022-04-13'),
(1071, '22-2021-355', 'Loaded subject <b>GEDC 1013: Science, Technology and Society</b> on <b>Antonio Y. Aguihon (Student)</b>', '03:00:09', '2022-04-13'),
(1072, '22-2021-355', 'Loaded subject <b>INTE 1006: System Administration and Maintenance 1</b> on <b>Antonio Y. Aguihon (Student)</b>', '03:00:09', '2022-04-13'),
(1073, '22-2021-355', 'Loaded subject <b>GEDC 1012: Purposive Communication</b> on <b>Antonio Y. Aguihon (Student)</b>', '03:00:09', '2022-04-13'),
(1074, '22-2021-355', 'Loaded subject <b>NSTP 1010: National Service Training Program 2</b> on <b>Antonio Y. Aguihon (Student)</b>', '03:00:09', '2022-04-13'),
(1075, '22-2021-355', 'Loaded subject <b>GEDC 1010: Art Appreciation</b> on <b>Antonio Y. Aguihon (Student)</b>', '03:00:09', '2022-04-13'),
(1076, '22-2021-355', 'Loaded subject <b>CITE 1006: Computer Programming 2</b> on <b>Antonio Y. Aguihon (Student)</b>', '03:00:09', '2022-04-13'),
(1077, '22-2021-355', 'Loaded subject <b>GEDC 1011: Filipino 2: Introduksyon sa Pamamahayag</b> on <b>Antonio Y. Aguihon (Student)</b>', '03:00:09', '2022-04-13'),
(1078, '22-2021-355', 'Loaded subject <b>PHED 1002: Physical Education 2 (Rhythmic Dancing)</b> on <b>Dave G. Alucitain (Student)</b>', '03:00:25', '2022-04-13'),
(1079, '22-2021-355', 'Loaded subject <b>COSC 1002: Discrete Structures 1 (Discrete Mathematics)</b> on <b>Dave G. Alucitain (Student)</b>', '03:00:25', '2022-04-13'),
(1080, '22-2021-355', 'Loaded subject <b>GEDC 1013: Science, Technology and Society</b> on <b>Dave G. Alucitain (Student)</b>', '03:00:25', '2022-04-13'),
(1081, '22-2021-355', 'Loaded subject <b>INTE 1006: System Administration and Maintenance 1</b> on <b>Dave G. Alucitain (Student)</b>', '03:00:25', '2022-04-13'),
(1082, '22-2021-355', 'Loaded subject <b>GEDC 1012: Purposive Communication</b> on <b>Dave G. Alucitain (Student)</b>', '03:00:25', '2022-04-13'),
(1083, '22-2021-355', 'Loaded subject <b>NSTP 1010: National Service Training Program 2</b> on <b>Dave G. Alucitain (Student)</b>', '03:00:25', '2022-04-13'),
(1084, '22-2021-355', 'Loaded subject <b>GEDC 1010: Art Appreciation</b> on <b>Dave G. Alucitain (Student)</b>', '03:00:25', '2022-04-13'),
(1085, '22-2021-355', 'Loaded subject <b>CITE 1006: Computer Programming 2</b> on <b>Dave G. Alucitain (Student)</b>', '03:00:25', '2022-04-13'),
(1086, '22-2021-355', 'Loaded subject <b>GEDC 1011: Filipino 2: Introduksyon sa Pamamahayag</b> on <b>Dave G. Alucitain (Student)</b>', '03:00:25', '2022-04-13'),
(1087, '22-2021-355', 'Loaded subject <b>PHED 1002: Physical Education 2 (Rhythmic Dancing)</b> on <b>Harvey F. Anacleto (Student)</b>', '03:00:41', '2022-04-13'),
(1088, '22-2021-355', 'Loaded subject <b>COSC 1002: Discrete Structures 1 (Discrete Mathematics)</b> on <b>Harvey F. Anacleto (Student)</b>', '03:00:41', '2022-04-13'),
(1089, '22-2021-355', 'Loaded subject <b>GEDC 1013: Science, Technology and Society</b> on <b>Harvey F. Anacleto (Student)</b>', '03:00:41', '2022-04-13'),
(1090, '22-2021-355', 'Loaded subject <b>INTE 1006: System Administration and Maintenance 1</b> on <b>Harvey F. Anacleto (Student)</b>', '03:00:41', '2022-04-13'),
(1091, '22-2021-355', 'Loaded subject <b>GEDC 1012: Purposive Communication</b> on <b>Harvey F. Anacleto (Student)</b>', '03:00:41', '2022-04-13'),
(1092, '22-2021-355', 'Loaded subject <b>NSTP 1010: National Service Training Program 2</b> on <b>Harvey F. Anacleto (Student)</b>', '03:00:41', '2022-04-13'),
(1093, '22-2021-355', 'Loaded subject <b>GEDC 1010: Art Appreciation</b> on <b>Harvey F. Anacleto (Student)</b>', '03:00:41', '2022-04-13'),
(1094, '22-2021-355', 'Loaded subject <b>CITE 1006: Computer Programming 2</b> on <b>Harvey F. Anacleto (Student)</b>', '03:00:41', '2022-04-13'),
(1095, '22-2021-355', 'Loaded subject <b>GEDC 1011: Filipino 2: Introduksyon sa Pamamahayag</b> on <b>Harvey F. Anacleto (Student)</b>', '03:00:41', '2022-04-13'),
(1096, '22-2021-355', 'Loaded subject <b>PHED 1002: Physical Education 2 (Rhythmic Dancing)</b> on <b>Levi O. Barellano (Student)</b>', '03:00:59', '2022-04-13'),
(1097, '22-2021-355', 'Loaded subject <b>COSC 1002: Discrete Structures 1 (Discrete Mathematics)</b> on <b>Levi O. Barellano (Student)</b>', '03:00:59', '2022-04-13'),
(1098, '22-2021-355', 'Loaded subject <b>GEDC 1013: Science, Technology and Society</b> on <b>Levi O. Barellano (Student)</b>', '03:00:59', '2022-04-13'),
(1099, '22-2021-355', 'Loaded subject <b>INTE 1006: System Administration and Maintenance 1</b> on <b>Levi O. Barellano (Student)</b>', '03:00:59', '2022-04-13'),
(1100, '22-2021-355', 'Loaded subject <b>GEDC 1012: Purposive Communication</b> on <b>Levi O. Barellano (Student)</b>', '03:00:59', '2022-04-13'),
(1101, '22-2021-355', 'Loaded subject <b>NSTP 1010: National Service Training Program 2</b> on <b>Levi O. Barellano (Student)</b>', '03:00:59', '2022-04-13'),
(1102, '22-2021-355', 'Loaded subject <b>GEDC 1010: Art Appreciation</b> on <b>Levi O. Barellano (Student)</b>', '03:00:59', '2022-04-13'),
(1103, '22-2021-355', 'Loaded subject <b>CITE 1006: Computer Programming 2</b> on <b>Levi O. Barellano (Student)</b>', '03:00:59', '2022-04-13'),
(1104, '22-2021-355', 'Loaded subject <b>GEDC 1011: Filipino 2: Introduksyon sa Pamamahayag</b> on <b>Levi O. Barellano (Student)</b>', '03:00:59', '2022-04-13'),
(1105, '22-2021-355', 'Loaded subject <b>PHED 1002: Physical Education 2 (Rhythmic Dancing)</b> on <b>Arvy R. Bato (Student)</b>', '03:01:23', '2022-04-13'),
(1106, '22-2021-355', 'Loaded subject <b>COSC 1002: Discrete Structures 1 (Discrete Mathematics)</b> on <b>Arvy R. Bato (Student)</b>', '03:01:23', '2022-04-13'),
(1107, '22-2021-355', 'Loaded subject <b>GEDC 1013: Science, Technology and Society</b> on <b>Arvy R. Bato (Student)</b>', '03:01:23', '2022-04-13'),
(1108, '22-2021-355', 'Loaded subject <b>INTE 1006: System Administration and Maintenance 1</b> on <b>Arvy R. Bato (Student)</b>', '03:01:23', '2022-04-13'),
(1109, '22-2021-355', 'Loaded subject <b>GEDC 1012: Purposive Communication</b> on <b>Arvy R. Bato (Student)</b>', '03:01:23', '2022-04-13'),
(1110, '22-2021-355', 'Loaded subject <b>NSTP 1010: National Service Training Program 2</b> on <b>Arvy R. Bato (Student)</b>', '03:01:23', '2022-04-13'),
(1111, '22-2021-355', 'Loaded subject <b>GEDC 1010: Art Appreciation</b> on <b>Arvy R. Bato (Student)</b>', '03:01:23', '2022-04-13'),
(1112, '22-2021-355', 'Loaded subject <b>CITE 1006: Computer Programming 2</b> on <b>Arvy R. Bato (Student)</b>', '03:01:23', '2022-04-13'),
(1113, '22-2021-355', 'Loaded subject <b>GEDC 1011: Filipino 2: Introduksyon sa Pamamahayag</b> on <b>Arvy R. Bato (Student)</b>', '03:01:23', '2022-04-13'),
(1114, '22-2021-355', 'Loaded subject <b>PHED 1002: Physical Education 2 (Rhythmic Dancing)</b> on <b>Eunice A. Chang (Student)</b>', '03:01:40', '2022-04-13'),
(1115, '22-2021-355', 'Loaded subject <b>COSC 1002: Discrete Structures 1 (Discrete Mathematics)</b> on <b>Eunice A. Chang (Student)</b>', '03:01:40', '2022-04-13'),
(1116, '22-2021-355', 'Loaded subject <b>GEDC 1013: Science, Technology and Society</b> on <b>Eunice A. Chang (Student)</b>', '03:01:40', '2022-04-13'),
(1117, '22-2021-355', 'Loaded subject <b>INTE 1006: System Administration and Maintenance 1</b> on <b>Eunice A. Chang (Student)</b>', '03:01:40', '2022-04-13'),
(1118, '22-2021-355', 'Loaded subject <b>GEDC 1012: Purposive Communication</b> on <b>Eunice A. Chang (Student)</b>', '03:01:40', '2022-04-13'),
(1119, '22-2021-355', 'Loaded subject <b>NSTP 1010: National Service Training Program 2</b> on <b>Eunice A. Chang (Student)</b>', '03:01:40', '2022-04-13'),
(1120, '22-2021-355', 'Loaded subject <b>GEDC 1010: Art Appreciation</b> on <b>Eunice A. Chang (Student)</b>', '03:01:40', '2022-04-13'),
(1121, '22-2021-355', 'Loaded subject <b>CITE 1006: Computer Programming 2</b> on <b>Eunice A. Chang (Student)</b>', '03:01:40', '2022-04-13'),
(1122, '22-2021-355', 'Loaded subject <b>GEDC 1011: Filipino 2: Introduksyon sa Pamamahayag</b> on <b>Eunice A. Chang (Student)</b>', '03:01:40', '2022-04-13'),
(1123, '22-2021-355', 'Loaded subject <b>PHED 1002: Physical Education 2 (Rhythmic Dancing)</b> on <b>Thea Marie C. Dedoyco (Student)</b>', '03:02:00', '2022-04-13'),
(1124, '22-2021-355', 'Loaded subject <b>COSC 1002: Discrete Structures 1 (Discrete Mathematics)</b> on <b>Thea Marie C. Dedoyco (Student)</b>', '03:02:00', '2022-04-13'),
(1125, '22-2021-355', 'Loaded subject <b>GEDC 1013: Science, Technology and Society</b> on <b>Thea Marie C. Dedoyco (Student)</b>', '03:02:00', '2022-04-13'),
(1126, '22-2021-355', 'Loaded subject <b>INTE 1006: System Administration and Maintenance 1</b> on <b>Thea Marie C. Dedoyco (Student)</b>', '03:02:00', '2022-04-13'),
(1127, '22-2021-355', 'Loaded subject <b>GEDC 1012: Purposive Communication</b> on <b>Thea Marie C. Dedoyco (Student)</b>', '03:02:00', '2022-04-13'),
(1128, '22-2021-355', 'Loaded subject <b>NSTP 1010: National Service Training Program 2</b> on <b>Thea Marie C. Dedoyco (Student)</b>', '03:02:00', '2022-04-13'),
(1129, '22-2021-355', 'Loaded subject <b>GEDC 1010: Art Appreciation</b> on <b>Thea Marie C. Dedoyco (Student)</b>', '03:02:00', '2022-04-13'),
(1130, '22-2021-355', 'Loaded subject <b>CITE 1006: Computer Programming 2</b> on <b>Thea Marie C. Dedoyco (Student)</b>', '03:02:00', '2022-04-13'),
(1131, '22-2021-355', 'Loaded subject <b>GEDC 1011: Filipino 2: Introduksyon sa Pamamahayag</b> on <b>Thea Marie C. Dedoyco (Student)</b>', '03:02:00', '2022-04-13'),
(1132, '22-2021-355', 'Loaded subject <b>PHED 1002: Physical Education 2 (Rhythmic Dancing)</b> on <b>Jose F. Dolorfino (Student)</b>', '03:02:17', '2022-04-13'),
(1133, '22-2021-355', 'Loaded subject <b>COSC 1002: Discrete Structures 1 (Discrete Mathematics)</b> on <b>Jose F. Dolorfino (Student)</b>', '03:02:17', '2022-04-13'),
(1134, '22-2021-355', 'Loaded subject <b>GEDC 1013: Science, Technology and Society</b> on <b>Jose F. Dolorfino (Student)</b>', '03:02:17', '2022-04-13'),
(1135, '22-2021-355', 'Loaded subject <b>INTE 1006: System Administration and Maintenance 1</b> on <b>Jose F. Dolorfino (Student)</b>', '03:02:17', '2022-04-13'),
(1136, '22-2021-355', 'Loaded subject <b>GEDC 1012: Purposive Communication</b> on <b>Jose F. Dolorfino (Student)</b>', '03:02:17', '2022-04-13'),
(1137, '22-2021-355', 'Loaded subject <b>NSTP 1010: National Service Training Program 2</b> on <b>Jose F. Dolorfino (Student)</b>', '03:02:17', '2022-04-13'),
(1138, '22-2021-355', 'Loaded subject <b>GEDC 1010: Art Appreciation</b> on <b>Jose F. Dolorfino (Student)</b>', '03:02:17', '2022-04-13'),
(1139, '22-2021-355', 'Loaded subject <b>CITE 1006: Computer Programming 2</b> on <b>Jose F. Dolorfino (Student)</b>', '03:02:17', '2022-04-13'),
(1140, '22-2021-355', 'Loaded subject <b>GEDC 1011: Filipino 2: Introduksyon sa Pamamahayag</b> on <b>Jose F. Dolorfino (Student)</b>', '03:02:17', '2022-04-13'),
(1141, '22-2021-355', 'Loaded subject <b>PHED 1002: Physical Education 2 (Rhythmic Dancing)</b> on <b>Eid K. Ehav (Student)</b>', '03:02:34', '2022-04-13'),
(1142, '22-2021-355', 'Loaded subject <b>COSC 1002: Discrete Structures 1 (Discrete Mathematics)</b> on <b>Eid K. Ehav (Student)</b>', '03:02:34', '2022-04-13'),
(1143, '22-2021-355', 'Loaded subject <b>GEDC 1013: Science, Technology and Society</b> on <b>Eid K. Ehav (Student)</b>', '03:02:34', '2022-04-13'),
(1144, '22-2021-355', 'Loaded subject <b>INTE 1006: System Administration and Maintenance 1</b> on <b>Eid K. Ehav (Student)</b>', '03:02:34', '2022-04-13'),
(1145, '22-2021-355', 'Loaded subject <b>GEDC 1012: Purposive Communication</b> on <b>Eid K. Ehav (Student)</b>', '03:02:34', '2022-04-13'),
(1146, '22-2021-355', 'Loaded subject <b>NSTP 1010: National Service Training Program 2</b> on <b>Eid K. Ehav (Student)</b>', '03:02:34', '2022-04-13'),
(1147, '22-2021-355', 'Loaded subject <b>GEDC 1010: Art Appreciation</b> on <b>Eid K. Ehav (Student)</b>', '03:02:34', '2022-04-13'),
(1148, '22-2021-355', 'Loaded subject <b>CITE 1006: Computer Programming 2</b> on <b>Eid K. Ehav (Student)</b>', '03:02:34', '2022-04-13'),
(1149, '22-2021-355', 'Loaded subject <b>GEDC 1011: Filipino 2: Introduksyon sa Pamamahayag</b> on <b>Eid K. Ehav (Student)</b>', '03:02:34', '2022-04-13'),
(1150, '22-2021-355', 'Loaded subject <b>PHED 1002: Physical Education 2 (Rhythmic Dancing)</b> on <b>Edrian T. Escototo (Student)</b>', '03:02:49', '2022-04-13'),
(1151, '22-2021-355', 'Loaded subject <b>COSC 1002: Discrete Structures 1 (Discrete Mathematics)</b> on <b>Edrian T. Escototo (Student)</b>', '03:02:49', '2022-04-13'),
(1152, '22-2021-355', 'Loaded subject <b>GEDC 1013: Science, Technology and Society</b> on <b>Edrian T. Escototo (Student)</b>', '03:02:49', '2022-04-13'),
(1153, '22-2021-355', 'Loaded subject <b>INTE 1006: System Administration and Maintenance 1</b> on <b>Edrian T. Escototo (Student)</b>', '03:02:49', '2022-04-13'),
(1154, '22-2021-355', 'Loaded subject <b>GEDC 1012: Purposive Communication</b> on <b>Edrian T. Escototo (Student)</b>', '03:02:49', '2022-04-13'),
(1155, '22-2021-355', 'Loaded subject <b>NSTP 1010: National Service Training Program 2</b> on <b>Edrian T. Escototo (Student)</b>', '03:02:49', '2022-04-13'),
(1156, '22-2021-355', 'Loaded subject <b>GEDC 1010: Art Appreciation</b> on <b>Edrian T. Escototo (Student)</b>', '03:02:49', '2022-04-13'),
(1157, '22-2021-355', 'Loaded subject <b>CITE 1006: Computer Programming 2</b> on <b>Edrian T. Escototo (Student)</b>', '03:02:49', '2022-04-13'),
(1158, '22-2021-355', 'Loaded subject <b>GEDC 1011: Filipino 2: Introduksyon sa Pamamahayag</b> on <b>Edrian T. Escototo (Student)</b>', '03:02:49', '2022-04-13'),
(1159, '22-2021-355', 'Loaded subject <b>PHED 1002: Physical Education 2 (Rhythmic Dancing)</b> on <b>Chris C. Evans (Student)</b>', '03:03:08', '2022-04-13'),
(1160, '22-2021-355', 'Loaded subject <b>COSC 1002: Discrete Structures 1 (Discrete Mathematics)</b> on <b>Chris C. Evans (Student)</b>', '03:03:08', '2022-04-13'),
(1161, '22-2021-355', 'Loaded subject <b>GEDC 1013: Science, Technology and Society</b> on <b>Chris C. Evans (Student)</b>', '03:03:08', '2022-04-13'),
(1162, '22-2021-355', 'Loaded subject <b>INTE 1006: System Administration and Maintenance 1</b> on <b>Chris C. Evans (Student)</b>', '03:03:08', '2022-04-13'),
(1163, '22-2021-355', 'Loaded subject <b>GEDC 1012: Purposive Communication</b> on <b>Chris C. Evans (Student)</b>', '03:03:08', '2022-04-13'),
(1164, '22-2021-355', 'Loaded subject <b>NSTP 1010: National Service Training Program 2</b> on <b>Chris C. Evans (Student)</b>', '03:03:08', '2022-04-13'),
(1165, '22-2021-355', 'Loaded subject <b>GEDC 1010: Art Appreciation</b> on <b>Chris C. Evans (Student)</b>', '03:03:08', '2022-04-13'),
(1166, '22-2021-355', 'Loaded subject <b>CITE 1006: Computer Programming 2</b> on <b>Chris C. Evans (Student)</b>', '03:03:08', '2022-04-13'),
(1167, '22-2021-355', 'Loaded subject <b>GEDC 1011: Filipino 2: Introduksyon sa Pamamahayag</b> on <b>Chris C. Evans (Student)</b>', '03:03:08', '2022-04-13'),
(1168, '22-2021-355', 'Loaded subject <b>PHED 1002: Physical Education 2 (Rhythmic Dancing)</b> on <b>Jeron Y. Flores (Student)</b>', '03:03:24', '2022-04-13'),
(1169, '22-2021-355', 'Loaded subject <b>COSC 1002: Discrete Structures 1 (Discrete Mathematics)</b> on <b>Jeron Y. Flores (Student)</b>', '03:03:24', '2022-04-13'),
(1170, '22-2021-355', 'Loaded subject <b>GEDC 1013: Science, Technology and Society</b> on <b>Jeron Y. Flores (Student)</b>', '03:03:24', '2022-04-13'),
(1171, '22-2021-355', 'Loaded subject <b>INTE 1006: System Administration and Maintenance 1</b> on <b>Jeron Y. Flores (Student)</b>', '03:03:24', '2022-04-13'),
(1172, '22-2021-355', 'Loaded subject <b>GEDC 1012: Purposive Communication</b> on <b>Jeron Y. Flores (Student)</b>', '03:03:24', '2022-04-13'),
(1173, '22-2021-355', 'Loaded subject <b>NSTP 1010: National Service Training Program 2</b> on <b>Jeron Y. Flores (Student)</b>', '03:03:24', '2022-04-13'),
(1174, '22-2021-355', 'Loaded subject <b>GEDC 1010: Art Appreciation</b> on <b>Jeron Y. Flores (Student)</b>', '03:03:24', '2022-04-13'),
(1175, '22-2021-355', 'Loaded subject <b>CITE 1006: Computer Programming 2</b> on <b>Jeron Y. Flores (Student)</b>', '03:03:24', '2022-04-13'),
(1176, '22-2021-355', 'Loaded subject <b>GEDC 1011: Filipino 2: Introduksyon sa Pamamahayag</b> on <b>Jeron Y. Flores (Student)</b>', '03:03:24', '2022-04-13'),
(1177, '22-2021-355', 'Loaded subject <b>PHED 1002: Physical Education 2 (Rhythmic Dancing)</b> on <b>Christine S. Gamelon (Student)</b>', '03:03:43', '2022-04-13'),
(1178, '22-2021-355', 'Loaded subject <b>COSC 1002: Discrete Structures 1 (Discrete Mathematics)</b> on <b>Christine S. Gamelon (Student)</b>', '03:03:43', '2022-04-13'),
(1179, '22-2021-355', 'Loaded subject <b>GEDC 1013: Science, Technology and Society</b> on <b>Christine S. Gamelon (Student)</b>', '03:03:43', '2022-04-13'),
(1180, '22-2021-355', 'Loaded subject <b>INTE 1006: System Administration and Maintenance 1</b> on <b>Christine S. Gamelon (Student)</b>', '03:03:43', '2022-04-13'),
(1181, '22-2021-355', 'Loaded subject <b>GEDC 1012: Purposive Communication</b> on <b>Christine S. Gamelon (Student)</b>', '03:03:43', '2022-04-13'),
(1182, '22-2021-355', 'Loaded subject <b>NSTP 1010: National Service Training Program 2</b> on <b>Christine S. Gamelon (Student)</b>', '03:03:43', '2022-04-13'),
(1183, '22-2021-355', 'Loaded subject <b>GEDC 1010: Art Appreciation</b> on <b>Christine S. Gamelon (Student)</b>', '03:03:43', '2022-04-13'),
(1184, '22-2021-355', 'Loaded subject <b>CITE 1006: Computer Programming 2</b> on <b>Christine S. Gamelon (Student)</b>', '03:03:43', '2022-04-13'),
(1185, '22-2021-355', 'Loaded subject <b>GEDC 1011: Filipino 2: Introduksyon sa Pamamahayag</b> on <b>Christine S. Gamelon (Student)</b>', '03:03:43', '2022-04-13'),
(1186, '22-2021-355', 'Loaded subject <b>PHED 1002: Physical Education 2 (Rhythmic Dancing)</b> on <b>Werner G. Grapa (Student)</b>', '03:04:01', '2022-04-13'),
(1187, '22-2021-355', 'Loaded subject <b>COSC 1002: Discrete Structures 1 (Discrete Mathematics)</b> on <b>Werner G. Grapa (Student)</b>', '03:04:01', '2022-04-13'),
(1188, '22-2021-355', 'Loaded subject <b>GEDC 1013: Science, Technology and Society</b> on <b>Werner G. Grapa (Student)</b>', '03:04:01', '2022-04-13'),
(1189, '22-2021-355', 'Loaded subject <b>INTE 1006: System Administration and Maintenance 1</b> on <b>Werner G. Grapa (Student)</b>', '03:04:01', '2022-04-13'),
(1190, '22-2021-355', 'Loaded subject <b>GEDC 1012: Purposive Communication</b> on <b>Werner G. Grapa (Student)</b>', '03:04:01', '2022-04-13'),
(1191, '22-2021-355', 'Loaded subject <b>NSTP 1010: National Service Training Program 2</b> on <b>Werner G. Grapa (Student)</b>', '03:04:01', '2022-04-13'),
(1192, '22-2021-355', 'Loaded subject <b>GEDC 1010: Art Appreciation</b> on <b>Werner G. Grapa (Student)</b>', '03:04:01', '2022-04-13'),
(1193, '22-2021-355', 'Loaded subject <b>CITE 1006: Computer Programming 2</b> on <b>Werner G. Grapa (Student)</b>', '03:04:01', '2022-04-13'),
(1194, '22-2021-355', 'Loaded subject <b>GEDC 1011: Filipino 2: Introduksyon sa Pamamahayag</b> on <b>Werner G. Grapa (Student)</b>', '03:04:01', '2022-04-13'),
(1195, '22-2021-355', 'Deleted <b>Tony F. Hawk  (Student)</b> enrollment information on academic year <b>2018 - 2019 (2nd Semester)</b>', '03:27:44', '2022-04-13'),
(1196, '22-2021-269', 'Archived academic year <b>2019 - 2020 (2nd Semester)</b>', '20:48:30', '2022-04-22'),
(1197, '22-2021-269', 'Account has been updated', '11:06:34', '2022-05-04'),
(1198, '22-2021-269', 'Restored academic year <b>2019 - 2020 (2nd Semester)</b>', '23:09:37', '2022-05-11'),
(1199, '22-2021-269', 'Restored academic year <b>2020 - 2021 (2nd Semester)</b>', '23:09:52', '2022-05-11'),
(1200, '22-2021-355', 'Updated <b>Samson S Banihit (Student)</b> personal information', '23:15:03', '2022-05-11'),
(1201, '22-2021-269', 'Activated academic year <b>2018 - 2019 (1st Semester)</b>', '16:19:56', '2022-06-20'),
(1202, '22-2021-269', 'Added academic year <b>2026 - 2027 (1st Semester)</b>', '10:32:41', '2022-09-13'),
(1203, '22-2021-269', 'Activated academic year <b>2020 - 2021 (1st Semester)</b>', '10:32:50', '2022-09-13'),
(1204, '22-2021-269', 'Activated academic year <b>2018 - 2019 (1st Semester)</b>', '10:37:38', '2022-09-13'),
(1205, '22-2021-355', 'Loaded subject <b>TLLAC 130: Theories of Language and Language Acquisition</b> on <b>Vicky B. Abello (Student)</b>', '10:39:46', '2022-09-13'),
(1206, '22-2021-355', 'Loaded subject <b>NSTPCW 130: National Service Training Program</b> on <b>Vicky B. Abello (Student)</b>', '10:39:46', '2022-09-13'),
(1207, '22-2021-355', 'Loaded subject <b>FOETL 030: Foundation of English Teaching & Learning </b> on <b>Vicky B. Abello (Student)</b>', '10:39:46', '2022-09-13'),
(1208, '22-2021-355', 'Loaded subject <b>INLAS 030: Introduction to the English Language System</b> on <b>Vicky B. Abello (Student)</b>', '10:39:46', '2022-09-13'),
(1209, '22-2021-355', 'Loaded subject <b>USELF 030: Understanding the Self</b> on <b>Vicky B. Abello (Student)</b>', '10:39:46', '2022-09-13'),
(1210, '22-2021-355', 'Loaded subject <b>ETHCS 030: Ethics</b> on <b>Vicky B. Abello (Student)</b>', '10:39:46', '2022-09-13'),
(1211, '22-2021-355', 'Reset password back to default on <b>Dave G. Alucitain (Student)</b> account', '17:09:51', '2022-10-17'),
(1212, '22-2021-355', 'Archived <b>Filipino 1: Istruktura ng Wikang Filipino (GEDC 1004)</b> subject on <b>BSIT</b> course (<b>1st Year - 1st Semester</b>)', '17:15:36', '2022-10-17');

--
-- Indexes for dumped tables
--

--
-- Indexes for table `academic_year`
--
ALTER TABLE `academic_year`
  ADD PRIMARY KEY (`academic_id`);

--
-- Indexes for table `announcements`
--
ALTER TABLE `announcements`
  ADD PRIMARY KEY (`announcement_id`);

--
-- Indexes for table `faculty_account`
--
ALTER TABLE `faculty_account`
  ADD PRIMARY KEY (`account_user_id`);

--
-- Indexes for table `grades_report`
--
ALTER TABLE `grades_report`
  ADD PRIMARY KEY (`grades_report_id`),
  ADD KEY `student_id` (`student_id`),
  ADD KEY `enrollment_id` (`enrollment_id`),
  ADD KEY `academic_id` (`academic_id`),
  ADD KEY `program_id` (`program_id`),
  ADD KEY `subject_id` (`subject_id`);

--
-- Indexes for table `manage_curriculum`
--
ALTER TABLE `manage_curriculum`
  ADD PRIMARY KEY (`curriculum_id`),
  ADD KEY `department_id` (`department_id`),
  ADD KEY `program_id` (`program_id`);

--
-- Indexes for table `manage_department`
--
ALTER TABLE `manage_department`
  ADD PRIMARY KEY (`department_id`);

--
-- Indexes for table `manage_enrollment`
--
ALTER TABLE `manage_enrollment`
  ADD PRIMARY KEY (`enrollment_id`),
  ADD KEY `student_id` (`student_id`),
  ADD KEY `academic_id` (`academic_id`,`curriculum_id`,`program_id`,`department_id`);

--
-- Indexes for table `manage_program`
--
ALTER TABLE `manage_program`
  ADD PRIMARY KEY (`program_id`),
  ADD KEY `department_id` (`department_id`);

--
-- Indexes for table `manage_subject`
--
ALTER TABLE `manage_subject`
  ADD PRIMARY KEY (`subject_id`),
  ADD KEY `department_id` (`department_id`),
  ADD KEY `program_id` (`program_id`),
  ADD KEY `curriculum_id` (`curriculum_id`);

--
-- Indexes for table `student_info`
--
ALTER TABLE `student_info`
  ADD PRIMARY KEY (`student_id`);

--
-- Indexes for table `student_subject_load`
--
ALTER TABLE `student_subject_load`
  ADD PRIMARY KEY (`student_subject_load_id`),
  ADD KEY `enrollment_id` (`enrollment_id`),
  ADD KEY `student_id` (`student_id`),
  ADD KEY `academic_id` (`academic_id`),
  ADD KEY `curriculum_id` (`curriculum_id`),
  ADD KEY `program_id` (`program_id`),
  ADD KEY `department_id` (`department_id`),
  ADD KEY `subject_id` (`subject_id`);

--
-- Indexes for table `teacher_subject_load`
--
ALTER TABLE `teacher_subject_load`
  ADD PRIMARY KEY (`subject_load_id`),
  ADD KEY `academic_id` (`academic_id`),
  ADD KEY `account_user_id` (`account_user_id`),
  ADD KEY `course_id` (`subject_id`),
  ADD KEY `curriculum_id` (`curriculum_id`),
  ADD KEY `program_id` (`program_id`),
  ADD KEY `department_id` (`department_id`),
  ADD KEY `day_initial` (`day_initial`);

--
-- Indexes for table `user_log`
--
ALTER TABLE `user_log`
  ADD PRIMARY KEY (`user_log_id`),
  ADD KEY `user_log_id` (`user_log_id`);

--
-- AUTO_INCREMENT for dumped tables
--

--
-- AUTO_INCREMENT for table `grades_report`
--
ALTER TABLE `grades_report`
  MODIFY `grades_report_id` int(50) NOT NULL AUTO_INCREMENT, AUTO_INCREMENT=2085;

--
-- AUTO_INCREMENT for table `student_subject_load`
--
ALTER TABLE `student_subject_load`
  MODIFY `student_subject_load_id` int(50) NOT NULL AUTO_INCREMENT, AUTO_INCREMENT=2018;

--
-- AUTO_INCREMENT for table `teacher_subject_load`
--
ALTER TABLE `teacher_subject_load`
  MODIFY `subject_load_id` int(10) NOT NULL AUTO_INCREMENT, AUTO_INCREMENT=999498;

--
-- AUTO_INCREMENT for table `user_log`
--
ALTER TABLE `user_log`
  MODIFY `user_log_id` int(50) NOT NULL AUTO_INCREMENT, AUTO_INCREMENT=1213;
COMMIT;

/*!40101 SET CHARACTER_SET_CLIENT=@OLD_CHARACTER_SET_CLIENT */;
/*!40101 SET CHARACTER_SET_RESULTS=@OLD_CHARACTER_SET_RESULTS */;
/*!40101 SET COLLATION_CONNECTION=@OLD_COLLATION_CONNECTION */;
